{"chunk_definitions":[{"row":16,"row_count":1,"visible":true,"expansion_state":0,"options":{"engine":"r","label":"unnamed-chunk-1"},"document_id":"DE905601","chunk_id":"cj1mmf3g2x3ym","chunk_label":"unnamed-chunk-1"},{"row":29,"row_count":1,"visible":true,"expansion_state":0,"options":{"engine":"r","label":"unnamed-chunk-2"},"document_id":"DE905601","chunk_id":"ckw1u5kus07ne","chunk_label":"unnamed-chunk-2"},{"row":39,"row_count":1,"visible":true,"expansion_state":0,"options":{"engine":"r","label":"unnamed-chunk-3"},"document_id":"DE905601","chunk_id":"cdv8p1hqokavs","chunk_label":"unnamed-chunk-3"},{"row":67,"row_count":1,"visible":true,"expansion_state":0,"options":{"engine":"r","label":"unnamed-chunk-7"},"document_id":"DE905601","chunk_id":"cq68311yl6y38","chunk_label":"unnamed-chunk-4"}],"doc_write_time":1719871120}