Sample	lat	long	replicates	controls	group1	group2	group3	group4	group5	group6	group7	group8	Depth	Altitude	rough_mi_offshore	hr_afterLD	CTDTEMP	CTDSAL	CTDOXY	DIC	TA	pH	Carbonate	Silicate	Phosphate	Nitrate	Nitrite	Ammonium	Methane	aragonite_sat	degLat	Chl_a	SYNECHOCOCCUS	EUK_PHYTOPLANKTON	LARGE_DIATOM	CRYPTOPHYTE	BACTERIA	BACTERIA_HNA	BACTERIA_LNA	mL_filt
Anacapa	33.993	-119.371	E856_E857_E858_E859	NA	Line16	day	undersat_arg_oversat_arg	benthic_pelagic_surface	upper100	waySouth	near	shelf	81.9_59.1_29.6_3.3	10.1_32.9_62.4_88.7	13	9.6_9.7_9.8	10.322_11.068_13.912_19.517	33.771_33.588_33.502_33.537	144.4_171.8_247.4_262.4	2151.6_2129.5_2052_1996.5	2235.1_2229.5_2233.3_2237.6	7.5864_7.6296_7.837_7.9665	81.11795174_86.7303874_136.533843_167.1096243	18.6_14.1_2.6_0.8	1.55_1.33_0.44_0.2	18_14.7_0.6_0	0.04_0.03_0.02	0.04_0.01	4.935_5.21_5.156_4.582	1.14430607_1.281028792_2.017005279_2.67417149	33.993	NA_1.1_0.9	NA	NA	NA	NA	NA	NA	NA	1000
B17	41.941_41.942	-124.602	E626_E627	NA	Line8	day	undersat_arg_oversat_arg	pelagic_surface	upper100	waySouth	offshore	shelf	99.2_3.6	337.8_433.4	17	6.7_7	8.196_11.561	33.946_33.298	114.3_254	2218_2055.5	2261_2236.1	7.4464_7.8329	60.94214489_130.3730327	39.6_9.4	2.24_0.98	29.3_8.9	0.31_0.44	0.04_0.2	11.093_5.797	0.857622996_2.000973697	41.941_41.942	NA_3	NA	NA	NA	NA	NA	NA	NA	1000
B26	41.899_41.898	-124.795_-124.796	E622_E623	NA	Line8	day	undersat_arg_oversat_arg	pelagic_surface	upper100	waySouth	offshore	shelf	99.4_4.2	597.6_692.8	26	4.4_4.7	8.27_11.796	33.787_33.132	159_263.9	2190.5_2069.1	2248.8_2220.8	7.5048_7.7744	68.65169747_114.093709	32.5_11.7	1.98_1.09	26.4_10.5	0.18_0.36	0.04_0.24	6.649_5.254	0.952775899_1.736926719	41.899_41.898	NA	NA	NA	NA	NA	NA	NA	NA	1000
B2_5	41.998	-124.283	E638_E639_E640	NA	Line8	day	oversat_arg	benthic_pelagic_surface	upper100	waySouth	near	shelf	26.1_10.4_3.1	9.9_25.6_32.9	2.5	13_13.1	10.144_12.893_13.249	33.447_33.331_33.31	247.7_368.6_375.6	2049.6_1998.2_1976.8	2252_2251.9_2250.5	7.8575_7.9829_8.0243	136.1401956_170.4718264_184.9268011	3.1_1.1_0.8	0.7_0.36_0.32	1.6_0	0.23_0.03	0.26_0.05_0.03	9.881_9.932_9.274	2.180469548_2.706174383_2.907401679	41.998	NA_18.5	4965_1055_828	3760_3510_2510	1640_922_673	10.7_10.2_8.63	2430000_2230000_2510000	1280000_1290000_1410000	735000_662000_819000	1000
B5	41.993	-124.327	E635_E636_E637	NA	Line8	day	undersat_arg_oversat_arg	benthic_pelagic_surface	upper100	waySouth	near	shelf	36.4_19.5_3.6	9.6_26.5_42.4	5	11.9_12.1	9.443_9.841_13.517	33.759_33.462_33.339	149.5_217.1_355.5	2183.2_2145.2_1948.3	2254.8_2240.7_2251.5	7.5372_7.6123_8.0748	73.85526177_83.84894603_196.4576601	29.3_19.2_0.6	1.98_1.55_0.24	19.8_16.4_0	0.54_0.59_0.03	3.83_1.44_0.04	17.746_10.781_8.441	1.068056864_1.25079548_3.19848794	41.993	NA_9.4_19.1	1795_5735_1110	2630_4830_6790	1120_1010_2840	7.62_0	1200000_1210000_2570000	709000_606000_1220000	289000_379000_969000	1000
B9	41.975	-124.416	E632_E633_E634	NA	Line8	day	undersat_arg_oversat_arg	benthic_pelagic_surface	upper100	waySouth	near	shelf	78.4_39.4_3.8	9.6_48.6_84.2	9	10.2_10.3_10.5	8.331_8.577_10.849	33.885_33.75_33.465	117.5_152_270.5	2212.7_2188.1_2066	2252.6_NA_2246.3	7.4475_7.4986_7.8252	61.59365865_67.72051678_125.1370943	40.5_31_12.4	2.19_1.98_1.08	27.5_25.8_9	0.36_0.29_0.46	0.54_0.15_0.36	29.787_13.231_9.857	0.840277997_NA_1.990761955	41.975	NA_8.7	468.5_778_10750	216_366_4080	149_68_858	0	733000_641000_2770000	508000_505000_1340000	120000_73000_1070000	1000
BS14	48.719_48.718	-125.677	E411_E412_E413	NA	Line2	day	undersat_arg_oversat_arg	benthic_pelagic_surface	deep_upper100	northBound	near	shelf	156.6_79_3.1	10.4_88_163.9	14	13.2_13.3_13.6	7.709_8.236_8.235_17.599_17.716_17.751	33.309_33.033_33.034_31.496_31.488_31.487	100.2_125.3_124.9_346.1_346.2	2219.4_2188.1_1880.1	2237.4_2226.5_2163.5	7.3744_7.4412_8.0813	51.4469261_58.08017187_194.361735	51.3_44.1_0.4	2.55_2.29_0.18	29.5_27.1_0	0.23_0.22_0.02	1.87_1.46_0.08	38.073_23.455_7.902	0.69536937_0.823368692_3.051104986	48.719_48.718	NA_1	1135_NA_809_10850	813_NA_536_2220	52.4_NA_64.7_328	0_NA_9.25	1120000_NA_1260000_5020000	876000_NA_796000_2740000	224000_NA_573000_2580000	1000
BS2	48.865	-125.425	E423_E424_E425	NA	Line2	day	undersat_arg_oversat_arg	benthic_pelagic_surface	upper100	northBound	near	shelf	43.5_20.5_3.3	10.5_33.5_50.7	2	0.7_0.8	9.224_9.83_16.577	32.359_32.195_29.785	148.2_187.7_346.3	2148_2117.1_1828.2	2205.5_2198.8_2072	7.5011_7.5684_8.0419	64.76379116_72.31976412_150.5299182	42.9_38.9_1.9	2.23_1.98_0.17	19.2_0	0.34_0.33_0.06	4.52_2.59_0.11	30.182_31.285_10.258	0.954676231_1.137430828_2.669807654	48.865	NA_6.1	432_NA_22000	921_NA_7830	247_NA_2330	0_NA	1730000_NA_10000000	1040000_NA_6100000	583000_NA_2770000	1000
BS20	48.658	-125.782	E408	NA	Line2	day	undersat_arg	benthic	upper100	northBound	offshore	shelf	56.7	10.3	20	11	8.334	32.905	127.9	2186.1	2220.2	7.4321	56.65955223	46.9	2.34	27.5	0.26	1.33	32.477	0.799742935	48.658	NA	NA	NA	NA	NA	NA	NA	NA	1000
BS32	48.537_48.536	-125.996	E404_E405_E406	NA	Line2	day	undersat_arg_oversat_arg	benthic_pelagic_surface	deep_upper100	northBound	offshore	shelf	114_59.3_3.4	10_64.7_120.6	32	9.2_9.3_9.5	7.131_7.874_16.756	33.641_32.899_31.726	73.2_126_290.5	2247.8_2186.6_1922.2	2251.3_2213.6_2154.9	7.3183_7.3995_7.9703	46.5864774_53.13741077_155.2343153	52.8_41.8_4.2	2.62_2.33_0.32	33_28.8_0	0.2_0.17_0.03	0.67_0.33_0.04	67.326_16.706_5.917	0.629579869_0.752493754_2.553305791	48.537_48.536	NA_1.3	NA	NA	NA	NA	NA	NA	NA	1000
BS43	48.433	-126.227	E396	NA	Line2	day	undersat_arg	benthic	deep	northBound	offshore	slope	586.1	10.9	43	6.9	4.782	34.168	22.6	2332.3	2323.1	7.2795	43.34529079	95.8	3.07	40.8	0.03	0.01	18.851	0.525773217	48.433	NA	NA	NA	NA	NA	NA	NA	NA	1000
BS48	48.356	-126.307	E392_E394_E395	NA	Line2	day	undersat_arg_oversat_arg	benthic_pelagic_surface	deep_upper100	northBound	offshore	slope	1275.1_99.4_4.2	9.9_1185.6_1280.8	48	4.2_5_5.2	3.044_7.54_14.842	34.468_33.207_31.71	22.3_189.8_275.6	2382.2_2146.5_1932.6	2385.6_2219.9_2144.8	7.3145_7.5448_7.9263	48.70169965_72.65470642_141.6098268	147.2_27.8_3.7	3.17_1.78_0.36	42.2_20.7_0	0.02_0.03	0.02	2.357_4.445_4.651	0.503521392_1.044297529_2.325934125	48.356	NA_0.3	NA	NA	NA	NA	NA	NA	NA	1000
BS6	48.81_48.811	-125.517	E418_E419	NA	Line2	night	undersat_arg_oversat_arg	pelagic_surface	upper100	northBound	near	shelf	50.3_50.7_3.5_3.4_3.2	61.7_61.3_108.5_108.6_108.8	6	5.4_5.7	8.423_8.404_16.063_16.123_16.126	32.745_32.756_31.021_31.015	136.5_380.7_380.8	2172.4_1827.5	2215.8_2125.6	7.4424_8.1103	57.40251867_188.3367524	47_0.6	2.29_0.16	27.9_0	0.25_0.02	0.63_0.06	23.021_10.514	0.857537617_3.195890731	48.81_48.811	NA_5.5	NA_494.5_24700	NA_960_11400	NA_118_1340	NA_0	NA_1980000_9290000	NA_1280000_5540000	NA_682000_2720000	1000
BS64	48.185	-126.596	E388	NA	Line2	day	undersat_arg	benthic	deep	northBound	offshore	plain	2467.9	10.1	64	0.4	1.777	34.636	75.1	2395.9	2436.6	7.4395	65.87606053	192.7	2.94	38.3	0.02	0.01	1.41	0.514300037	48.185	NA	NA	NA	NA	NA	NA	NA	NA	1000
C19	47.116	-124.645	E536_E537_E538_E539	NA	Line4	day	undersat_arg_oversat_arg	benthic_pelagic_surface	upper100	OCNMS	offshore	shelf	82.8_59.1_40.8_3.2	10.2_33.9_52.2_89.8	19	5_5.1_5.3	7.141_7.409_7.636_16.834	33.923_33.844_33.497_31.591	47.5_82.3_99.1_282.5	2278_2245.6_2219.2_1888.8	2266.8_2258.2_2234.1_2180.1	7.273_7.3485_7.3539_8.0916	NA	64_47.5_36.2_1	2.74_2.44_2.33_0.1	33.7_32.3_29.8_0	0.15_0.11_0.46	0.08_0.07_0.09	46.176_34.276_20.884_5.172	0.572341879_0.68583171_0.69387186_3.154363089	47.116	NA_0.6	5420_NA	695_NA	145_NA	0_NA	1240000_NA	872000_NA	203000_NA	1000
C26	47.113	-124.824	E532_E533_E534_E535	NA	Line4	day	undersat_arg_oversat_arg	benthic_pelagic_surface	deep_upper100	OCNMS	offshore	shelf	130.1_99.1_59.7_3.6	9.9_40.9_80.3_136.4	26	3_3.1_3.2_3.4	6.734_7.109_7.592_15.754	33.972_33.923_33.539_31.845	44.3_50.9_124.9_291	2282.6_2271.6_2199.4_1926.8	2277_2263.5_2235.7_2166.6	7.2801_7.2749_7.4301_7.9943	NA	67.2_56.9_36.4_3.8	2.81_2.69_2.15_0.28	34.9_27.8_0	0.37_0.09_0.25_0.12	0.07_0.24_0.14	55.814_19.98_7.117_4.863	0.591898632_0.582509279_0.811794847_2.611227417	47.113	NA_0.8	926_NA	808_NA	61.4_NA	0_NA	1210000_NA	875000_NA	174000_NA	1000
C2_5	47.115_47.114	-124.247	E543_E544_E545	NA	Line4	day	oversat_arg	benthic_pelagic_surface	upper100	OCNMS	near	shelf	17.4_10.3_3.8	9.6_16.7_23.2	2.5	8.4_8.5	14.855_16.847_17.025	31.377_28.428_27.743	283_337_311.8	1928.5_1777.6_1707.5	2139.7_2049.8_2013.4	7.9747_8.1202_8.1993	NA	1.6_0.6_0.4	0.23_0.06_0.08	0	0.14_0.13	0.44_0.09_0.1	15.441_14.668_16.781	2.310980466_2.975764296_3.340159488	47.115_47.114	3.1_NA_8.8	39700_28550_21800	2680_3000_4970	665_1790_3410	0_11.3	3980000_2770000_2060000	2100000_1580000_1010000	1080000_826000_759000	1000
C32	47.115	-124.982	E528_E529_E531	NA	Line4	day	undersat_arg_oversat_arg	benthic_pelagic_surface	deep_upper100	OCNMS	offshore	slope	391.6_298.4_3.6	11.4_104.6_399.4	32	1_1.1_1.7	6.161_6.594_16.213	34.028_33.992_31.557	58.8_65.9_279.8	2279.1_2266.6_1905.7	2285.7_2277.2_2157.2	7.3322_7.3389_8.0253	NA	66_60.4_3.1	2.73_2.64_0.21	36.5_34.8_0	0.09_0.1_0.11	0.07_0.08_0.11	9.247_12.396_4.684	0.613153462_0.644068078_2.736121205	47.115	NA_0.9	NA	NA	NA	NA	NA	NA	NA	1000
C35	47.116	-125.054	E524	NA	Line4	night	undersat_arg	benthic	deep	offshoreW	offshore	slope	1077	12	35	6.8	3.558	34.408	18	2371.7	2370.6	7.3099	NA	131.1	3.25	43.6	0	0.02	6.49	0.507499741	47.116	NA	NA	NA	NA	NA	NA	NA	NA	1000
C41	47.116_47.115	-125.197_-125.198	E520_E522_E523	NA	Line4	night	undersat_arg_oversat_arg	benthic_pelagic_surface	deep_upper100	offshoreW	offshore	slope	1548_99.4_99.8_3.8_4_3.9	10_1458.6_1458.2_1554.2_1554_1554.1	41	1.3_2.1_2.4	2.559_7.645_7.655_15.921_15.924	34.53_33.582_33.577_31.808_31.807	37.8_149.2_149.7_273.4_272	2389.6_2184.2_1935.1	2401.5_2239.3_2152.8	7.3506_7.4889_7.9548	NA	158.8_33.4_2.5	3.16_2.01_0.35	43_26.2_0	0_0.01	0.05_0.03	3.165_1.042_3.733	0.50611351_0.924690657_2.393392978	47.116_47.115	NA_0.4	NA	NA	NA	NA	NA	NA	NA	1000
C77	47.118	-126.087	E516	NA	Line4	day	undersat_arg	benthic	deep	offshoreW	offshore	plain	2471.9	10.1	77	10.8	1.762	34.637	76.6	2391.6	2437.5	7.4456	NA	192.2	3	39.6	0.04	0.04	1.671	0.533394261	47.118	NA	NA	NA	NA	NA	NA	NA	NA	1000
C8	47.118	-124.382_-124.381	E540_E541_E542	NA	Line4	day	undersat_arg_oversat_arg	benthic_pelagic_surface	upper100	OCNMS	near	shelf	40.5_20_4.2	9.5_30_45.8	8	7.1_7.2_7.3	7.456_11.838_16.831	33.718_32.276_27.149	45.2_230.5_330.1	2269.6_2067.2_1705.7	2250.5_2196.2_1986.8	7.2372_7.7166_8.172	NA	60.1_8.7_0.7	2.73_0.82_0.1	32.2_3.8_0	0.3_0.32_0.13	0.08_1.81_0.09	35.233_35.72_15.687	0.541233979_1.538326168_3.093971417	47.118	3.3_NA	13150_175500_35300	2150_6340_7190	458_561_3010	0_105	2470000_7630000_2780000	1730000_4480000_1340000	475000_2250000_891000	1000
CB06	43.301	-124.502_-124.503	E607_E609	NA	Line0	day	undersat_arg_oversat_arg	benthic_surface	upper100	waySouth	near	shelf	80.1_3.6	9.9_86.4	5	4.9_5.2	8.006_12.224	33.932_33.196	106.7_250.7	2248.6_2098.8	2267.4_2232.7	7.368_7.7262	NA	48.9_24	2.57_1.32	30.5_13.9	0.48_0.34	2.67_0.11	25.577_8.503	0.721895873_1.591469624	43.301	NA	721_NA	448_NA	99.5_NA	0_NA	1760000_NA	1020000_NA	425000_NA	1000
CC73_3_50	35.631_35.632	-121.292	E773_E774_E775	NA	Line14	day	undersat_arg_oversat_arg	benthic_pelagic_surface	upper100	waySouth	near	shelf	77.9_39.4_3.4	10.1_48.6_84.6	2.5	3.8_3.9_4.1	10.794_11.899_13.964	33.81_33.723_33.671	136.6_173.9_244.8	2167.4_2133.5_2065.7	2240.6_2237.1_2242.3	7.5537_7.6445_7.8351	75.00990784_90.72551626_132.018749	22.2_15.9_8	1.71_1.36_0.65	20.1_14.7_4.9	0.18_0.42_0.29	0.01_0.15_0.23	27.504_35.517_31.645	1.075712045_1.323153936_1.985687453	35.631_35.632	NA_4.7	NA	NA	NA	NA	NA	NA	NA	1000
CC73_3_55	35.476_35.475	-121.613_-121.614	E780_E781	NA	Line14	day	undersat_arg_oversat_arg	pelagic_surface	upper100	waySouth	offshore	slope	99.7_3.7	891.3_987.3	20	6.9_7.2	9.997_14.332	33.915_33.684	111.6_241.5	2188.7_2059.2	2247.4_2240.6	7.4992_7.8478	68.06129247_138.7022235	25.9_5.7	1.94_0.56	23.4_4.3	0.01_0.22	0_0.45	14.969_34.364	0.966667971_2.033589142	35.476_35.475	NA_3.7	NA	NA	NA	NA	NA	NA	NA	1000
CC73_3_60	35.31_35.309	-121.964_-121.965	E784_E785	NA	Line14	day	undersat_arg_oversat_arg	pelagic_surface	upper100	waySouth	offshore	slope	99.7_4.5	2370.3_2465.5	45	11.2_11.5	9.681_15.395	33.964_33.63	105.9_258.2	2198.5_2037.9	2250.6_2240.5	7.4811_7.8844	65.78073606_149.0452467	29_4.1	2.11_0.55	25.2_1.5	0.06_0.1	0.03_0.22	4.277_16.272	0.921747994_2.242891314	35.31_35.309	NA_1.1	NA	NA	NA	NA	NA	NA	NA	1000
CC73_3_70	34.974_34.975	-122.668	E788_E789	NA	Line14	night	oversat_arg	surface_pelagic	upper100	waySouth	offshore	plain	3.2_3.4_2.8_30.4	4049.8_4049.6_4050.2_4022.6	92	4.5_4.4	15.055_15.054_15.052_14.933	33.658_33.659_33.691	261.8_256.4	2057.6_2074.6	2248.3_2245.3	7.8615_7.8223	144.2013983_133.0755139	2_3.2	0.78_0.91	5.5_7.1	0.22_0.28	0.49_1.01	5.925_5.58_7.26	2.131234404_1.934934138	34.974_34.975	0.6_NA	NA	NA	NA	NA	NA	NA	NA	1000
CC73_3_80	34.642	-123.369	E792	NA	Line14	day	oversat_arg	surface	upper100	waySouth	offshore	plain	3.7	4138.3	140	5.9	14.148	32.825	261.9	2016.7	2204.3	7.8632	135.889054	1.7	0.59	1.9	0.11	0.24	3.328	2.087939978	34.642	0.4	NA	NA	NA	NA	NA	NA	NA	1000
CC80_50_5	34.471	-120.492	E824_E825	NA	Line15	day	oversat_arg	benthic_pelagic	upper100	waySouth	near	shelf	22.1_14.5	9.9_17.5	1	4.1_4.2	13.893_14.469	33.569_33.573	226.9_237.1	2058.4_2060.1	2231.9_2234.2	7.8297_7.8309	132.2039832_131.3456029	5.3_5.4	0.66_0.67	3.4_3.3	0.22	0.37_0.39	566.671_579.367	1.947100584_1.962971228	34.471	NA_3.6	NA	NA	NA	NA	NA	NA	NA	1000
CC80_51	34.448	-120.523_-120.524	E811_E812_E813_E814	NA	Line15	night	undersat_arg_oversat_arg	benthic_pelagic_surface	upper100	waySouth	near	shelf	66.2_66.4_66.3_60.1_40.5_40.6_40.7_3.2_3.3	9.8_9.6_9.7_15.9_35.5_35.4_35.3_72.8_72.7	3	8_8.1_8.3	10.568_10.567_10.563_10.779_10.772_15.359_15.336_15.338	33.762_33.763_33.727_33.729_33.585_33.586	143_142.7_142.5_147.7_259.2	2157.4_2156.5_2151.4_2024.6	2233.4_2232.5_2230.8_2236.4	7.5695_7.5667_7.5823_7.9164	78.60678819_77.88180901_82.95946023_156.7539705	20.2_20.5_19.1_2.4	1.64_1.66_1.59_0.4	19_19.1_18.2_0.6	0.1_0.11_0.12_0.08	0.03_0.04_0.08	102.809_103.578_110.594_121.554_298.271	1.094108518_1.095020276_1.125370991_2.328508343_2.328181478_2.328127839	34.448	NA_5	NA	NA	NA	NA	NA	NA	NA	1000
CC80_52	34.412	-120.579	E822_E823	NA	Line15	day	undersat_arg_oversat_arg	pelagic_surface	upper100	waySouth	near	slope	99_3.3	159_254.7	7	2.1_2.5	10.398_14.399	33.79_33.576	137.9_239.4	2164.4_2048.7	2235.9_2236.7	7.5523_7.8526	76.65736406_136.6216101	21.5_4.4	1.7_0.59	19.9_2.4	0.05_0.19	0.04_0.21	51.588_371.677	1.054820258_2.094457463	34.412	NA_5.4	NA	NA	NA	NA	NA	NA	NA	1000
CC80_54	34.375	-120.663	E819	NA	Line15	day	oversat_arg	surface	upper100	waySouth	near	slope	3.3	457.7	13	0.6	14.523	33.587	251.1	2045	2234.9	7.873	139.7689212	3.6	0.51	1.7	0.1	0.16	167.395	2.112603706	34.375	6.9	NA	NA	NA	NA	NA	NA	NA	1000
CC80_57	34.209	-121.024	E804_E805	NA	Line15	day	undersat_arg_oversat_arg	pelagic_surface	upper100	waySouth	offshore	slope	99.9_4.3	917.1_1012.7	36	11.6_11.8	9.723_15.466	33.95_33.602	114.1_265.4	2189.8_1995.4	2244_2238	7.5028_7.9749	70.10454223_172.9964869	27.1_0.9	1.92_0.24	23.8_0	0.04_0.03	0.02	34.782_45.842	0.933647803_2.623243442	34.209	NA_8	NA	NA	NA	NA	NA	NA	NA	1000
CC80_60	34.151	-121.152	E800_E801	NA	Line15	day	undersat_arg_oversat_arg	pelagic_surface	upper100	waySouth	offshore	plain	98.4_3.9	2089.6_2184.1	44	9_9.3	9.656_15.813	33.915_33.533	123.9_257.6	2185.8_2028.9	2238.5_2235.3	7.5187_7.9081	72.94117116_157.725905	26.5_2.6	1.88_0.47	23.6_0.1	0.03_0.04	0.02_0.06	NA_4.212	0.921301936_2.284208206	34.151	NA_2	NA	NA	NA	NA	NA	NA	NA	1000
CC80_70	33.817_33.816	-121.844_-121.846	E400_E798	NA	Line15	day	undersat_arg_oversat_arg	benthic_surface	deep_upper100	waySouth	offshore	plain	3617_3.3	10_3623.7	90	1.4_3.3	1.546_15.115	34.673_33.501	127.8_260.1	2353.3_2042.5	2454.1_2229	7.5364_7.8749	73.4734413_143.4760539	171.1_1.3	2.77_0.58	37.5_3.6	0.03_0.19	0.04_0.36	1.123_NA	0.60581179_2.087379923	33.817_33.816	NA_0.5	NA	NA	NA	NA	NA	NA	NA	1000
CC90_27_7	33.491	-117.751	E875_E876	NA	Line17	day	oversat_arg	benthic_surface	upper100	waySouth	near	shelf	31.5_3.1	10.5_38.9	0.5	1.8_2	12.606_21.343	33.514_33.529	206.5_273.6	2099.3_1986.1	2244_2243.1	7.7485_7.9934	111.1724287_178.4843915	7.6_0.4	0.93_0.22	6.8_0	0.5_0.01	2.02_0.06	26.563_41.782	1.680256663_2.863882674	33.491	NA_1.5	NA	NA	NA	NA	NA	NA	NA	1000
CC90_28	33.484	-117.768	E872_E873_E874	NA	Line17	night	oversat_arg	benthic_pelagic_surface	upper100	waySouth	near	shelf	53.4_53.3_53.2_26.3_26.2_3_3.1_3.2	9.6_9.7_9.8_36.7_36.8_60_59.9_59.8	2	5.1_5.2_5.3	10.909_10.91_13.671_13.67_21.479_21.482	33.655_33.656_33.42_33.419_33.529	159.3_251.7_264.4	2140.3_2056.6_1984.3	2233.9_2230.7_2242.3	7.6053_7.8256_7.9989	85.58482991_NA_130.8922515_175.9117046	15.4_3.6_0.8	1.42_0.59_0.22	16.4_2.2_0	0.08_0.12_0.01	0.05_0.4	9.089_7.852_12.184_25.377_40.412	1.232457412_1.95094867_2.8756482	33.484	NA_1.4_1	NA	NA	NA	NA	NA	NA	NA	1000
CC90_30	33.417	-117.905	E880_E881	NA	Line17	day	undersat_arg_oversat_arg	pelagic_surface	upper100	waySouth	near	slope	98.5_3.2	514.5_609.8	11	4.5_4.9	10.332_21.647	33.873_33.565	131.7_247.7	2169.2_1992.7	2246_2241.2	7.5543_7.9792	76.79496115_174.0880218	21.6_0.5	1.71_0.2	20.3_0	0.01_0	0.04	3.642_3.742	1.095221084_2.782924935	33.417	NA	NA	NA	NA	NA	NA	NA	NA	1000
CC90_35	33.251	-118.249	E885_E886	NA	Line17	day	oversat_arg	pelagic_surface	upper100	waySouth	offshore	slope	99.5_99.7_4.2_4.4	225.5_225.3_320.8_320.6	34	12.5_12.7	11.123_11.115_20.691_20.688_20.687	33.607_33.61_33.47_33.471	170.7_240	2133.6_2012	2227.4_2231.6	7.6256_7.9376	88.81055222_162.1437885	13.7_0.7	1.35_0.27	15.5_0	0.01_0	0.03	4.277_3.542_3.596	1.222978867_2.481604897	33.251	NA_0.3	NA	NA	NA	NA	NA	NA	NA	1000
CC90_37	33.182	-118.387	E892	NA	Line17	night	oversat_arg	surface	upper100	waySouth	offshore	slope	3.7	1172.3	43	6.7	20.722	33.503	237.6	2014	2233.1	7.9362	164.1201426	0.8	0.24	0	0.02	0.05	3.356	2.477295057	33.182	0.3	NA	NA	NA	NA	NA	NA	NA	1000
CC90_49	32.81	-119.151	E895_E896	NA	Line17	day	undersat_arg_oversat_arg	pelagic_surface	upper100	waySouth	offshore	slope	99.1_3.6	730.9_826.4	95	6.5_6.8	9.541_18.827	33.964_33.802	103.9_246.7	2201.6_2026.5	2250.2_2251	7.4751_7.9549	66.06650658_160.8064762	29.9_0.1	2.01_0.24	25.6_0	0.05_0.02	0.04_0.08	4.339_3.813	0.897960742_2.50054845	32.81	NA_0.3	NA	NA	NA	NA	NA	NA	NA	1000
CC90_53	32.65	-119.483	E901	NA	Line17	day	oversat_arg	surface	upper100	waySouth	offshore	slope	3.6	1317.4	117	14	18.861	33.635	244.4	2019.1	2241.9	7.9381	160.8186078	1	0.25	0	0.02	0.03	5.073	2.484436907	32.65	0.3	NA	NA	NA	NA	NA	NA	NA	1000
CC90_60	32.418_32.417	-119.96	E903_E904	NA	Line17	night	undersat_arg_oversat_arg	pelagic_surface	upper100	waySouth	offshore	slope	99.2_4.7_3.7_4.2	792.8_887.3_888.3_887.8	150	7.6_7.9	10.359_17.101_17.098	33.581_33.603	178_255.9	2135.7_2021.1	2222.6_2240.5	7.6128_7.929	84.17268255_160.3489956	15.7_0.7	1.45_0.28	17.7_0.1	0.03_0.04	0.03_0.07	7.871_3.883_4.052	1.162851664_2.425532988	32.418_32.417	NA_0.8	NA	NA	NA	NA	NA	NA	NA	1000
CC90_70	32.084	-120.639	E907	NA	Line17	day	oversat_arg	surface	upper100	waySouth	offshore	plain	3.5	3807.5	195	12.8	16.336	33.478	256.2	2030.9	2231.7	7.9029	152.6882643	1.4	0.44	1.6	0.18	0.08	4.188	2.238011085	32.084	0.6	NA	NA	NA	NA	NA	NA	NA	1000
CCE2	34.316	-120.805	E809_E810	NA	Line15	night	undersat_arg_oversat_arg	pelagic_surface	upper100	waySouth	offshore	slope	99.7_99.5_3.4_3.5_3.9	729.3_729.5_825.6_825.5_825.1	22	0.2_0.5	9.883_9.884_15.009_15.011	33.908_33.907_33.601	120.1_282.4	2182.4_2012.2	2239.8_2239.2	7.5152_7.9354	65.46803349_197.5223946	26.1_1.7	1.9_0.33	22.8_0.1	0.03	0.07_0.09	23.734_24.824_11.051_11.627	0.954361336_2.468735295	34.316	NA	NA	NA	NA	NA	NA	NA	NA	1000
CM1	40.245	-124.385_-124.386	E658_E659_E660	NA	Line9	night	undersat_arg	benthic_pelagic	upper100	waySouth	near	shelf	45.9_46_25.5_25.4_5.3_5.2_5	10.1_10_30.5_30.6_50.7_50.8_51	1	6.5_6.7	8.179_8.178_8.511_8.563_8.613_9.071_9.054_9.083	34.046_34.02_34.014_34.011_33.978_33.98_33.977	84.9_106.3_150.9_157.1_202.7	2250.9_2239_2221.5	2272.4_2270.2_2267.6	7.3881_7.4075_7.4479	54.30768841_56.25653307_61.41121364	46.9_43.9_39.8	2.52_2.46_2.38	30.8_29.6_27.4	0.32_0.36_0.41	0.96_1.4_2.21	8.153_14.2_48.448	0.744311073_0.80396588_0.901827673	40.245	NA_0.3	NA	NA	NA	NA	NA	NA	NA	1000
CM20	40.1	-124.716_-124.717	E653_E654	NA	Line9	day	undersat_arg_oversat_arg	pelagic_surface	upper100	waySouth	offshore	slope	99.4_4	835.6_931	20	11.7_12	8.934_14.243	33.728_32.748	169_270.2	2182.5_2015.9	2244.9_2200.6	7.5146_7.8575	71.00737476_135.9689885	28.6_2.9	1.94_0.65	25.5_3.1	0.05_0.14	0.01_0.07	8.787_3.743	0.983769547_2.061926462	40.1	NA_0.7	NA	NA	NA	NA	NA	NA	NA	1000
CM3	40.234	-124.412_-124.413_-124.414	E655_E656_E657	NA	Line9	night	undersat_arg	benthic_pelagic	upper100	waySouth	near	shelf	86.4_30_5.2	9.6_66_90.8	3	4.8_5_5.1	8.373_8.983_9.029	34.041_33.986_33.983	91.8_146.3_142.2	2241.9_2224.6_2221.9	2268.6_2232.1_2267.1	7.4_7.445_7.4509	56.1945611_61.11027183_61.14157028	43.4_39.3_38.7	2.48_2.37_2.36	30_27.4_27.2	0.31_0.4_0.41	1.01_2.12_2.15	9.071_35.378_40.011	0.76696704_0.664492635_0.8954952	40.234	NA_0.3	NA	NA	NA	NA	NA	NA	NA	1000
CM30	40.003	-124.938	E649_E650	NA	Line9	day	oversat_arg	pelagic_surface	upper100	waySouth	offshore	slope	99.3_4.2	1383.7_1478.8	30	9.3_9.5	9.986_13.376	33.51_32.741	214.7_269.5	2139.2_2024.6	2237.5_2199.9	7.6177_7.8315	85.02287915_128.3329997	17.4_4.3	1.62_0.76	18.4_4.7	0.6_0.19	1_0.24	6.114_3.976	1.252850871_1.964916752	40.003	NA_0.4	NA	NA	NA	NA	NA	NA	NA	1000
CM5	40.219_40.217	-124.45_-124.458	E661_E663	NA	Line9	night_day	undersat_arg	benthic_surface	deep_upper100	waySouth	near	shelf	118.2_4.9	9.8_123.1	5	9_0.3	7.957_9.316	34.062_33.943	77.3_158.2	2255.8_2213.3	2273.5_2263.2	7.377_7.4799	53.68480445_64.73830557	49.2_35.1	2.57_2.24	31.9_25.6	0.29_0.44	0.55_2.35	17.174_53.683	0.71212598_0.926686509	40.219_40.217	NA	NA	NA	NA	NA	NA	NA	NA	1000
CM7	40.203_40.202	-124.493_-124.496	E666_E667	NA	Line9	day	undersat_arg	pelagic	deep_upper100	waySouth	near	shelf	100.2_5.3	220.8_315.7	7	1.8_2.1	8.92_9.109	33.984_33.959	133.4_144.4	2224.6_2216.8	2260.9_2264.6	7.439_7.4628	60.65872693_64.56372074	39_36.6	2.36_2.27	27.5_26.5	0.41	1.91_1.95	37.021_42.805	0.821519442_0.911963186	40.203_40.202	NA	NA	NA	NA	NA	NA	NA	NA	1000
CMAP_CO2_Buoy	37.892	-122.441_-122.442	E707_E709	NA	Line12	day	oversat_arg	benthic_surface	upper100	waySouth	near	bay	18.3_3.4	9.7_24.6	0	5.9_6	18.228_18.878	31.318_30.402	215.1_214.1	2165.6_2161.6	2294.8_2291.2	7.7134_7.709	NA_93.75180654	48.1_51.1	3.2_3.37	16.5_17.3	1.18_1.2	7.8_7.28	44.941_44.214	1.66287188_1.689576671	37.892	NA_6.6	NA	NA	NA	NA	NA	NA	NA	750_1000
CR0	46.243_46.245	-124.118_-124.119	E467_E469	NA	Line5	day	oversat_arg	benthic_surface	upper100	southBound	near	river	12.8_3.6	10.2_19.4	0	6_6.2	15.78_17.179	29.081_17.463	296.6_276.2	1816.5_1473.7	2038.3_1604.8	8.04_NA	136.4775248_NA	11.5_NA	0.21_NA	0_NA	0.16_NA	0.08_NA	18.44_98.407	2.436463131_1.385035111	46.243_46.245	6.9_10.3	NA	NA	NA	NA	NA	NA	NA	1000
CR1	46.252_46.251	-124.003	E470_E471	NA	Line5	day	oversat_arg_undersat_arg	surface_benthic	upper100	southBound	near	river	2.9_14.1	21.1_9.9	1	7.4_7.3	20.006_18.775	4.572_9.736	257.6_269.9	1106.1_1272.5	NA_1198	7.7342_7.8126	NA	121.7_143.1	0.67_0.6	5.3_5.6	0.29	2.01_1.6	96.661_101.507	NA_0.127096896	46.252_46.251	4.5_4.9	16850_NA	23300_NA	1980_NA	57.4_NA	4100000_NA	1700000_NA	1430000_NA	750
CR13	46.129	-124.269_-124.27	E486_E487_E488_E489_E490_E491	NA	Line5	day	undersat_arg_oversat_arg	benthic_pelagic_surface	upper100	southBound	near	shelf	87.7_78.2_51_32.6_10.8_3.3	10.3_19.8_47_65.4_87.2_94.7	13	14.9_15_15.1_15.2	7.339_7.337_7.618_7.861_13.095_15.448	33.924_33.662_33.18_31.814_30.059	60.7_60.8_88.1_132.2_263.4_288.8	2266.1_2263.5_2230_2188.2_1951.1_1877.9	2264.4_NA_2218.7_2173.2_2110.9	7.3073_7.309_7.3491_7.4179_7.9527_8.0076	44.58670897_44.01245588_48.39882735_55.63290812_154.937961_142.9735713	59.2_58.4_41.3_33.6_6.4_9.2	2.65_2.63_2.38_2.17_0.36_0.18	32.9_33_31_27.2_0.2_0	0.14_0.11_0.09_0.15_0.1	0.01_0.02	7.367_8.174_11.059_11.327_7.618_11.39	0.614098098_NA_0.778396955_2.404802224_2.556654099	46.129	NA_1.9_2.5	NA	NA	NA	NA	NA	NA	NA	1000
CR2	46.193	-123.914_-123.913	E472_E474	NA	Line5	day	oversat_arg	benthic_surface	upper100	southBound	near	river	10.6_2.8	10.4_18.2	2	9.8_10	20.082_20.877	5.311_2.752	272.2_273.7	1069_1054.7	NA	7.6363_7.6471	NA	149.1_152.5	0.53	4.9_4.8	0.3_0.32	1.24_1.13	193.64_232.657	NA	46.193	NA	NA_17450	NA_32400	NA_3590	NA_35.4	NA_4190000	NA_1600000	NA_1500000	1000
CR24	46.129_46.128	-124.526_-124.527	E492_E494_E495_E496_E497_E498	NA	Line5	night	undersat_arg_oversat_arg	benthic_pelagic_surface	deep_upper100	southBound	offshore	shelf	131_79.7_60.4_20.5_20.3_10.7_3.2	10_61.3_80.6_120.5_120.7_130.3_137.8	24	1_1.2_1.4_1.5	6.743_7.542_7.729_13.362_13.555_16.525_16.532_16.531	33.992_33.753_33.262_31.8_31.779_31.589_31.587_31.588	37_74.2_162.5_309.3_309.5_264.4_264.1	2288.7_2251_2167.5_NA_1923.7_1926.4	2275.9_2249.6_2221.7_2177.1_2162.6_2159.7	7.2632_7.3108_7.4879_NA_7.9885_7.9825	42.05407508_45.28888069_64.44123382_NA_157.9194702_159.1329421	66.7_45.9_29.8_NA_1.1_1	2.89_2.55_1.96_NA_0.26_0.3	35.7_32.7_24.4_NA_0	0.34_0.15_0.1_NA_0.07	0.01_0.14_NA	10.881_7.508_4.778_NA_3.193_3.563	0.560668111_0.612787792_0.921586894_NA_2.615791928_2.562827442	46.129_46.128	NA_2.3_0.5	NA_566_851.5	NA_131_191	NA_61_91.1	NA_17.4_0	NA_1020000_943000	NA_733000_605000	NA_176000_206000	1000_350
CR3	46.131	-124.031	E475_E476_E477_E478_E479	NA	Line5	day	oversat_arg	benthic_pelagic_surface	upper100	southBound	near	shelf	19.7_14_9.7_4.8_4.1	10.3_16_20.3_25.2_25.9	3	12.3_12.4	14.011_15.264_16.483_16.562_16.564	31.508_30.511_29.239_28.529_28.52	323.9_336.8_302.9_289.3_289.2	1904.1_1842.7_1820.3_1819.2_1818.3	2168.5_2122.6_2067.3_2053_2051.6	8.0395_8.0928_8.0695_8.0412_8.0382	172.1616372_186.90687_152.5776045_144.3792916_115.1100008	0.7_0.5_9.4_14.4_14.9	0.29_0.17_0.11_0.1	0	0.16_0.15	0.15_0.04_0.03	18.547_12.055_9.658_10.065_10.154	2.829170975_3.009886258_2.709382793_2.591866044_2.587383797	46.131	10.2_NA_2.2	30600_NA_227500_269000	2930_NA_11100	1170_NA_799_693	23.2_NA_9.41_0	1800000_NA_5010000_7780000	790000_NA_1880000_2980000	764000_NA_4110000_6260000	1000
CR30	46.128_46.127_46.126	-124.669_-124.67_-124.671_-124.672_-124.673	E499_E501_E502_E503_E504_E505	NA	Line5	night	undersat_arg_oversat_arg	benthic_pelagic_surface	deep_upper100	southBound	offshore	shelf	345.2_199.4_99.7_25.7_10.9_3.5	9.8_155.6_255.3_329.3_344.1_351.5	30	6.3_6.4_6.6_6.8_6.9	6.461_6.609_7.681_10.651_16.138_17.03	34.014_33.998_33.708_31.991_31.344_31.126	40.3_39.1_83.6_270.1_271.7_254.1	2291.1_2289.5_2236.2_2007.7_1941.8_1932.4	2280.9_2279.1_2246_2162.1_2145.1_2139.4	7.2815_7.2701_7.3467_7.8099_7.9264_7.9383	43.24387721_42.24564829_47.78504219_118.2045854_140.826885_145.3521876	67.9_65.7_44.2_9.1_1.9_1.2	2.91_2.9_2.42_0.86_0.35_0.29	36.3_36.5_30.9_4.4_0	0.48_0.38_0.09_0.37_0.08	0.07_0.01_0.39_0.02	30.996_26.73_11.987_5.508_3.776_3.291	0.546329388_0.562826392_0.663602322_1.736280136_2.262168716_2.315034945	46.128_46.127_46.126	NA_0.2	NA	NA	NA	NA	NA	NA	NA	1000
CR40	46.13_46.129	-124.909_-124.906	E458_E463_E464_E465_E466	NA	Line5	night	undersat_arg_oversat_arg	benthic_pelagic_surface	deep_upper100	southBound	offshore	slope	1288.1_100.7_45_10.4_3.1_3.3_3.8	9.9_1197.3_1253_1287.6_1294.9_1294.7_1294.2	40	6_6.7_6.8_7	3.04_8.057_9.553_16.268_16.271_16.272_16.273	34.481_33.067_32.295_31.961_31.96_31.959	25.4_201_304.4_255.4_255.1	2380.7_2124_2005.9_1966.9_1968.5	2386.7_2208.8_2169.7_NA_2161	7.3224_7.5852_7.8155_7.8888_7.8906	49.87872962_78.35115638_121.5014746_127.1442859_138.8078707	146.6_21.5_3.8_0.9	3.23_1.64_0.73_0.44_0.45	43.3_18.9_2_0	0.15_0.16_0.24_0.14	0.04_0.02_0.1_0.16_0.2	12.332_5.171_NA_3.288_3.368	0.512115668_1.127569073_1.80165414_NA_2.158111793	46.13_46.129	NA_0.2_0.9	NA	NA	NA	NA	NA	NA	NA	1000
CR50	46.128	-125.189	E506	NA	Line5	day	undersat_arg	benthic	deep	southBound	offshore	slope	1350.6	10.4	50	1.6	2.923	34.488	27.1	2384	2391.9	7.3244	50.79059462	149.3	3.22	43.5	0.04	0.05	3.778	0.513058281	46.128	NA	NA	NA	NA	NA	NA	NA	NA	1000
ChaBa	47.954	-124.907	E446_E447_E448	NA	Line0	night	undersat_arg_oversat_arg	benthic_pelagic_surface	upper100	OCNMS	near	shelf	77.1_76.2_76.5_10.8_3.3_2.9_3.1	9.9_10.8_10.5_76.2_83.7_84.1_83.9	12	5_5.3	7.326_7.347_7.338_15.44_15.477_15.449_15.506_15.502_15.496	33.725_33.719_33.722_31.775_31.772_31.77_31.771	75.7_278.5_278.2	2246.1_1940.5_1946.7_1930.9	2255.2_2165.3_2164.6_2162.2	7.3319_7.952_7.9703	47.36849361_153.2660669_159.2875546	53.7_6.7_5.7	2.56_0.4_0.33	31.7_0.3_0	0.26_0.05_0.03	0.96_0.19_0.13	263.747_32.6_32.597_32.216	0.664148655_2.459277985_2.392537378_2.524847999	47.954	1.3_NA_0.8	NA_1730_281500	NA_3270_16700	NA_321_459	NA_0_39.1	NA_1570000_6080000	NA_1080000_2870000	NA_317000_4840000	1000
GGTX1	37.658_37.657	-122.997	E725_E730	NA	Line12	night	undersat_arg_oversat_arg	benthic_surface	upper100	waySouth	offshore	shelf	79.6_4.7	10.4_85.3	28	0.2_0.5	9.466_11.843	33.963_33.772	85.3_302.7	2229.3_2060.4	2253.4_2259.2	7.3914_7.8689	54.27368486_144.3794604	45_3.6	2.58_0.97	28_10.7	0.14_0.42	0.02_0.3	10.891_5.181	0.755414351_2.170553827	37.658_37.657	NA_15.3	NA	NA	NA	NA	NA	NA	NA	1000
GGTX2	37.718	-122.815	E721_E724	NA	Line12	day	undersat_arg_oversat_arg	benthic_surface	upper100	waySouth	near	shelf	50.3_3.8	10.7_57.2	13	13_13.1	9.53_12.343	33.943_33.762	94.8_286.6	2225_2082.5	2254.7_2268.4	7.4042_7.8381	55.99733282_137.729701	43.8_5.3	2.51_1	27.3_11.8	0.37_0.52	0.06_0.14	10.124_7.15	0.792577675_2.061995945	37.718	NA_19.2	NA	NA	NA	NA	NA	NA	NA	1000
GGTX4	37.793_37.792	-122.562	E716_E718	NA	Line12	day	oversat_arg	benthic_surface	upper100	waySouth	near	shelf	18.2_4.1	9.8_23.9	3	9.8	12.564_14.625	33.655_33.301	180.6_218	2167.6_2148.9	2272.3_2282.4	7.6177_7.7035	89.98927508_103.858993	25.1_25.9	1.85_1.89	17.1_15.2	0.83_0.88	3.79_5.05	15.311_17.107	1.358046935_1.630950287	37.793_37.792	9.2_9.8	NA	NA	NA	NA	NA	NA	NA	1000
GGTX5	37.81	-122.516	E713_E715	NA	Line12	day	oversat_arg	benthic_surface	upper100	waySouth	near	shelf	31.6_3.4	10.4_38.6	0	8.7_8.8	15.009_15.916	33.224_32.956	223.9_219.3	2150.4_2158.2	2285.4_2289.7	7.7097_7.7108	103.4150143_105.961107	25.6_30.3	1.92_2.17	14.4_14.3	0.88_1.01	5.52_6.94	18.895_21.985	1.642623218_1.636128245	37.81	NA	NA	NA	NA	NA	NA	NA	NA	1000
HH10	44_43.999	-124.393_-124.394	E601_E602_E603	NA	Line7	night	undersat_arg_oversat_arg	benthic_pelagic_surface	deep_upper100	waySouth	near	shelf	108.1_50_4.1	9.9_68_113.9	10	7.5_7.7_8	7.394_7.601_12.379	33.992_33.833_32.572	54.8_78.2_280.5	2273.3_2243.9_2009.7	2270.2_2255.2_2203.8	7.3008_7.3482_7.9446	NA	56.4_46.8_5.6	2.78_2.49_0.63	33.7_32.8_3.5	0.53_0.12_0.19	1.33_0.06_0.37	24.758_14.173_5.822	0.607219686_0.680574316_2.132413875	44_43.999	NA_7.4	273_247.5_NA	182_117_NA	24.8_8.38_NA	0_NA	1300000_1070000_NA	966000_780000_NA	199000_172000_NA	1000
HH20	44.001	-124.6_-124.601	E598_E599_E600	NA	Line7	night	undersat_arg_oversat_arg	benthic_pelagic_surface	deep_upper100	waySouth	offshore	shelf	144.2_143.3_143.5_59.6_3.7_3.8	9.8_10.7_10.5_94.4_150.3_150.2	20	1.6_1.9_2.1	7.44_7.444_7.443_7.596_14.158	34.011_33.847_32.16_32.159	70.2_70.6_70.4_76.8_299.6_299.7	2265.1_2245.5_1934.3	2274.1_2257.8_2198.5	7.3365_7.3474_8.0205	NA	54_47.2_0.5	2.7_2.49_0.19	33.7_32.9_0.1	0.45_0.1_0.13	1.16_0.06_0.17	30.931_15.48_5.127	0.661192215_0.685178243_2.83446371	44.001	NA	NA	NA	NA	NA	NA	NA	NA	1000
HH29	44.001	-124.801	E594_E595_E596_E597	NA	Line7	day	undersat_arg_oversat_arg	benthic_pelagic_surface	deep_upper100	waySouth	offshore	shelf	100.5_80.2_50.5_3.4	10.5_30.8_60.5_107.6	29	14.9_15_15.2	7.459_7.552_8.065_13.199	33.87_33.812_33.234_32.076	70.9_81.5_158.5_310	2250.5_2243.2_2163.5_1948.2	2260.2_2256.4_2219.3_2189.2	7.3371_7.3543_7.4947_7.9936	NA	52.1_50_29.2_0.7	2.56_2.5_1.94_0.38	33.3_32.5_24.4_0.3	0.05_0.11_0.04	0.01_0.02_0.03	28.312_39.727_12.997_6.373	0.666362002_0.686195965_0.935536611_2.592712913	44.001	NA_14.9	NA	NA	NA	NA	NA	NA	NA	1000
HH3	44	-124.202_-124.203	E604_E605_E606	NA	Line7	day	undersat_arg	benthic_pelagic_surface	upper100	waySouth	near	shelf	44.9_20.3_3.6	10.1_34.7_51.4	3	0.8_0.9_1	7.605_7.901_10.54	33.868_33.629_32.953	54.6_97.4_212.8	2266.2_2227.2_2133.8	2258.1_2239.5_2209.8	7.2972_7.3622_7.5644	NA	56.3_40.2_34.7	2.72_2.38_1.86	32.4_31_20.1	0.57_0.26_0.45	0.77_0.04_1.35	15.904_20.548_16.783	0.590128411_0.686480704_1.103037547	44	NA_6.9	1155_1780_NA	1030_602_NA	169_98.9_NA	0_16.5_NA	1700000_1650000_NA	980000_1030000_NA	441000_483000_NA	1000
HH37	44	-125.001_-125.002	E588_E590_E592_E593	NA	Line7	day	undersat_arg_oversat_arg	benthic_pelagic_surface	deep_upper100	waySouth	offshore	slope	923.5_496.3_99.3_4.3	10.5_437.7_834.7_929.7	37	12.3_12.6_12.9_13.2	4.039_6.291_7.886_14.813	34.356_34.15_33.807_31.619	14.7_35.4_107.8_297	2363.1_2295.9_2223.1_1921.2	2357.8_2299.7_2253.2_2167	7.2927_7.3123_7.4101_8.0078	NA	120.2_71.9_40.8_1.1	3.28_2.96_2.29_0.28	43.6_38_30.2_0	0.03_0.07_0.06	0.02_0.01	3.776_16.223_10.224_4.427	0.508362565_0.592157977_0.77641944_2.662349527	44	NA_5.2	NA	NA	NA	NA	NA	NA	NA	1000
HH42	43.999	-125.105	E583	NA	Line7	day	undersat_arg	benthic	deep	waySouth	offshore	slope	1418	10	42	8.6	2.62	34.524	36.7	2389.3	2400.9	7.3472	NA	158	3.14	43.1	0.05	0.05	8.437	0.519768464	43.999	NA	NA	NA	NA	NA	NA	NA	NA	1000
JF20	48.361_48.362	-125.22	E427_E428_E429_E430	NA	Line3	day	undersat_arg_oversat_arg	benthic_pelagic_surface	deep_upper100	OCNMS	offshore	shelf	170.4_149.1_99.1_3.3	10.6_31.9_81.9_177.7	20	4.1_4.2_4.5	6.278_6.468_6.521_12.821	33.958_33.922_33.91_32.111	51.6_50.7_41_379	2282.2_2279.8_2288_1950.6	2279.7_NA_2210.1	7.2941_7.2855_7.2576_8.0096	45.22458568_43.95979118_40.74043879_175.0592586	64.8_63.7_66.3_8.4	2.81_2.79_2.9_0.45	35.8_36.3_2.3	0.2_0.14_0.08_0.13	0.21_0.04_0.55	35.885_24.042_22.653_15.36	0.59889189_NA_2.777531664	48.361_48.362	NA	NA	NA	NA	NA	NA	NA	NA	1000
JF23	48.131	-125.175_-125.174	E438_E440_E441	NA	Line3	day	undersat_arg_oversat_arg	benthic_pelagic_surface	deep_upper100	OCNMS	offshore	shelf	249.4_99.8_3	10.6_160.2_257	23	11_11.2_11.5	6.426_6.994_14.959	33.985_33.9_32.078	69.3_92.3_473.3	2263.5_2236.7_1790.2	2277.9_2265.5_2209.4	7.3433_7.3886_8.2812	49.28940129_51.940556_285.5527211	60.3_49.3_0.8	2.63_2.4_0.25	35.2_31.9_0	0.08_0.11_0.05	0.03_0.1	12.952_19.312_14.952	0.66859543_0.767403034_4.413479415	48.131	NA_16.2	NA	NA	NA	NA	NA	NA	NA	1000
JF2_5	48.37	-124.791	E435_E436_E437	NA	Line3	day	undersat_arg_oversat_arg	benthic_pelagic_surface	upper100	OCNMS	near	shelf	67.3_39.5_3.1	9.7_37.5_73.9	2.5	8.3_8.4_8.5	6.951_6.957_8.236	33.878_33.83_33.307	82.8_82.5_124.5	2246_2246.9_2203.9	2265.4_NA_2242	7.3547_7.354_7.4176	50.60788907_50.10349949_56.03865282	51.9_52.6_49.5	2.52_2.54_2.36	32.7_32.8_29.8	0.22_0.26	0.43_0.41_0.4	29.234_26.8_26.992	0.720115683_NA_0.839055538	48.37	NA_1.8	NA	NA	NA	NA	NA	NA	NA	1000
JF35	47.959_47.96_47.961	-125.333_-125.334	E442_E444_E445	NA	Line3	day	undersat_arg_oversat_arg	benthic_pelagic_surface	deep_upper100	OCNMS	offshore	shelf	492_99.8_3.4	11_403.2_499.6	35	14.4_14.8_15.2	5.433_7.547_14.443	34.07_33.744_31.533	42.6_133.3_374.5	2299.3_2200.1_1872.7	2299.6_2247_2175.9	7.3023_7.4583_8.0984	46.24393872_63.01018075_209.8019076	78.9_37.3_0.6	2.93_2.1_0.2	39_27.7_0	0.05_0.06	0.02_0.03	24.458_3.508_14.589	0.572432695_0.873407647_3.232193882	47.959_47.96_47.961	NA_8.7	NA	NA	NA	NA	NA	NA	NA	1000
JF54	47.68	-125.579_-125.577_-125.576	E451_E453_E454	NA	Line3	day	undersat_arg_oversat_arg	benthic_pelagic_surface	deep_upper100	offshoreW	offshore	slope	1232.8_99.4_3.8	10.2_1143.6_1239.2	54	4_4.6_5	3.268_7.623_16.546	34.452_33.051_31.893	19.4_200.1_259.9	2380_2133.8_1959.6	2379.4_2213.1_2158.2	7.312_7.5658_7.9	48.17089626_74.61412762_140.2447236	140.2_24.5_2.1	3.23_1.71_0.42	43.5_20.7_0	0.02_0.03_0.01	0.04_0.05	3.856_4.837_4.242	0.493220398_1.085900788_2.219907107	47.68	NA_0.2	NA	NA	NA	NA	NA	NA	NA	1000
JF9	48.37	-124.949_-124.95	E431_E432_E433_E434	NA	Line3	day	undersat_arg_oversat_arg	benthic_pelagic_surface	deep_upper100	OCNMS	near	shelf	108_99.2_49.8_3.4	10_18.8_68.2_114.6	9	6.5_6.7_6.9	6.61_6.622_7.738_13.103	33.868_33.863_33.012_31.715	55.5_56.4_132_335.5	2275.7_2273.5_2179.2_1957.2	2269.8_NA_2186.2	7.2924_7.2934_7.4228_7.9635	44.34218744_43.34501402_55.60924892_NA	61_60.9_38.5_15.5	2.75_2.2_0.72	35.7_27.3_5.3	0.08_0.05_0.21	0.03_0.54	25.432_25.329_14.227_16	0.590296179_NA_2.48324475	48.37	NA_4.3	NA	NA	NA	NA	NA	NA	NA	1000
Kalaloch	47.638	-124.487	E455	NA	Line0	day	oversat_arg	benthic	upper100	OCNMS	near	shelf	14	10	5	9.3	12.333	32.278	410.1	1849.6	2209.6	8.1863	238.7920743	0.3	0.08	0	0.03	0.1	12.879	3.761332959	47.638	5.1	16950	5240	1390	0	6110000	4150000	1520000	1000
La_Goleta	34.38	-119.85	E869_E870_E871	NA	LineNA	day	oversat_arg	surface_pelagic	upper100	waySouth	near	shelf	0_5.2	60.46_55.26	2	3.5_3.7_4.2	NA_16.07	NA_33.45	NA	NA	NA	8_NA	NA	NA	NA	NA	NA	NA	3216.58_492.68	NA	34.38	NA	NA	NA	NA	NA	NA	NA	NA	1000
ML1	36.809	-121.818	E758_E759_E760	NA	Line13	day	undersat_arg_oversat_arg	benthic_pelagic_surface	upper100	waySouth	near	shelf	31.7_14.9_3.5	10.3_27.1_38.5	1	11.8_11.9	10.547_10.872_14.89	33.916_33.889_33.837	131.1_145_282	2192.3_2186.3_2049.8	2258.3_2253_2257.8	7.5088_7.5281_7.8893	71.52042536_72.08556354_148.3357422	28.4_26.6_14.6	2_1.93_0.66	22.5_21.4_5.4	0.75_0.8_0.44	0.63_0.85_0.2	24.491_24.057_12.713	1.037955971_1.046994274_2.291114479	36.809	NA_5.7	NA	NA	NA	NA	NA	NA	NA	1000
ML11	36.736	-121.968	E768_E769_E770_E771_E772	NA	Line13	night	undersat_arg_oversat_arg	benthic_pelagic_surface	deep_upper100	waySouth	near	slope	110.9_99.7_20.2_10.3_3.1_3	10.1_21.3_100.8_110.7_117.9_118	11	0.7_1_1.1	10.051_10.119_11.595_13.836_14.161_14.16	33.923_33.915_33.854_33.822_33.838	113.6_116.3_180.2_263.9_280.5	2196.2_2192.5_2155.7_2121.1_2057.5	2249.9_2251.5_2251.4_2255.8_2262.3	7.4934_7.4963_7.5584_7.7147_7.879	69.74378349_67.46414871_85.69669093_105.6757725_145.7614419	26.9_26.7_20.1_15.8_14.5	1.96_1.95_1.58_0.94_0.78	23.9_18.7_10.3_7.8	0.02_0.03_0.69_0.47_0.4	0.01_0.28_0.21_0.16	19.98_20.582_21.336_18.276_12.429_12.158	0.932681149_0.970999801_1.267475973_1.613798815_2.254064727	36.736	NA_2.2_5.2	NA	NA	NA	NA	NA	NA	NA	1000
ML126	35.91	-123.931	E733	NA	Line13	day	oversat_arg	surface	upper100	waySouth	offshore	plain	4.3	3883.7	126	8.4	14.963	33.276	259.5	2038.5	2227.5	7.8628	136.9724594	2.2	0.65	4.9	0.17	0.25	3.776	2.112210775	35.91	0.5	NA	NA	NA	NA	NA	NA	NA	1000
ML3	36.795_36.794	-121.847	E756_E757	NA	Line13	day	undersat_arg_oversat_arg	pelagic_surface	upper100	waySouth	near	shelf	99_3.5	188_283.5	3	10_10.2	9.852_13.565	33.964_33.821	107.2_288.2	2212.7_2053.7	2255.5_2264.2	7.4608_7.8805	63.05288887_144.1169739	33_15.4	2.22_0.83	26_7.1	0.19_0.52	0.03_0.08	25.828_13.631	0.86578514_2.300589415	36.795_36.794	NA_12.1	NA	NA	NA	NA	NA	NA	NA	1000
ML38	36.619	-122.416	E746_E747_E748_E749	NA	Line13	day	undersat_arg_oversat_arg	pelagic_surface	upper100	waySouth	offshore	slope	98.5_9.5_3.6_19.9	2655.5_2744.5_2750.4_2734.1	38	4.1_4.5_4.4	9.572_13.15_13.32_13.085	33.992_33.781_33.784_33.791	95_257.8_256.9_254.7	2207.7_2091.2_2073_2097.7	2256_2254.7_2258.2_2254.5	7.464_7.7879_7.8313_7.7687	64.50786971_119.7760322_134.08_119.7916488	30.8_11.2_11.6_12.2	2.12_0.89_0.75_0.97	25.8_10.2_8.4_11	0.08_0.52_0.51_0.55	0.04_0.58_0.23_0.75	13.666_11.026_9.795_13.117	0.898526504_1.859671844_2.061685559_1.795691209	36.619	NA_10.4	NA	NA	NA	NA	NA	NA	NA	1000
ML5	36.783	-121.871	E761	NA	Line13	day	undersat_arg	benthic	deep	waySouth	near	shelf	133.7	10.3	5	13.4	9.881	33.96	107.2	2208.8	2256.5	7.466	64.69750002	31.7	2.17	25.6	0.12	0.02	24.491	0.890928999	36.783	NA	NA	NA	NA	NA	NA	NA	NA	1000
ML60	36.459	-122.783	E742	NA	Line13	night	oversat_arg	surface	upper100	waySouth	offshore	plain	3.7	2951.3	60	8.9	14.588	33.63	261.9	2056.6	2245	7.8492	123.1733282	3.9	0.69	6.9	0.28	0.37	4.966	2.103103891	36.459	0.8	NA	NA	NA	NA	NA	NA	NA	1000
ML8	36.758	-121.927	E750_E753	NA	Line13	day	undersat_arg_oversat_arg	benthic_surface	upper100	waySouth	near	shelf	99.4_3.7	10.6_106.3	8	8_8.3	9.719_13.609	33.976_33.832	102_244.9	2205.8_2069.7	2253.2_2267.3	7.4648_7.8465	62.87841493_139.2362237	30.9_15.6	2.11_0.89	25.4_8.9	0.16_0.56	0.03_0.11	18.076_13.398	0.892674373_2.182542125	36.758	NA_6.8	NA	NA	NA	NA	NA	NA	NA	1000
ML82	36.287	-123.133	E737	NA	Line13	night	oversat_arg	surface	upper100	waySouth	offshore	plain	4.6	3243.4	82	1.2	13.957	33.647	268.3	2065.3	2246	7.8299	132.4526485	6.5	0.76	8.3	0.33	0.18	7.123	2.024753225	36.287	2	NA	NA	NA	NA	NA	NA	NA	1000
NH1	44.652	-124.101	E579_E580_E581	NA	Line6	day	undersat_arg_oversat_arg	benthic_pelagic_surface	upper100	waySouth	near	shelf	25.1_10.8_3.7	9.9_24.2_31.3	1	1.1_1.2	8.996_11.035_11.227	33.615_33.331_33.293	117.9_221.4_227.8	2217.8_2144_2131.1	2252_2244.9_2242.8	7.42_7.6237_7.6579	56.62306475_85.58350834_92.78002841	39.8_23_20.6	2.32_1.62_1.48	24_14.8_12.9	0.54_0.42_0.39	3.01_2.23_1.98	12.044_9.69_8.992	0.819654854_1.308032449_1.398460637	44.652	4.9_NA_12.4	3130_NA	7200_NA	294_NA	7.94_NA	3620000_NA	2220000_NA	883000_NA	1000
NH10	44.652	-124.297_-124.298	E573_E574_E575	NA	Line6	night	undersat_arg_oversat_arg	benthic_pelagic_surface	upper100	waySouth	near	shelf	70.4_71.1_70.5_40.6_39.6_40.4_4_4.4	10.6_9.9_10.5_40.4_41.4_40.6_77_76.6	10	5.7_5.8_6	7.345_7.343_7.595_7.597_7.596_13.644_13.646	33.91_33.914_33.738_33.735_33.737_32.721	40.3_39.2_80.9_323.6	2280.7_2241.5_1971.6	2267.1_2249.3_2217.5	7.2555_7.3326_7.9876	40.5630478_47.43880807_168.4537342	64.9_46.1_2.7	2.84_2.46_0.32	34.1_32.4_0	0.08_0.09_0.04	0.05_0.07_0.12	12.114_10.822_5.343	0.564935014_0.662277854_2.64329956	44.652	NA_7.2	NA_657_1014_26700	NA_870_1450_3010	NA_60.9_180_602	NA_0_9.27	NA_1520000_1390000_2840000	NA_1010000_1050000_1880000	NA_311000_200000_739000	1000
NH25	44.653	-124.653_-124.654_-124.655	E569_E570_E571_E572	NA	Line6	day_night	undersat_arg_oversat_arg	benthic_pelagic_surface	deep_upper100	waySouth	offshore	slope	283.1_199.4_99.7_3.4	9.9_93.6_193.3_289.6	25	15_15.1_15.2_0.1	6.888_7.036_7.481_15.483	34.017_34.002_33.89_31.286	67.6_74.2_85.4_290.7	2261.6_2254.1_2238.7_1902	2273.9_2269.2_2255.4_2150.7	7.3511_7.3613_7.3673_8.0194	50.51941763_51.73674861_51.72980622_162.9320652	57.8_54.7_47.9_1.6	2.63_2.56_2.44_0.19	34.8_34.1_32.4_0	0.12_0.09_0.08	0.04_0.05	24.251_15.035_11.059_3.533	0.655147991_0.680063217_0.700768053_2.701539272	44.653	NA_1.2	NA	NA	NA	NA	NA	NA	NA	1000
NH30	44.651	-124.777	E565_E566_E567_E568	NA	Line6	day	undersat_arg_oversat_arg	benthic_pelagic_surface	deep_upper100	waySouth	offshore	slope	245.4_197.9_99.5_4.1	11.6_59.1_157.5_252.9	30	12.8_12.9_13_13.4	6.94_7.012_7.615_15.775	34.014_34.004_33.832_30.973	67.3_69.9_93.3_279.2	2263.9_2260.5_2234.5_1910.9	2272.2_2269.5_2252.1_2134	7.3463_7.3525_7.3801_7.9814	49.87541314_50.15321108_53.0255954_164.7301342	57.8_56.4_45_4.9	2.63_2.6_2.37_0.22	34.7_34.3_31.5_0	0.12_0.1_0.07	0.04_0.05	27.766_28.473_10.057_4.745	0.640396117_0.64988785_0.70534971_2.454626795	44.651	NA_0.9	NA	NA	NA	NA	NA	NA	NA	1000
NH35	44.652	-124.883_-124.884	E560_E561_E562_E563_E564	NA	Line6	day	undersat_arg_oversat_arg	benthic_pelagic_surface	deep_upper100	waySouth	offshore	slope	425.5_297_197.9_100_3.4	10.5_139_238.1_336_432.6	35	9.7_9.8_10_10.3	6.289_6.827_7.114_7.959_15.9	34.081_34.033_33.993_33.727_31.223	50_64.9_74.6_122.3_271.6	2280.7_2266_2253_2201.1_1925.2	2285.7_2278.6_2267_2243.4_2137.8	7.3274_7.3463_7.355_7.4412_7.9461	44.35390099_48.93332748_45.03600072_58.97264749_147.8851539	67.5_59.2_54.6_37_3.9	2.81_2.67_2.56_2.14_0.29	37.1_35.1_33.9_28.5_0	0.09_0.08_0.1_0.07	0.05_0.04_0.06	24.892_19.68_18.634_7.25_3.992	0.602446376_0.655775678_0.674459155_0.846122642_2.350471957	44.652	NA_0.7	NA	NA	NA	NA	NA	NA	NA	1000
NH45	44.653_44.652	-125.12_-125.123	E555_E557	NA	Line6	day	undersat_arg_oversat_arg	benthic_surface	deep_upper100	waySouth	offshore	slope	710.2_3.4	9.8_716.6	45	7.1_7.8	4.427_15.897	34.283_31.342	16.3_265	2348.9_1932.9	2337.7_2142.3	7.2839_7.9407	45.06701001_145.2941952	108.4_4.2	3.25_0.31	42.9_0	0.03	0.05_0.06	4.828_3.756	0.506587885_2.318977215	44.653_44.652	NA_0.5	NA	NA	NA	NA	NA	NA	NA	1000
NH55	44.651	-125.365	E552	NA	Line6	day	undersat_arg	benthic	deep	waySouth	offshore	plain	2848.8	11.2	55	3.5	1.723	34.645	85.4	2385	2437.2	7.4587	68.62542898	192.1	2.98	39.3	0.03	0.06	1.824	0.514287316	44.651	NA	NA	NA	NA	NA	NA	NA	NA	1000
PA3	38.895	-123.791	E675	NA	Line10	night	undersat_arg	benthic	upper100	waySouth	near	shelf	89.9	10.1	3	0.8	8.708	34.018	85.8	2230.3	2259.7	7.4067	56.91903794	39.7	2.4	29.1	0.25	0.64	5.257	0.780876488	38.895	NA	NA	NA	NA	NA	NA	NA	NA	1000
PR1	37.97	-122.829	E688_E689_E690	NA	Line11	day_night	undersat_arg_oversat_arg	benthic_pelagic_surface	upper100	waySouth	near	shelf	29_14.9_3.6	10_24.1_35.4	1	14.6_0_0.1	10.15_11.055_12.083	33.921_33.848_33.839	129.9_187.3_202	2212.4_2196.5_2176.7	2265.5_2266.6_2272.3	7.4654_7.5268_7.5996	NA	32.7_27_26.2	2.31_2.11_2.04	23_21.7_19	0.54_0.5_0.6	4.06_3.29	19.012_13.398_21.818	0.950157916_1.077151029_1.28312576	37.97	NA_8.3_5.2	NA	NA	NA	NA	NA	NA	NA	1000
PR10	37.892	-122.996	E685_E686	NA	Line11	day	undersat_arg	benthic_pelagic	upper100	waySouth	near	shelf	69.6_29.5	10.4_50.5	10	12.7_12.8	9.327_10.248	33.939_33.929	89.4_123.4	2231.5_2226.5	2259.9_2270.4	7.3903_7.434	NA	46.2_35	2.63_2.51	27.6_23.7	0.39_0.4	1.11_5.21	8.278_10.48	0.782903633_0.892768952	37.892	NA	NA	NA	NA	NA	NA	NA	NA	750_1000
PR15	37.861	-123.071	E694_E695_E696	NA	Line11	night	undersat_arg_oversat_arg	benthic_pelagic_surface	upper100	waySouth	near	shelf	84.8_84.4_84.6_50.4_49.7_50_3.9_4.3	10.2_10.6_10.4_44.6_45.3_45_91.1_90.7	15	7.7_7.8_8	9.413_9.414_9.74_9.741_9.742_11.592_11.594	33.976_33.932_33.872	99.9_100.9_99.8_121.3_259.9	2212.7_2197.4_2121	2258_2251.7_2265.8	7.4459_7.4837_7.7358	NA	38.4_29_13.1	2.25_2.06_1.51	26.8_25.6_16.4	0.12_0.04_0.45	0.06_0.07_0.95	9.863_10.224_5.206	0.881567801_0.946122559_1.683954639	37.861	NA_10.5	NA	NA	NA	NA	NA	NA	NA	1000
PR28	37.749	-123.32	E680_E681	NA	Line11	day	undersat_arg_oversat_arg	pelagic_surface	upper100	waySouth	offshore	slope	100_4.8	1050_1145.2	28	7.8_8.1	9.87_13.144	33.934_33.765	123.3_296.3	2196.2_2046.1	2256.5_2270.7	7.4855_7.9213	NA	27.6_2.5	2.09_0.69	25.3_6.1	0.05_0.38	0.02_1.25	12.596_5.291	0.979894303_2.432593307	37.749	NA_10.9	NA	NA	NA	NA	NA	NA	NA	1000
PR37	37.666	-123.488	E699_E700	NA	Line11	day	undersat_arg_oversat_arg	pelagic_surface	upper100	waySouth	offshore	plain	99.9_4.7	2700.1_2795.3	37	4_4.3	10.305_12.829	33.892_33.736	141.1_249.4	2183.4_2088.8	2247.2_2257.5	7.5167_7.8021	NA	24.7_7.5	1.91_1.02	23.8_10.5	0.09_0.4	0.04_1.26	15.069_5.68	1.003496307_1.906541642	37.666	NA_2.7	NA	NA	NA	NA	NA	NA	NA	1000
PR4	37.943	-122.881_-122.88	E691_E692_E693	NA	Line11	night	undersat_arg_oversat_arg	benthic_pelagic_surface	upper100	waySouth	near	shelf	44.5_44.2_44.3_15_15.4_4	10.5_10.8_10.7_40_39.6_51	4	1.1_1.2_1.3	9.455_9.46_9.453_10.096_10.099_10.103_12.794_12.792_12.793	33.95_33.948_33.812_33.813_33.82_33.752	81.4_82.9_81.2_170.8_166.7_248.7	2222.2_2176.5_2120.5	2260.3_2255.3_2271.8	7.4157_7.5491_7.7408	NA	42.6_22.2_18.5	2.52_1.86_1.52	26.6_22.1_16.3	0.54_0.47_0.58	1.77_1.32_0.89	7.723_6.233_15.577	0.845041758_1.129791966_1.757164236	37.943	NA_3.9_8.2	NA	NA	NA	NA	NA	NA	NA	1000
QC2	52.399_52.398	-129.051_-129.052	E378_E380	NA	Line1	day	oversat_arg	benthic_surface	upper100	wayNorth	near	shelf	35_3.6	10_41.4	2	10.7_10.8	9.569_12.933	31.86_30.422	258_306.3	2007.5_1867.6	2148.7_2060.7	7.7716_7.9227	NA	16_12	1.06_0.53	8.1_1.6	0.21_0.08	1.27_0.05	4.251_4.909	1.603220473_2.12667211	52.399_52.398	NA_4.5	47200_308000	3560_53800	176_2390	67.1_87.7	3030000_5040000	1920000_2940000	1420000_3040000	1000
QC43	52.018_52.017	-129.971	E384_E386	NA	Line1	day	undersat_arg_oversat_arg	benthic_surface	deep_upper100	wayNorth	offshore	shelf	119.8_4.1	10.2_125.9	43	15.9_16.3	6.648_13.278	33.286_31.648	140.1_289.3	2191.8_1944.3	2234.2_2142.8	7.4485_7.9115	NA	47_8.4	2.21_0.51	28.7_0.8	0.07_0.04	0.07_0.01	3.224_4.444	0.832924522_2.177101847	52.018_52.017	NA_0.8	554_341500	339_59300	0_424	0_9.85	1050000_6010000	856000_3050000	105000_5620000	1000
QC74	51.711_51.716	-130.642_-130.644	E370_E373	NA	Line1	day	undersat_arg_oversat_arg	benthic_surface	deep_upper100	wayNorth	offshore	slope	876.7_3.6	10.3_883.4	74	1.6_2.6	4.062_9.973	34.242_32.032	21.4_261.6	2350.7_2015.9	2340.3_2161.4	7.278_7.7318	NA	115_17.1	3.13_1.11	41.2_8.9	0.01_0.2	0.03_0.11	2.946_4.532	0.490142082_1.656370647	51.711_51.716	NA_1.8	NA	NA	NA	NA	NA	NA	NA	1000
SB2	34.381	-120.284	E829_E831_E832_E833	NA	Line16	day	undersat_arg_oversat_arg	pelagic_surface	deep_upper100	waySouth	near	slope	248.3_99.3_29.5_3.6	39.7_188.7_258.5_284.4	5	11.9_12.1_12.2_12.3	9.088_10.387_12.575_16.987	34.128_33.795_33.566_33.562	70_137.1_207.7_274.7	2236.8_2166.5_2100.2_2012.9	2262.7_2238.9_NA_2238.1	7.414_7.5529_7.7193_7.9369	57.81133496_77.87853698_104.2229721_166.7335496	37.9_14.6_9.3_2.4	2.36_1.34_1.01_0.3	27.6_13.7_8_0	0.02_0.14_0.21	0.02_0.04_0.03	72.504_31.227_8.119_92.351	0.740552474_1.061803444_NA_2.480213936	34.381	NA_1.7	NA	NA	NA	NA	NA	NA	NA	1000
SB3	34.312	-120.126	E840_E841_E843	NA	Line16	night	undersat_arg_oversat_arg	pelagic_surface	deep_upper100	waySouth	near	slope	199_99.8_3.3	325_424.2_520.7	11	0.2_0.4_0.6	9.292_9.925_18.768	34.072_33.898_33.586	85.8_125.2_283.5	2220.6_2182.3_1969	2251_2241_2236.7	7.4472_7.5213_8.0179	62.18590431_70.86584371_194.3226181	33.5_25.3_0.6	2.18_1.84_0.17	26.1_22.1_0	0.01_0	0.03_0.02	34.197_18.544_17.708	0.770435677_0.963848594_2.918724026	34.312	NA_0.9	NA	NA	NA	NA	NA	NA	NA	1000
SB4	34.276	-120.021	E846_E852_E854	NA	Line16	night	oversat_arg_undersat_arg	pelagic	deep_upper100	waySouth	near	slope	520.8_199.1_30.4	55.2_376.9_545.6	11	2.3_2.8_3.1	6.641_8.939_14.849	34.248_34.161_33.562	3.7_62.3_236.3	2337.3_2243.9_2071.9	NA_2268	7.2714_7.4029_7.8059	46.23714036_57.01245956_123.9587011	99.1_40.6_6.4	3.56_2.42_0.71	24.2_28.4_3.9	0.02_0.05_0.07	0.02_0.42	3.475_27.799_8.405	NA_0.73877866	34.276	NA	NA	NA	NA	NA	NA	NA	NA	1000
SB5	34.159_34.16	-119.717	E866_E867_E868	NA	Line16	day	undersat_arg_oversat_arg	pelagic_surface	upper100	waySouth	offshore	slope	99.7_20.3_3.5	253.3_332.7_349.5	20	0.8_1.1_1.2	9.936_18.286_18.517	33.89_33.578_33.581	123.5_272.7_271.8	2184.2_2024.9_1984.9	2245.4_2239.3_2239.5	7.5237_7.9049_7.9978	72.42352047_160.9506479_182.0817008	25.7_1.3_0.5	1.83_0.25_0.16	22_0.1_0	0.03_0.02	0.01	13.802_10.458_5.947	0.98229381_2.388968173_2.787846615	34.159_34.16	NA_1.3_1.1	NA	NA	NA	NA	NA	NA	NA	1000
SCORP	34.078_34.077	-119.557_-119.558	E860_E861_E862	NA	Line16	night	undersat_arg_oversat_arg	benthic_pelagic_surface	upper100	waySouth	offshore	shelf	78.7_78.8_78.9_30.4_30.3_3.3_3.2	10.3_10.2_10.1_58.6_58.7_85.7_85.8	18	8.4_8.5_8.7	10.493_10.487_16.886_16.872_16.973_19.588_19.589	33.797_33.798_33.505_33.521_33.526_33.592	132.4_267.9_266.6	2162.5_2027.6_1979.5	2232.9_NA_2236	7.5616_7.902_8.0087	78.26457767_152.3664166_180.5626177	20.7_2.5_0.6	1.43_0.23_0.16	14.8_0	0.16_0	0.02	16.84_18.31_6.248_7.706_7.15	1.0504168_NA_2.822196459	34.078_34.077	NA_2.9_0.9	NA	NA	NA	NA	NA	NA	NA	1000
Sokul	47.946	-124.746	E449_E450	NA	Line0	night	undersat_arg_oversat_arg	benthic_surface	upper100	OCNMS	near	shelf	25.7_25.3_26_3.1_3.6	10.3_10.7_10_32.9_32.4	3	7.4_7.6	8.269_8.274_8.265_16.378_16.375_16.371	33.447_33.443_33.452_32.069_32.071	50.3_48.5_418.5	2265.1_1738.4	2251.8_2200.8	7.2534_8.3426	39.79331726_210.0089953	51.3_0.4	2.71_0.1	25.6_0	0.5_0.04	5.15_0.06	65.973_12.261	0.57135021_4.876946617	47.946	NA_6.7	NA_13200_82450	NA_8360_7020	NA_796_2000	NA_0	NA_3900000_8060000	NA_2270000_4740000	NA_1390000_2520000	1000
