BOTTLE, ECOFOCI NUTRIENTS,,,,,,,,,,,,,,,,,,,,,,
EXPOCODE,STNNBR,SECT_ID,BTLNBR,DATE,TIME,LATITUDE,LONGITUDE,DEPTH,CTDPRS,CTDTMP,CTDSAL,CTDOXY,PAR,SILCAT,SILCAT_FLAG,NITRAT,NITRAT_FLAG,NITRIT,NITRIT_FLAG,PHSPHT,PHSPHT_FLAG,NH4,NH4_FLAG
,,,,,,,,METERS,DBAR,ITS-90,PSS-78,UMOL/KG,,UMOL/L,,UMOL/L,,UMOL/L,,UMOL/L,,UMOL/L,
DY2306,1,Shumagins,1,20240422,633,54.84,-158.98,74,65.42,3.7358,31.8459,382.65,0.0,-999.0,-999,-999.0,-999,-999.0,-999,-999.0,-999,-999.0,-999
DY2306,3,UBS1,1,20240423,312,54.44,-164.98,56,52.83,4.0161,31.6185,397.38,0.0,12.2,2,6.6,2,0.17,2,0.785,2,0.51,2
DY2306,3,UBS1,2,20240423,312,54.44,-164.98,56,40.77,4.0135,31.6201,397.33,0.0,12.3,2,6.8,2,0.17,2,0.791,2,0.53,2
DY2306,3,UBS1,3,20240423,312,54.44,-164.98,56,30.26,4.0139,31.6189,397.63,0.0,10.2,2,6.2,2,0.15,2,0.75,2,0.68,2
DY2306,3,UBS1,4,20240423,312,54.44,-164.98,56,19.51,4.0123,31.6194,398.03,0.0,12.1,2,6.7,2,0.16,2,0.8,2,0.52,2
DY2306,3,UBS1,5,20240423,312,54.44,-164.98,56,10.04,4.0164,31.6176,398.09,0.03,11.7,2,6.5,2,0.16,2,0.786,2,0.5,2
DY2306,3,UBS1,7,20240423,312,54.44,-164.98,56,2.1,4.0111,31.6187,377.26,1.59,-999.0,-999,-999.0,-999,-999.0,-999,-999.0,-999,-999.0,-999
DY2306,4,UBS2,1,20240423,851,54.41,-165.15,138,135.51,4.0554,32.5947,318.35,0.0,47.8,2,24.1,2,0.2,2,1.983,2,0.37,2
DY2306,4,UBS2,2,20240423,851,54.41,-165.15,138,102.21,4.0461,32.4875,326.74,0.0,44.3,2,22.7,2,0.2,2,1.867,2,0.41,2
DY2306,4,UBS2,3,20240423,851,54.41,-165.15,138,76.25,4.0556,32.0906,356.8,0.0,33.6,2,17.3,2,0.2,2,1.483,2,0.43,2
DY2306,4,UBS2,4,20240423,851,54.41,-165.15,138,49.63,4.0568,32.07,359.29,0.0,31.7,2,16.5,2,0.2,2,1.439,2,0.39,2
DY2306,4,UBS2,5,20240423,851,54.41,-165.15,138,40.87,4.0612,32.0471,362.27,0.0,30.4,2,16.0,2,0.2,2,1.411,2,0.45,2
DY2306,4,UBS2,7,20240423,851,54.41,-165.15,138,29.95,4.0567,32.0308,363.15,0.0,28.0,2,14.9,2,0.19,2,1.367,2,0.39,2
DY2306,4,UBS2,8,20240423,851,54.41,-165.15,138,20.23,4.0392,31.9735,366.86,0.0,27.4,2,13.1,2,0.18,2,1.277,2,0.4,2
DY2306,4,UBS2,9,20240423,851,54.41,-165.15,138,9.95,4.0181,31.9253,369.09,0.0,-999.0,-999,-999.0,-999,-999.0,-999,-999.0,-999,-999.0,-999
DY2306,4,UBS2,10,20240423,851,54.41,-165.15,138,1.86,4.0099,31.912,348.75,1.71,25.4,2,13.7,2,0.2,2,1.266,2,0.47,2
DY2306,5,UBS3,1,20240423,1033,54.38,-165.28,166,162.06,4.0997,32.8013,300.13,0.0,31.5,2,15.6,2,0.21,2,1.403,2,0.25,2
DY2306,5,UBS3,2,20240423,1033,54.38,-165.28,166,101.09,4.0457,32.587,332.16,0.0,32.1,2,15.6,2,0.2,2,1.402,2,0.34,2
DY2306,5,UBS3,3,20240423,1033,54.38,-165.28,166,75.94,4.0454,32.5094,343.55,0.0,39.0,2,19.2,2,0.22,2,1.579,2,0.28,2
DY2306,5,UBS3,4,20240423,1033,54.38,-165.28,166,50.91,4.0456,32.4992,344.91,0.0,41.0,2,19.6,2,0.2,2,1.701,2,0.36,2
DY2306,5,UBS3,5,20240423,1033,54.38,-165.28,166,40.68,4.0414,32.4869,346.2,0.0,41.7,2,19.1,2,0.19,2,1.663,2,0.37,2
DY2306,5,UBS3,7,20240423,1033,54.38,-165.28,166,31.31,4.0385,32.4724,347.93,0.0,41.2,2,21.1,2,0.22,2,1.737,2,0.38,2
DY2306,5,UBS3,8,20240423,1033,54.38,-165.28,166,20.45,4.0809,32.3718,361.19,0.0,41.7,2,19.6,2,0.19,2,1.69,2,0.36,2
DY2306,5,UBS3,9,20240423,1033,54.38,-165.28,166,9.75,4.1031,32.0999,368.6,0.05,43.6,2,22.6,2,0.2,2,1.829,2,0.39,2
DY2306,5,UBS3,10,20240423,1033,54.38,-165.28,166,2.09,4.048,32.0564,347.97,2.26,51.9,2,25.8,2,0.16,2,2.046,2,0.3,2
DY2306,6,UBS4,1,20240423,1149,54.34,-165.43,157,154.13,4.1757,32.9731,280.56,0.0,53.2,2,27.9,2,0.12,2,2.176,2,0.21,2
DY2306,6,UBS4,2,20240423,1149,54.34,-165.43,157,101.06,4.1264,32.8369,297.21,0.0,49.7,2,26.5,2,0.16,2,2.092,2,0.28,2
DY2306,6,UBS4,3,20240423,1149,54.34,-165.43,157,75.69,4.1345,32.7317,307.96,0.0,49.3,2,24.8,2,0.17,2,2.001,2,0.61,2
DY2306,6,UBS4,4,20240423,1149,54.34,-165.43,157,50.61,4.1232,32.5843,328.41,0.0,44.5,2,22.5,2,0.19,2,1.83,2,0.44,2
DY2306,6,UBS4,5,20240423,1149,54.34,-165.43,157,40.55,4.1216,32.5692,331.28,0.0,43.5,2,22.2,2,0.19,2,1.808,2,0.41,2
DY2306,6,UBS4,7,20240423,1149,54.34,-165.43,157,30.6,4.1125,32.5384,336.56,0.0,43.8,2,21.6,2,0.19,2,1.732,2,0.41,2
DY2306,6,UBS4,8,20240423,1149,54.34,-165.43,157,20.7,4.1227,32.497,345.7,0.0,40.7,2,20.6,2,0.2,2,1.691,2,0.36,2
DY2306,6,UBS4,9,20240423,1149,54.34,-165.43,157,9.91,4.1336,32.4226,357.85,0.04,38.6,2,19.2,2,0.21,2,1.582,2,0.27,2
DY2306,6,UBS4,10,20240423,1149,54.34,-165.43,157,2.18,4.1564,32.3515,351.44,2.0,34.9,2,17.3,2,0.23,2,1.445,2,0.23,2
DY2306,7,UBW1,1,20240423,1444,54.36,-165.93,471,471.77,4.1642,33.6372,121.06,0.0,26.0,2,13.2,2,0.25,2,1.113,2,0.16,2
DY2306,7,UBW1,2,20240423,1444,54.36,-165.93,471,302.35,4.3123,33.3603,201.01,0.0,28.4,2,14.2,2,0.25,2,1.224,2,0.33,2
DY2306,7,UBW1,3,20240423,1444,54.36,-165.93,471,100.62,4.1416,32.8322,296.75,0.0,34.7,2,17.4,2,0.25,2,1.497,2,0.59,2
DY2306,7,UBW1,4,20240423,1444,54.36,-165.93,471,76.84,4.045,32.6982,323.26,0.0,39.6,2,19.4,2,0.26,2,1.688,2,0.64,2
DY2306,7,UBW1,5,20240423,1444,54.36,-165.93,471,50.96,3.7971,32.4697,358.11,0.0,42.6,2,20.8,2,0.26,2,1.753,2,0.61,2
DY2306,7,UBW1,7,20240423,1444,54.36,-165.93,471,40.82,3.7856,32.4343,362.89,0.0,44.2,2,21.4,2,0.27,2,1.795,2,0.54,2
DY2306,7,UBW1,8,20240423,1444,54.36,-165.93,471,30.39,3.8519,32.393,371.55,0.0,48.4,2,25.0,2,0.27,2,1.987,2,0.22,2
DY2306,7,UBW1,9,20240423,1444,54.36,-165.93,471,18.05,3.9214,32.3304,384.59,0.0,51.1,2,27.2,2,0.15,2,2.113,2,0.16,2
DY2306,7,UBW1,10,20240423,1444,54.36,-165.93,471,10.4,4.3348,32.3231,412.52,0.0,60.1,2,29.9,2,0.07,2,2.261,2,0.0,2
DY2306,7,UBW1,11,20240423,1444,54.36,-165.93,471,2.01,4.3433,32.3241,388.36,2.04,84.7,2,32.6,2,0.02,2,2.635,2,0.09,2
DY2306,8,UBW2,1,20240423,1720,54.48,-166.04,534,507.08,3.9057,33.8542,60.31,0.0,15.8,2,9.8,2,0.25,2,0.825,2,0.13,2
DY2306,8,UBW2,2,20240423,1720,54.48,-166.04,534,302.83,4.3805,33.4116,173.23,0.0,16.2,2,10.0,2,0.25,2,0.86,2,0.19,2
DY2306,8,UBW2,3,20240423,1720,54.48,-166.04,534,202.07,4.232,33.0929,268.96,0.0,26.5,2,14.9,2,0.24,2,1.297,2,0.82,2
DY2306,8,UBW2,4,20240423,1720,54.48,-166.04,534,101.65,4.1105,32.6865,314.3,0.0,39.1,2,19.4,2,0.25,2,1.681,2,0.91,2
DY2306,8,UBW2,5,20240423,1720,54.48,-166.04,534,75.82,4.179,32.6061,329.09,0.0,37.8,2,18.8,2,0.23,2,1.658,2,1.21,2
DY2306,8,UBW2,6,20240423,1720,54.48,-166.04,534,50.42,3.9735,32.4689,359.04,0.0,40.2,2,19.9,2,0.24,2,1.722,2,1.16,2
DY2306,8,UBW2,7,20240423,1720,54.48,-166.04,534,40.81,3.9904,32.458,360.08,0.0,43.9,2,22.8,2,0.25,2,1.903,2,1.04,2
DY2306,8,UBW2,8,20240423,1720,54.48,-166.04,534,30.92,3.8588,32.4241,366.74,0.0,48.7,2,24.6,2,0.25,2,2.025,2,0.51,2
DY2306,8,UBW2,9,20240423,1720,54.48,-166.04,534,20.71,4.1937,32.3998,390.84,0.02,56.9,2,29.5,2,0.04,2,2.276,2,0.04,2
DY2306,8,UBW2,10,20240423,1720,54.48,-166.04,534,10.68,4.3331,32.3571,428.71,1.19,72.6,2,34.3,2,0.0,2,2.54,2,0.02,2
DY2306,8,UBW2,11,20240423,1720,54.48,-166.04,534,1.86,4.3361,32.3555,402.83,50.94,99.5,2,40.6,2,0.01,2,2.988,2,0.04,2
DY2306,9,UBW3,1,20240423,2022,54.59,-166.12,408,393.15,4.0836,33.7142,77.23,0.0,90.6,2,34.5,2,0.02,2,2.636,2,0.03,2
DY2306,9,UBW3,2,20240423,2022,54.59,-166.12,408,307.27,4.3185,33.4516,131.2,0.0,75.7,2,35.0,2,0.03,2,2.613,2,0.01,2
DY2306,9,UBW3,3,20240423,2022,54.59,-166.12,408,204.68,4.2565,33.0538,279.63,0.0,58.5,2,29.0,2,0.04,2,2.254,2,0.03,2
DY2306,9,UBW3,4,20240423,2022,54.59,-166.12,408,102.36,4.1511,32.5904,329.92,0.0,42.6,2,22.4,2,0.24,2,1.878,2,0.98,2
DY2306,9,UBW3,5,20240423,2022,54.59,-166.12,408,76.84,4.135,32.5296,346.31,0.0,39.3,2,20.5,2,0.22,2,1.786,2,1.35,2
DY2306,9,UBW3,6,20240423,2022,54.59,-166.12,408,50.99,4.2182,32.4103,393.44,0.0,27.7,2,15.2,2,0.23,2,1.302,2,0.63,2
DY2306,9,UBW3,7,20240423,2022,54.59,-166.12,408,40.72,4.2668,32.4109,397.77,0.0,26.4,2,14.7,2,0.23,2,1.283,2,0.5,2
DY2306,9,UBW3,8,20240423,2022,54.59,-166.12,408,31.09,4.2839,32.4104,400.97,0.0,25.5,2,14.6,2,0.24,2,1.266,2,0.38,2
DY2306,9,UBW3,9,20240423,2022,54.59,-166.12,408,21.15,4.3281,32.4046,407.04,0.52,23.4,2,13.3,2,0.24,2,1.136,2,0.22,2
DY2306,9,UBW3,10,20240423,2022,54.59,-166.12,408,10.99,4.3933,32.3943,409.99,8.84,23.8,2,12.9,2,0.24,2,1.065,2,0.19,2
DY2306,9,UBW3,11,20240423,2022,54.59,-166.12,408,2.25,4.3936,32.3922,384.26,163.43,23.3,2,12.8,2,0.36,2,1.116,2,0.38,2
DY2306,10,UBW4,1,20240423,2234,54.69,-166.23,291,290.25,4.2859,33.4956,155.36,0.0,33.8,2,16.7,2,0.23,2,1.398,2,0.15,2
DY2306,10,UBW4,2,20240423,2234,54.69,-166.23,291,200.95,4.3517,33.2845,214.36,0.0,32.3,2,16.6,2,0.23,2,1.384,2,0.16,2
DY2306,10,UBW4,3,20240423,2234,54.69,-166.23,291,101.52,3.9569,32.5936,338.43,0.0,28.6,2,13.7,2,0.19,2,1.263,2,0.12,2
DY2306,10,UBW4,4,20240423,2234,54.69,-166.23,291,76.64,3.9277,32.4577,354.25,0.0,33.7,2,16.8,2,0.22,2,1.408,2,0.13,2
DY2306,10,UBW4,5,20240423,2234,54.69,-166.23,291,51.45,4.1969,32.3327,388.67,0.0,32.2,2,16.2,2,0.24,2,1.319,2,0.16,2
DY2306,10,UBW4,6,20240423,2234,54.69,-166.23,291,40.65,4.2079,32.3255,385.99,0.07,32.1,2,15.9,2,0.24,2,1.298,2,0.15,2
DY2306,10,UBW4,7,20240423,2234,54.69,-166.23,291,30.16,4.2294,32.3151,380.48,1.0,42.6,2,20.7,2,0.26,2,1.699,2,0.74,2
DY2306,10,UBW4,8,20240423,2234,54.69,-166.23,291,21.2,4.2153,32.3209,385.2,8.26,45.4,2,20.4,2,0.26,2,1.751,2,0.06,2
DY2306,10,UBW4,9,20240423,2234,54.69,-166.23,291,10.92,4.2603,32.3039,379.51,58.34,66.3,2,32.4,2,0.01,2,2.432,2,0.01,2
DY2306,10,UBW4,10,20240423,2234,54.69,-166.23,291,2.86,4.2639,32.3045,356.88,398.59,76.2,2,35.0,2,0.05,2,2.618,2,0.03,2
DY2306,11,UBN1,1,20240424,43,54.74,-166.06,228,225.3,4.3096,33.3748,191.19,0.0,69.6,2,21.1,2,0.04,2,2.123,2,0.03,2
DY2306,11,UBN1,2,20240424,43,54.74,-166.06,228,101.26,4.1355,32.8072,303.97,0.0,53.1,2,26.7,2,0.12,2,2.082,2,0.02,2
DY2306,11,UBN1,3,20240424,43,54.74,-166.06,228,75.47,3.9432,32.5996,341.73,0.0,32.6,2,10.3,2,0.13,2,1.406,2,0.18,2
DY2306,11,UBN1,4,20240424,43,54.74,-166.06,228,50.8,4.0054,32.4476,385.98,0.0,33.0,2,16.8,2,0.25,2,1.433,2,0.46,2
DY2306,11,UBN1,5,20240424,43,54.74,-166.06,228,41.56,4.0288,32.4446,390.18,0.0,30.4,2,14.7,2,0.26,2,1.261,2,0.13,2
DY2306,11,UBN1,6,20240424,43,54.74,-166.06,228,30.97,4.0774,32.4375,397.47,0.15,29.8,2,15.0,2,0.26,2,1.274,2,0.17,2
DY2306,11,UBN1,7,20240424,43,54.74,-166.06,228,20.96,4.0958,32.4351,401.07,1.58,30.0,2,15.2,2,0.26,2,1.272,2,0.21,2
DY2306,11,UBN1,8,20240424,43,54.74,-166.06,228,10.63,4.1104,32.4339,403.87,25.3,29.8,2,15.4,2,0.26,2,1.301,2,0.24,2
DY2306,11,UBN1,9,20240424,43,54.74,-166.06,228,2.43,4.1544,32.4341,379.94,299.02,30.2,2,15.8,2,0.25,2,1.318,2,0.39,2
DY2306,12,UBN2,1,20240424,324,54.82,-165.85,161,159.06,4.3251,33.1255,234.14,0.0,24.5,2,12.4,2,0.25,2,1.066,2,0.24,2
DY2306,12,UBN2,2,20240424,324,54.82,-165.85,161,126.32,4.1382,32.8335,292.78,0.0,25.1,2,12.6,2,0.25,2,1.108,2,0.21,2
DY2306,12,UBN2,3,20240424,324,54.82,-165.85,161,102.17,3.9942,32.6339,329.71,0.0,25.1,2,12.0,2,0.21,2,1.159,2,0.36,2
DY2306,12,UBN2,4,20240424,324,54.82,-165.85,161,76.71,4.0005,32.4594,367.66,0.0,29.6,2,15.6,2,0.25,2,1.347,2,0.51,2
DY2306,12,UBN2,5,20240424,324,54.82,-165.85,161,51.9,4.009,32.417,374.9,0.0,30.6,2,13.8,2,0.21,2,1.301,2,0.61,2
DY2306,12,UBN2,6,20240424,324,54.82,-165.85,161,40.55,4.0254,32.4053,379.75,0.0,33.4,2,17.0,2,0.24,2,1.483,2,0.73,2
DY2306,12,UBN2,7,20240424,324,54.82,-165.85,161,31.21,4.0703,32.3664,391.96,0.02,38.0,2,19.5,2,0.27,2,1.667,2,0.77,2
DY2306,12,UBN2,8,20240424,324,54.82,-165.85,161,21.14,4.08,32.351,396.26,0.53,46.2,2,20.3,2,0.24,2,1.837,2,0.07,2
DY2306,12,UBN2,9,20240424,324,54.82,-165.85,161,10.63,4.1696,32.3192,411.82,8.43,53.6,2,27.5,2,0.16,2,2.161,2,0.02,2
DY2306,12,UBN2,10,20240424,324,54.82,-165.85,161,2.58,4.177,32.3166,387.8,115.53,64.4,2,31.2,2,0.13,2,2.43,2,0.1,2
DY2306,13,UBN3,1,20240424,454,54.87,-165.67,144,139.65,4.2201,33.017,273.88,0.0,58.0,2,29.4,2,0.11,2,2.274,2,0.08,2
DY2306,13,UBN3,2,20240424,454,54.87,-165.67,144,102.08,4.1108,32.8222,302.36,0.0,52.0,2,26.4,2,0.15,2,2.128,2,0.06,2
DY2306,13,UBN3,3,20240424,454,54.87,-165.67,144,76.22,3.9564,32.5942,333.34,0.0,49.0,2,24.1,2,0.28,2,1.97,2,0.12,2
DY2306,13,UBN3,4,20240424,454,54.87,-165.67,144,51.17,3.8881,32.4308,340.2,0.0,43.9,2,22.7,2,0.28,2,1.878,2,0.25,2
DY2306,13,UBN3,5,20240424,454,54.87,-165.67,144,40.19,3.8016,32.2987,357.55,0.0,38.3,2,19.9,2,0.26,2,1.695,2,0.44,2
DY2306,13,UBN3,6,20240424,454,54.87,-165.67,144,30.58,3.9068,32.1159,394.82,0.0,26.5,2,14.1,2,0.23,2,1.27,2,0.28,2
DY2306,13,UBN3,7,20240424,454,54.87,-165.67,144,19.02,3.9739,32.0729,404.66,0.58,23.2,2,12.3,2,0.22,2,1.156,2,0.18,2
DY2306,13,UBN3,8,20240424,454,54.87,-165.67,144,9.8,4.0361,32.0602,410.6,8.32,23.3,2,11.6,2,0.2,2,1.115,2,0.16,2
DY2306,13,UBN3,9,20240424,454,54.87,-165.67,144,2.25,4.0318,32.0607,384.36,128.42,23.4,2,11.3,2,0.21,2,1.069,2,0.16,2
DY2306,14,UBN4,1,20240424,600,54.94,-165.48,125,122.0,4.1388,32.8681,292.56,0.0,28.3,2,14.7,2,0.22,2,1.273,2,0.18,2
DY2306,14,UBN4,2,20240424,600,54.94,-165.48,125,102.07,4.0673,32.7543,307.33,0.0,27.9,2,15.2,2,0.23,2,1.24,2,0.21,2
DY2306,14,UBN4,3,20240424,600,54.94,-165.48,125,77.04,3.9702,32.5656,328.11,0.0,27.7,2,12.7,2,0.18,2,1.279,2,0.19,2
DY2306,14,UBN4,4,20240424,600,54.94,-165.48,125,51.03,3.9794,32.3025,344.07,0.0,32.6,2,18.3,2,0.23,2,1.555,2,0.37,2
DY2306,14,UBN4,5,20240424,600,54.94,-165.48,125,41.75,3.9912,32.2873,347.58,0.0,35.5,2,19.2,2,0.21,2,1.582,2,0.5,2
DY2306,14,UBN4,6,20240424,600,54.94,-165.48,125,31.0,4.0414,32.176,358.48,0.0,38.3,2,20.8,2,0.22,2,1.721,2,0.43,2
DY2306,14,UBN4,7,20240424,600,54.94,-165.48,125,20.92,4.1013,32.0901,374.75,0.11,45.8,2,24.1,2,0.23,2,1.893,2,0.49,2
DY2306,14,UBN4,8,20240424,600,54.94,-165.48,125,11.24,4.1159,32.0806,380.53,1.09,51.0,2,26.7,2,0.17,2,2.1,2,0.17,2
DY2306,14,UBN4,9,20240424,600,54.94,-165.48,125,1.93,4.1133,32.0812,358.08,14.07,53.9,2,28.0,2,0.12,2,2.185,2,0.21,2
DY2306,15,UBN5,1,20240424,737,54.99,-165.28,116,114.44,4.0492,32.716,313.2,0.0,48.3,2,26.2,2,0.2,2,2.07,2,0.22,2
DY2306,15,UBN5,2,20240424,737,54.99,-165.28,116,101.02,3.9971,32.5912,324.3,0.0,43.8,2,24.1,2,0.22,2,1.936,2,0.39,2
DY2306,15,UBN5,3,20240424,737,54.99,-165.28,116,76.26,3.9558,32.1943,345.26,0.0,36.0,2,19.8,2,0.22,2,1.678,2,0.57,2
DY2306,15,UBN5,4,20240424,737,54.99,-165.28,116,51.02,4.0742,31.989,344.12,0.0,29.5,2,16.5,2,0.21,2,1.494,2,0.65,2
DY2306,15,UBN5,5,20240424,737,54.99,-165.28,116,41.45,4.0723,31.955,345.69,0.0,28.6,2,15.7,2,0.21,2,1.411,2,0.66,2
DY2306,15,UBN5,6,20240424,737,54.99,-165.28,116,30.88,4.067,31.9098,348.37,0.0,27.5,2,15.5,2,0.22,2,1.394,2,0.68,2
DY2306,15,UBN5,7,20240424,737,54.99,-165.28,116,21.29,4.0767,31.8968,358.51,0.0,24.6,2,13.9,2,0.21,2,1.268,2,0.53,2
DY2306,15,UBN5,8,20240424,737,54.99,-165.28,116,10.07,4.1099,31.8546,384.47,0.03,22.0,2,11.8,2,0.2,2,1.076,2,0.28,2
DY2306,15,UBN5,9,20240424,737,54.99,-165.28,116,1.9,4.1077,31.8536,359.68,2.15,20.8,2,11.2,2,0.2,2,1.09,2,0.22,2
DY2306,16,UBN6,1,20240424,841,55.05,-165.1,113,110.6,3.9908,32.5644,326.39,0.0,25.8,2,13.3,2,0.23,2,1.236,2,0.16,2
DY2306,16,UBN6,2,20240424,841,55.05,-165.1,113,76.2,3.9461,32.4828,338.67,0.0,25.7,2,13.3,2,0.21,2,1.199,2,0.14,2
DY2306,16,UBN6,3,20240424,841,55.05,-165.1,113,50.82,3.9976,32.2306,353.35,0.0,25.8,2,13.4,2,0.22,2,1.192,2,0.16,2
DY2306,16,UBN6,4,20240424,841,55.05,-165.1,113,40.44,4.0569,32.0852,365.3,0.0,23.7,2,10.4,2,0.16,2,1.149,2,0.16,2
DY2306,16,UBN6,5,20240424,841,55.05,-165.1,113,30.53,4.0952,32.0192,380.34,0.0,31.9,2,16.7,2,0.22,2,1.444,2,0.36,2
DY2306,16,UBN6,6,20240424,841,55.05,-165.1,113,30.78,4.0924,32.0221,379.26,0.0,-999.0,-999,-999.0,-999,-999.0,-999,-999.0,-999,-999.0,-999
DY2306,16,UBN6,7,20240424,841,55.05,-165.1,113,20.28,4.0999,32.0092,384.5,0.0,38.0,2,19.4,2,0.22,2,1.635,2,0.4,2
DY2306,16,UBN6,8,20240424,841,55.05,-165.1,113,10.31,4.0995,32.008,371.19,0.02,39.7,2,17.9,2,0.18,2,1.63,2,0.3,2
DY2306,16,UBN6,9,20240424,841,55.05,-165.1,113,1.99,4.0978,32.0082,359.66,1.97,45.7,2,21.2,2,0.18,2,1.803,2,0.33,2
DY2306,17,UBE1,1,20240424,1017,54.93,-165.0,93,89.4,3.803,31.8784,353.92,0.0,16.0,2,12.1,2,0.17,2,1.006,2,0.34,2
DY2306,17,UBE1,2,20240424,1017,54.93,-165.0,93,78.29,3.7899,31.8473,355.88,0.0,16.0,2,12.1,2,0.17,2,1.013,2,0.31,2
DY2306,17,UBE1,3,20240424,1017,54.93,-165.0,93,48.9,3.9233,31.6565,385.44,0.0,14.7,2,11.1,2,0.16,2,0.961,2,0.32,2
DY2306,17,UBE1,4,20240424,1017,54.93,-165.0,93,42.81,3.8567,31.5969,389.68,0.0,15.9,2,11.9,2,0.17,2,1.022,2,0.31,2
DY2306,17,UBE1,5,20240424,1017,54.93,-165.0,93,31.8,3.8364,31.5511,393.67,0.0,17.0,2,12.6,2,0.17,2,1.04,2,0.35,2
DY2306,17,UBE1,6,20240424,1017,54.93,-165.0,93,20.25,3.8328,31.5482,393.32,0.0,19.4,2,6.9,2,0.19,2,1.104,2,0.39,2
DY2306,17,UBE1,7,20240424,1017,54.93,-165.0,93,10.16,3.8282,31.5464,392.59,0.02,29.5,2,18.5,2,0.21,2,1.47,2,0.84,2
DY2306,17,UBE1,8,20240424,1017,54.93,-165.0,93,2.14,3.8254,31.5441,368.15,1.86,30.9,2,19.0,2,0.21,2,1.508,2,0.89,2
DY2306,18,UBE2,1,20240424,1208,54.82,-164.89,75,72.1,3.7469,31.9317,342.25,0.0,35.7,2,21.2,2,0.2,2,1.659,2,0.74,2
DY2306,18,UBE2,2,20240424,1208,54.82,-164.89,75,52.14,3.7496,31.9241,344.03,0.0,35.7,2,21.2,2,0.19,2,1.625,2,0.69,2
DY2306,18,UBE2,3,20240424,1208,54.82,-164.89,75,40.32,3.7533,31.893,349.78,0.0,32.3,2,19.9,2,0.2,2,1.544,2,0.6,2
DY2306,18,UBE2,4,20240424,1208,54.82,-164.89,75,30.92,3.7548,31.7783,365.18,0.0,26.5,2,16.5,2,0.17,2,1.377,2,0.43,2
DY2306,18,UBE2,5,20240424,1208,54.82,-164.89,75,20.32,3.7541,31.5438,379.41,0.0,28.1,2,17.0,2,0.19,2,1.293,2,0.24,2
DY2306,18,UBE2,6,20240424,1208,54.82,-164.89,75,10.44,3.7542,31.5437,379.0,0.06,27.1,2,16.8,2,0.19,2,1.276,2,0.27,2
DY2306,18,UBE2,7,20240424,1208,54.82,-164.89,75,1.74,3.7518,31.5439,355.51,1.6,27.4,2,14.8,2,0.17,2,1.259,2,0.23,2
DY2306,19,UBE3,1,20240424,1328,54.72,-164.77,48,44.07,3.8749,31.6641,390.56,0.0,20.5,2,13.8,2,0.18,2,1.115,2,0.35,2
DY2306,19,UBE3,2,20240424,1328,54.72,-164.77,48,40.83,3.878,31.6633,389.99,0.0,20.9,2,14.0,2,0.19,2,1.126,2,0.36,2
DY2306,19,UBE3,3,20240424,1328,54.72,-164.77,48,30.24,3.8713,31.6553,390.96,0.0,-999.0,-999,-999.0,-999,-999.0,-999,-999.0,-999,-999.0,-999
DY2306,19,UBE3,4,20240424,1328,54.72,-164.77,48,21.55,3.87,31.6519,391.17,0.0,21.3,2,14.1,2,0.19,2,1.117,2,0.33,2
DY2306,19,UBE3,5,20240424,1328,54.72,-164.77,48,10.63,3.8543,31.6393,391.62,0.06,21.5,2,14.4,2,0.19,2,1.142,2,0.3,2
DY2306,19,UBE3,6,20240424,1328,54.72,-164.77,48,1.86,3.8497,31.6356,365.72,2.92,21.4,2,14.3,2,0.18,2,1.146,2,0.32,2
DY2306,22,,1,20240425,1946,58.28,-169.72,70,65.99,0.3138,32.2676,357.33,0.0,-999.0,-999,-999.0,-999,-999.0,-999,-999.0,-999,-999.0,-999
DY2306,22,,2,20240425,1946,58.28,-169.72,70,30.98,0.3119,32.2666,357.56,3.05,-999.0,-999,-999.0,-999,-999.0,-999,-999.0,-999,-999.0,-999
DY2306,22,,3,20240425,1946,58.28,-169.72,70,10.97,0.1672,32.1994,360.08,73.52,-999.0,-999,-999.0,-999,-999.0,-999,-999.0,-999,-999.0,-999
DY2306,23,,1,20240425,1708,58.32,-169.7,70,65.68,0.3259,32.2652,358.22,0.0,-999.0,-999,-999.0,-999,-999.0,-999,-999.0,-999,-999.0,-999
DY2306,23,,2,20240425,1708,58.32,-169.7,70,30.98,0.3246,32.2639,358.53,6.23,-999.0,-999,-999.0,-999,-999.0,-999,-999.0,-999,-999.0,-999
DY2306,23,,3,20240425,1708,58.32,-169.7,70,10.77,0.0508,32.1192,363.67,149.58,-999.0,-999,-999.0,-999,-999.0,-999,-999.0,-999,-999.0,-999
DY2306,24,,1,20240425,2256,58.33,-169.85,71,65.53,0.3303,32.2743,357.38,0.0,-999.0,-999,-999.0,-999,-999.0,-999,-999.0,-999,-999.0,-999
DY2306,24,,2,20240425,2256,58.33,-169.85,71,51.14,0.3268,32.2736,357.43,0.2,-999.0,-999,-999.0,-999,-999.0,-999,-999.0,-999,-999.0,-999
DY2306,24,,3,20240425,2256,58.33,-169.85,71,41.06,0.326,32.2735,357.56,1.43,-999.0,-999,-999.0,-999,-999.0,-999,-999.0,-999,-999.0,-999
DY2306,24,,4,20240425,2256,58.33,-169.85,71,31.45,0.2816,32.2481,359.28,6.39,-999.0,-999,-999.0,-999,-999.0,-999,-999.0,-999,-999.0,-999
DY2306,24,,5,20240425,2256,58.33,-169.85,71,20.99,0.0821,32.1701,362.12,20.88,-999.0,-999,-999.0,-999,-999.0,-999,-999.0,-999,-999.0,-999
DY2306,24,,6,20240425,2256,58.33,-169.85,71,10.8,0.1165,32.1623,362.58,96.75,-999.0,-999,-999.0,-999,-999.0,-999,-999.0,-999,-999.0,-999
DY2306,24,,7,20240425,2256,58.33,-169.85,71,1.93,0.1428,32.1647,362.68,421.47,-999.0,-999,-999.0,-999,-999.0,-999,-999.0,-999,-999.0,-999
DY2306,25,,1,20240426,5,58.33,-169.96,72,66.65,0.2851,32.2695,354.36,0.0,-999.0,-999,-999.0,-999,-999.0,-999,-999.0,-999,-999.0,-999
DY2306,25,,2,20240426,5,58.33,-169.96,72,31.07,0.1732,32.2462,355.25,5.84,-999.0,-999,-999.0,-999,-999.0,-999,-999.0,-999,-999.0,-999
DY2306,25,,3,20240426,5,58.33,-169.96,72,10.9,-0.0984,32.0748,364.82,35.92,-999.0,-999,-999.0,-999,-999.0,-999,-999.0,-999,-999.0,-999
DY2306,27,70m26,1,20240426,244,58.28,-170.11,72,65.62,0.0278,32.2039,353.58,0.02,43.9,2,22.5,2,0.1,2,1.909,2,0.27,2
DY2306,27,70m26,2,20240426,244,58.28,-170.11,72,51.26,0.0134,32.1976,354.07,0.36,44.0,2,22.5,2,0.1,2,1.904,2,0.25,2
DY2306,27,70m26,3,20240426,244,58.28,-170.11,72,40.48,-0.3683,31.9962,369.49,1.64,39.0,2,19.7,2,0.1,2,1.744,2,0.03,2
DY2306,27,70m26,4,20240426,244,58.28,-170.11,72,31.23,-0.3928,31.9729,372.51,5.82,38.0,2,19.3,2,0.11,2,1.711,2,0.02,2
DY2306,27,70m26,5,20240426,244,58.28,-170.11,72,20.89,-0.3256,31.965,372.9,24.62,37.9,2,19.3,2,0.1,2,1.724,2,0.01,2
DY2306,27,70m26,6,20240426,244,58.28,-170.11,72,10.74,-0.287,31.9636,372.95,141.2,37.2,2,18.9,2,0.1,2,1.706,2,0.02,2
DY2306,27,70m26,7,20240426,244,58.28,-170.11,72,1.65,-0.2619,31.9642,373.31,1073.4,37.0,2,18.9,2,0.1,2,1.703,2,0.01,2
DY2306,28,70m24,1,20240426,541,58.04,-169.68,70,64.81,0.6193,32.2959,356.32,0.0,42.0,2,22.6,2,0.11,2,1.811,2,0.19,2
DY2306,28,70m24,2,20240426,541,58.04,-169.68,70,51.09,0.6404,32.2976,356.36,0.0,42.5,2,22.7,2,0.11,2,1.83,2,0.18,2
DY2306,28,70m24,3,20240426,541,58.04,-169.68,70,41.03,0.6397,32.2975,356.52,0.03,38.1,2,20.0,2,0.1,2,1.598,2,0.27,2
DY2306,28,70m24,4,20240426,541,58.04,-169.68,70,30.86,0.7405,32.2881,357.57,0.3,43.8,2,22.7,2,0.1,2,1.807,2,0.19,2
DY2306,28,70m24,5,20240426,541,58.04,-169.68,70,21.16,0.7625,32.2818,358.28,1.37,41.1,2,20.0,2,0.09,2,1.675,2,0.2,2
DY2306,28,70m24,6,20240426,541,58.04,-169.68,70,10.51,0.7545,32.2742,358.59,7.63,39.6,2,16.5,2,0.07,2,1.521,2,0.18,2
DY2306,28,70m24,7,20240426,541,58.04,-169.68,70,1.64,0.7571,32.2743,358.42,42.04,43.7,2,22.7,2,0.1,2,1.832,2,0.24,2
DY2306,29,70m23,1,20240426,720,57.91,-169.5,69,63.94,1.0912,32.3121,354.73,0.0,42.6,2,22.6,2,0.12,2,1.804,2,0.28,2
DY2306,29,70m23,2,20240426,720,57.91,-169.5,69,52.05,1.0838,32.3111,355.11,0.0,39.9,2,17.6,2,0.1,2,1.66,2,0.22,2
DY2306,29,70m23,3,20240426,720,57.91,-169.5,69,41.27,1.0446,32.3055,355.4,0.0,41.9,2,21.2,2,0.12,2,1.762,2,0.23,2
DY2306,29,70m23,4,20240426,720,57.91,-169.5,69,31.24,0.9236,32.2876,357.31,0.0,42.2,2,22.1,2,0.12,2,1.794,2,0.2,2
DY2306,29,70m23,5,20240426,720,57.91,-169.5,69,21.27,0.8883,32.2706,359.77,0.0,41.6,2,20.1,2,0.11,2,1.719,2,0.17,2
DY2306,29,70m23,6,20240426,720,57.91,-169.5,69,10.64,0.8637,32.2643,360.48,0.1,42.0,2,22.1,2,0.12,2,1.795,2,0.17,2
DY2306,29,70m23,7,20240426,720,57.91,-169.5,69,1.75,0.8608,32.264,360.46,2.23,41.3,2,22.1,2,0.12,2,1.796,2,0.17,2
DY2306,30,70m22/M4W,1,20240426,816,57.93,-169.33,67,62.62,0.9746,32.2986,355.32,0.0,40.5,2,21.0,2,0.33,2,1.795,2,0.7,2
DY2306,30,70m22/M4W,2,20240426,816,57.93,-169.33,67,51.0,0.9478,32.2236,356.01,0.0,38.0,2,16.9,2,0.07,2,1.612,2,0.23,2
DY2306,30,70m22/M4W,3,20240426,816,57.93,-169.33,67,40.28,0.6896,32.177,358.38,0.0,39.2,2,18.5,2,0.09,2,1.686,2,0.25,2
DY2306,30,70m22/M4W,4,20240426,816,57.93,-169.33,67,30.4,0.6214,32.1672,359.5,0.0,40.5,2,19.1,2,0.1,2,1.639,2,0.29,2
DY2306,30,70m22/M4W,5,20240426,816,57.93,-169.33,67,20.78,0.5734,32.1626,360.11,0.0,38.1,2,16.2,2,0.08,2,1.509,2,0.25,2
DY2306,30,70m22/M4W,6,20240426,816,57.93,-169.33,67,10.54,0.4562,32.1309,363.05,0.11,40.0,2,20.0,2,0.11,2,1.613,2,0.28,2
DY2306,30,70m22/M4W,7,20240426,816,57.93,-169.33,67,1.51,0.4607,32.1289,362.68,2.39,39.2,2,20.0,2,0.11,2,1.582,2,0.31,2
DY2306,31,M4N,1,20240426,1101,58.07,-168.74,71,66.03,-0.1103,32.0989,360.83,0.0,36.5,2,12.3,2,0.09,2,1.427,2,0.21,2
DY2306,31,M4N,2,20240426,1101,58.07,-168.74,71,50.86,-0.1107,32.099,360.76,0.0,34.6,2,11.6,2,0.08,2,1.366,2,0.21,2
DY2306,31,M4N,3,20240426,1101,58.07,-168.74,71,40.36,-0.1166,32.0959,361.56,0.0,36.7,2,13.6,2,0.09,2,1.569,2,0.23,2
DY2306,31,M4N,4,20240426,1101,58.07,-168.74,71,30.27,-0.1482,32.0746,365.84,0.0,33.1,2,11.2,2,0.08,2,1.375,2,0.25,2
DY2306,31,M4N,5,20240426,1101,58.07,-168.74,71,20.15,-0.1199,32.0467,377.87,0.0,36.6,2,12.0,2,0.08,2,1.394,2,0.21,2
DY2306,31,M4N,6,20240426,1101,58.07,-168.74,71,10.5,-0.1913,32.0208,377.22,0.11,36.9,2,13.0,2,0.09,2,1.426,2,0.24,2
DY2306,31,M4N,7,20240426,1101,58.07,-168.74,71,1.82,-0.2224,32.0109,377.37,2.28,38.8,2,15.1,2,0.1,2,1.471,2,0.31,2
DY2306,32,M4E,1,20240426,1342,57.77,-168.45,72,66.33,0.2886,32.1687,362.79,0.0,40.3,2,16.1,2,0.09,2,1.46,2,0.26,2
DY2306,32,M4E,2,20240426,1342,57.77,-168.45,72,50.85,0.2882,32.1686,362.77,0.0,38.2,2,14.2,2,0.09,2,1.455,2,0.28,2
DY2306,32,M4E,3,20240426,1342,57.77,-168.45,72,40.6,0.2928,32.1693,362.94,0.0,40.3,2,17.4,2,0.1,2,1.589,2,0.25,2
DY2306,32,M4E,4,20240426,1342,57.77,-168.45,72,30.26,0.293,32.1696,362.92,0.0,39.2,2,16.6,2,0.11,2,1.577,2,0.29,2
DY2306,32,M4E,5,20240426,1342,57.77,-168.45,72,20.66,0.2986,32.1678,363.28,0.0,38.2,2,12.3,2,0.07,2,1.48,2,0.21,2
DY2306,32,M4E,6,20240426,1342,57.77,-168.45,72,10.85,0.2941,32.1636,364.77,0.08,38.7,2,14.4,2,0.08,2,1.548,2,0.21,2
DY2306,32,M4E,7,20240426,1342,57.77,-168.45,72,1.01,0.2935,32.1626,365.04,2.68,39.9,2,15.8,2,0.09,2,1.597,2,0.22,2
DY2306,33,M4,1,20240426,1725,57.85,-168.9,71,67.26,0.6441,32.2303,358.6,0.0,38.6,2,13.7,2,0.1,2,1.544,2,0.2,2
DY2306,33,M4,2,20240426,1725,57.85,-168.9,71,50.52,0.6442,32.2304,358.89,0.0,41.2,2,18.4,2,0.14,2,1.692,2,0.24,2
DY2306,33,M4,3,20240426,1725,57.85,-168.9,71,40.92,0.6439,32.2302,358.61,0.03,39.4,2,14.4,2,0.1,2,1.601,2,0.22,2
DY2306,33,M4,4,20240426,1725,57.85,-168.9,71,30.92,0.6434,32.2302,359.0,0.26,40.2,2,15.8,2,0.12,2,1.61,2,0.26,2
DY2306,33,M4,5,20240426,1725,57.85,-168.9,71,20.32,0.6429,32.2301,358.87,1.82,38.6,2,14.0,2,0.1,2,1.514,2,0.23,2
DY2306,33,M4,6,20240426,1725,57.85,-168.9,71,9.61,0.6422,32.2301,359.06,14.19,41.2,2,19.1,2,0.14,2,1.662,2,0.28,2
DY2306,33,M4,7,20240426,1725,57.85,-168.9,71,1.12,0.6403,28.0898,365.94,78.43,36.1,2,11.7,2,0.08,2,1.365,2,0.24,2
DY2306,34,70m19/M4S,1,20240426,1940,57.65,-169.01,69,63.89,1.1812,32.3336,353.9,0.0,41.0,2,13.8,2,0.08,2,1.444,2,0.15,2
DY2306,34,70m19/M4S,2,20240426,1940,57.65,-169.01,69,51.42,1.1638,32.3313,354.15,0.04,41.4,2,15.7,2,0.1,2,1.534,2,0.16,2
DY2306,34,70m19/M4S,3,20240426,1940,57.65,-169.01,69,40.41,1.1308,32.3274,354.28,0.39,37.6,2,13.5,2,0.09,2,1.476,2,0.18,2
DY2306,34,70m19/M4S,4,20240426,1940,57.65,-169.01,69,31.02,1.0418,32.3156,355.15,1.94,40.5,2,14.8,2,0.09,2,1.636,2,0.16,2
DY2306,34,70m19/M4S,5,20240426,1940,57.65,-169.01,69,20.49,0.9973,32.3091,354.8,10.46,42.8,2,19.4,2,0.12,2,1.764,2,0.18,2
DY2306,34,70m19/M4S,6,20240426,1940,57.65,-169.01,69,10.58,0.9684,32.3044,355.59,59.22,41.8,2,19.6,2,0.12,2,1.776,2,0.19,2
DY2306,34,70m19/M4S,7,20240426,1940,57.65,-169.01,69,2.04,0.97,32.3045,355.68,347.8,38.8,2,16.5,2,0.11,2,1.63,2,0.2,2
DY2306,35,70m18,1,20240426,2142,57.52,-168.61,72,66.5,1.082,32.3119,356.8,0.01,40.4,2,18.9,2,0.11,2,1.703,2,0.26,2
DY2306,35,70m18,2,20240426,2142,57.52,-168.61,72,50.84,1.0735,32.3108,357.24,0.13,39.9,2,16.4,2,0.1,2,1.618,2,0.23,2
DY2306,35,70m18,3,20240426,2142,57.52,-168.61,72,40.64,1.0711,32.3104,357.07,0.59,39.8,2,15.0,2,0.08,2,1.598,2,0.22,2
DY2306,35,70m18,4,20240426,2142,57.52,-168.61,72,30.62,1.0433,32.3062,357.72,2.74,41.0,2,15.5,2,0.08,2,1.566,2,0.23,2
DY2306,35,70m18,5,20240426,2142,57.52,-168.61,72,20.57,1.0198,32.3022,358.37,13.13,39.7,2,17.1,2,0.1,2,1.525,2,0.26,2
DY2306,35,70m18,6,20240426,2142,57.52,-168.61,72,10.22,1.0103,32.2998,359.2,69.68,40.3,2,15.2,2,0.08,2,1.483,2,0.23,2
DY2306,35,70m18,7,20240426,2142,57.52,-168.61,72,2.25,1.0227,32.2992,359.16,303.03,39.6,2,13.9,2,0.08,2,1.471,2,0.22,2
DY2306,36,70m17,1,20240426,2317,57.53,-168.31,72,66.62,0.8925,32.2037,357.25,0.02,41.4,2,17.8,2,0.09,2,1.598,2,0.21,2
DY2306,36,70m17,2,20240426,2317,57.53,-168.31,72,50.4,0.892,32.2048,354.64,0.25,40.5,2,17.1,2,0.08,2,1.455,2,0.19,2
DY2306,36,70m17,3,20240426,2317,57.53,-168.31,72,40.81,0.8916,32.066,354.81,1.01,40.9,2,18.1,2,0.09,2,1.548,2,0.22,2
DY2306,36,70m17,4,20240426,2317,57.53,-168.31,72,30.67,0.891,32.0704,351.89,4.21,37.8,2,13.1,2,0.06,2,1.514,2,0.16,2
DY2306,36,70m17,5,20240426,2317,57.53,-168.31,72,20.8,0.8959,32.0624,356.2,18.22,39.4,2,17.6,2,0.09,2,1.641,2,0.2,2
DY2306,36,70m17,6,20240426,2317,57.53,-168.31,72,10.47,0.9085,32.0606,358.11,95.83,38.0,2,15.6,2,0.08,2,1.55,2,0.16,2
DY2306,36,70m17,7,20240426,2317,57.53,-168.31,72,1.89,0.923,32.0586,358.74,436.72,37.0,2,15.7,2,0.08,2,1.532,2,0.18,2
DY2306,37,70m16,1,20240427,34,57.5,-167.99,72,67.33,1.0345,32.239,359.65,0.0,37.7,2,15.7,2,0.08,2,1.511,2,0.18,2
DY2306,37,70m16,2,20240427,34,57.5,-167.99,72,50.37,1.0541,32.2376,360.81,0.1,36.9,2,13.6,2,0.07,2,1.458,2,0.16,2
DY2306,37,70m16,3,20240427,34,57.5,-167.99,72,41.48,1.0524,32.2376,361.66,0.47,35.2,2,12.0,2,0.05,2,1.418,2,0.6,2
DY2306,37,70m16,4,20240427,34,57.5,-167.99,72,30.93,1.0528,32.2373,361.43,2.48,38.4,2,16.4,2,0.07,2,1.616,2,0.41,2
DY2306,37,70m16,5,20240427,34,57.5,-167.99,72,20.62,1.0551,32.2372,362.21,14.02,38.5,2,15.9,2,0.07,2,1.52,2,0.42,2
DY2306,37,70m16,6,20240427,34,57.5,-167.99,72,10.33,1.0617,32.2372,363.02,79.68,35.9,2,11.0,2,0.05,2,1.429,2,0.34,2
DY2306,37,70m16,7,20240427,34,57.5,-167.99,72,2.06,1.1056,32.2367,363.69,436.03,41.7,2,16.0,2,0.08,2,1.5,2,0.19,2
DY2306,38,70m15,1,20240427,211,57.5,-167.66,72,66.41,1.117,32.2197,356.08,0.0,33.2,2,10.6,2,0.08,2,1.35,2,0.41,2
DY2306,38,70m15,2,20240427,211,57.5,-167.66,72,51.11,1.1163,32.2196,356.41,0.18,32.0,2,10.0,2,0.08,2,1.27,2,0.66,2
DY2306,38,70m15,3,20240427,211,57.5,-167.66,72,40.62,1.1175,32.2197,356.32,0.85,39.5,2,16.7,2,0.13,2,1.578,2,0.58,2
DY2306,38,70m15,4,20240427,211,57.5,-167.66,72,30.8,1.1159,32.2195,356.54,3.49,-999.0,-999,-999.0,-999,-999.0,-999,-999.0,-999,-999.0,-999
DY2306,38,70m15,5,20240427,211,57.5,-167.66,72,20.79,1.1225,32.2193,357.14,14.27,32.5,2,10.1,2,0.09,2,1.273,2,0.64,2
DY2306,38,70m15,6,20240427,211,57.5,-167.66,72,10.82,1.173,32.2181,359.09,66.72,40.6,2,17.5,2,0.13,2,1.714,2,0.49,2
DY2306,38,70m15,7,20240427,211,57.5,-167.66,72,1.8,1.1976,32.2176,359.26,353.35,40.4,2,17.5,2,0.13,2,1.686,2,0.51,2
DY2306,39,70m14,1,20240427,331,57.5,-167.34,71,65.65,0.6542,32.1355,358.06,0.0,38.9,2,16.6,2,0.09,2,1.702,2,0.4,2
DY2306,39,70m14,2,20240427,331,57.5,-167.34,71,50.6,0.6565,32.1349,358.35,0.08,38.9,2,17.0,2,0.09,2,1.704,2,0.37,2
DY2306,39,70m14,3,20240427,331,57.5,-167.34,71,40.99,0.6665,32.1345,358.99,0.41,39.2,2,17.3,2,0.09,2,1.734,2,0.31,2
DY2306,39,70m14,4,20240427,331,57.5,-167.34,71,30.65,0.7132,32.1327,360.27,2.0,38.7,2,17.2,2,0.1,2,1.704,2,0.32,2
DY2306,39,70m14,5,20240427,331,57.5,-167.34,71,20.61,0.778,32.1317,361.95,9.8,39.0,2,17.0,2,0.1,2,1.688,2,0.31,2
DY2306,39,70m14,6,20240427,331,57.5,-167.34,71,9.67,0.8678,32.1272,364.69,65.91,37.7,2,16.9,2,0.11,2,1.658,2,0.28,2
DY2306,39,70m14,7,20240427,331,57.5,-167.34,71,1.77,0.9249,32.1259,364.66,348.16,39.1,2,16.8,2,0.11,2,1.672,2,0.21,2
DY2306,40,70m13,1,20240427,502,57.52,-167.04,70,64.48,0.98,32.1587,356.26,0.0,37.2,2,15.0,2,0.1,2,1.633,2,0.28,2
DY2306,40,70m13,2,20240427,502,57.52,-167.04,70,50.47,0.9811,32.1589,356.53,0.01,36.9,2,14.8,2,0.12,2,1.561,2,0.53,2
DY2306,40,70m13,3,20240427,502,57.52,-167.04,70,41.24,0.981,32.1581,356.85,0.19,39.0,2,17.4,2,0.13,2,1.671,2,0.39,2
DY2306,40,70m13,4,20240427,502,57.52,-167.04,70,31.18,0.9817,32.1576,357.12,0.96,37.1,2,15.7,2,0.14,2,1.563,2,0.64,2
DY2306,40,70m13,5,20240427,502,57.52,-167.04,70,20.77,0.9895,32.1554,358.19,4.58,36.0,2,16.2,2,0.18,2,1.457,2,0.84,2
DY2306,40,70m13,6,20240427,502,57.52,-167.04,70,10.83,1.0682,32.1438,363.31,20.88,39.3,2,17.6,2,0.12,2,1.694,2,0.42,2
DY2306,40,70m13,7,20240427,502,57.52,-167.04,70,1.83,1.1188,32.1267,363.93,108.31,39.4,2,17.6,2,0.12,2,1.71,2,0.48,2
DY2306,41,70m12,1,20240427,615,57.43,-166.81,70,64.1,1.028,32.1494,356.94,0.0,39.2,2,17.7,2,0.13,2,1.676,2,0.4,2
DY2306,41,70m12,2,20240427,615,57.43,-166.81,70,50.95,1.0304,32.1496,356.96,0.0,38.2,2,17.4,2,0.13,2,1.673,2,0.43,2
DY2306,41,70m12,3,20240427,615,57.43,-166.81,70,41.26,1.0324,32.1495,357.36,0.03,38.8,2,17.3,2,0.13,2,1.672,2,0.35,2
DY2306,41,70m12,4,20240427,615,57.43,-166.81,70,31.08,1.0427,32.1486,358.4,0.12,38.8,2,17.4,2,0.13,2,1.664,2,0.26,2
DY2306,41,70m12,5,20240427,615,57.43,-166.81,70,20.85,1.0963,32.1442,361.95,0.47,38.2,2,17.1,2,0.13,2,1.652,2,0.22,2
DY2306,41,70m12,6,20240427,615,57.43,-166.81,70,10.54,1.086,32.1258,363.27,2.21,38.2,2,16.9,2,0.12,2,1.656,2,0.22,2
DY2306,41,70m12,7,20240427,615,57.43,-166.81,70,2.11,0.9957,32.1096,363.53,11.05,38.0,2,16.8,2,0.11,2,1.671,2,0.24,2
DY2306,42,70m11,1,20240427,742,57.44,-166.51,69,63.75,0.5607,32.074,358.26,0.0,36.0,2,14.9,2,0.12,2,1.513,2,0.18,2
DY2306,42,70m11,2,20240427,742,57.44,-166.51,69,50.28,0.566,32.0736,358.28,0.0,34.4,2,13.4,2,0.1,2,1.45,2,0.32,2
DY2306,42,70m11,3,20240427,742,57.44,-166.51,69,40.62,0.5495,32.0638,359.88,0.0,35.8,2,15.5,2,0.11,2,1.586,2,0.21,2
DY2306,42,70m11,4,20240427,742,57.44,-166.51,69,29.97,0.5806,32.0414,364.04,0.0,35.5,2,14.6,2,0.09,2,1.564,2,0.26,2
DY2306,42,70m11,5,20240427,742,57.44,-166.51,69,20.28,0.8243,32.0535,367.08,0.0,37.7,2,16.9,2,0.08,2,1.713,2,0.35,2
DY2306,42,70m11,6,20240427,742,57.44,-166.51,69,10.62,0.8366,31.7333,369.35,0.08,37.5,2,16.9,2,0.08,2,1.697,2,0.44,2
DY2306,42,70m11,7,20240427,742,57.44,-166.51,69,1.88,0.9388,31.7905,372.64,1.66,37.0,2,17.0,2,0.08,2,1.707,2,0.44,2
DY2306,43,70m10,1,20240427,847,57.44,-166.33,69,63.4,1.0481,31.6307,354.08,0.0,37.8,2,17.4,2,0.12,2,1.709,2,0.41,2
DY2306,43,70m10,2,20240427,847,57.44,-166.33,69,50.84,1.0566,32.1094,353.3,0.0,39.5,2,17.5,2,0.13,2,1.698,2,0.63,2
DY2306,43,70m10,3,20240427,847,57.44,-166.33,69,40.62,1.0615,32.1081,353.42,0.0,38.9,2,17.6,2,0.12,2,1.693,2,0.36,2
DY2306,43,70m10,4,20240427,847,57.44,-166.33,69,30.29,1.0688,32.1062,353.71,0.0,38.5,2,17.4,2,0.13,2,1.706,2,0.38,2
DY2306,43,70m10,5,20240427,847,57.44,-166.33,69,20.12,1.1468,32.0604,364.6,0.0,36.2,2,16.2,2,0.14,2,1.582,2,0.18,2
DY2306,43,70m10,6,20240427,847,57.44,-166.33,69,9.97,1.2268,32.033,376.91,0.05,34.9,2,14.4,2,0.15,2,1.472,2,0.1,2
DY2306,43,70m10,7,20240427,847,57.44,-166.33,69,1.64,1.2211,32.0326,377.09,2.19,34.7,2,14.2,2,0.15,2,1.454,2,0.09,2
DY2306,44,70m9,1,20240427,1037,57.32,-166.01,69,63.28,1.0895,32.048,353.99,0.0,36.8,2,16.6,2,0.13,2,1.619,2,0.22,2
DY2306,44,70m9,2,20240427,1037,57.32,-166.01,69,50.68,1.0971,32.0474,354.47,0.0,36.7,2,16.6,2,0.13,2,1.636,2,0.27,2
DY2306,44,70m9,3,20240427,1037,57.32,-166.01,69,40.71,1.0986,32.0473,354.51,0.0,36.7,2,16.8,2,0.12,2,1.624,2,0.25,2
DY2306,44,70m9,4,20240427,1037,57.32,-166.01,69,30.48,1.0994,32.0471,354.62,0.0,37.2,2,17.2,2,0.13,2,1.662,2,0.42,2
DY2306,44,70m9,5,20240427,1037,57.32,-166.01,69,19.94,1.1126,32.0451,357.7,0.01,36.7,2,17.3,2,0.13,2,1.665,2,0.31,2
DY2306,44,70m9,6,20240427,1037,57.32,-166.01,69,9.64,1.1418,32.0429,359.71,0.12,35.0,2,13.1,2,0.1,2,1.556,2,0.33,2
DY2306,44,70m9,7,20240427,1037,57.32,-166.01,69,1.86,1.1545,32.0376,359.76,2.18,36.9,2,17.3,2,0.13,2,1.655,2,0.33,2
DY2306,45,,1,20240427,1458,57.7,-165.71,64,58.64,0.0887,32.0094,359.34,0.0,-999.0,-999,-999.0,-999,-999.0,-999,-999.0,-999,-999.0,-999
DY2306,45,,2,20240427,1458,57.7,-165.71,64,19.39,-0.0675,31.9694,366.34,0.0,34.2,2,16.1,2,0.06,2,1.531,2,0.62,2
DY2306,45,,3,20240427,1458,57.7,-165.71,64,15.49,-0.7692,31.5386,497.88,0.09,1.6,2,0.1,2,0.01,2,0.307,2,0.09,2
DY2306,45,,4,20240427,1458,57.7,-165.71,64,2.23,-0.9045,31.2246,456.01,2.14,2.1,2,0.0,2,0.0,2,0.35,2,0.07,2
DY2306,46,,1,20240427,1601,57.64,-165.7,64,58.95,0.2349,32.0326,358.77,0.0,-999.0,-999,-999.0,-999,-999.0,-999,-999.0,-999,-999.0,-999
DY2306,46,,2,20240427,1601,57.64,-165.7,64,16.79,-0.1045,31.7666,414.49,2.56,-999.0,-999,-999.0,-999,-999.0,-999,-999.0,-999,-999.0,-999
DY2306,46,,3,20240427,1601,57.64,-165.7,64,2.16,-0.3942,31.329,451.86,87.05,-999.0,-999,-999.0,-999,-999.0,-999,-999.0,-999,-999.0,-999
DY2306,47,,1,20240427,1649,57.57,-165.71,66,59.83,0.3672,32.0505,357.27,0.0,-999.0,-999,-999.0,-999,-999.0,-999,-999.0,-999,-999.0,-999
DY2306,47,,2,20240427,1649,57.57,-165.71,66,19.68,0.3602,32.0477,357.68,3.51,-999.0,-999,-999.0,-999,-999.0,-999,-999.0,-999,-999.0,-999
DY2306,47,,3,20240427,1649,57.57,-165.71,66,1.88,-0.3226,31.3491,453.85,309.26,-999.0,-999,-999.0,-999,-999.0,-999,-999.0,-999,-999.0,-999
DY2306,48,,1,20240427,1801,57.51,-165.71,67,60.91,0.4279,32.0486,357.66,0.0,-999.0,-999,-999.0,-999,-999.0,-999,-999.0,-999,-999.0,-999
DY2306,48,,2,20240427,1801,57.51,-165.71,67,17.42,-0.0182,31.671,411.44,2.98,-999.0,-999,-999.0,-999,-999.0,-999,-999.0,-999,-999.0,-999
DY2306,48,,3,20240427,1801,57.51,-165.71,67,1.93,-0.3789,31.3874,458.02,209.02,-999.0,-999,-999.0,-999,-999.0,-999,-999.0,-999,-999.0,-999
DY2306,49,70m8,1,20240427,1937,57.26,-165.75,70,63.98,1.1801,32.0698,355.48,0.05,36.0,2,17.1,2,0.13,2,1.615,2,0.35,2
DY2306,49,70m8,2,20240427,1937,57.26,-165.75,70,50.61,1.184,32.0694,355.72,0.32,35.3,2,16.9,2,0.12,2,1.559,2,0.32,2
DY2306,49,70m8,3,20240427,1937,57.26,-165.75,70,40.57,1.1807,32.0698,355.7,1.83,36.4,2,16.9,2,0.12,2,1.604,2,0.34,2
DY2306,49,70m8,4,20240427,1937,57.26,-165.75,70,31.06,1.1884,32.0694,356.22,8.51,33.1,2,12.0,2,0.09,2,1.435,2,0.26,2
DY2306,49,70m8,5,20240427,1937,57.26,-165.75,70,21.13,1.2095,32.0687,357.15,27.63,36.8,2,16.9,2,0.13,2,1.538,2,0.3,2
DY2306,49,70m8,6,20240427,1937,57.26,-165.75,70,10.6,1.2301,32.0686,357.63,221.85,36.8,2,16.8,2,0.13,2,1.599,2,0.3,2
DY2306,49,70m8,7,20240427,1937,57.26,-165.75,70,1.94,1.2569,32.0686,357.59,1269.4,36.7,2,16.9,2,0.13,2,1.6,2,0.28,2
DY2306,50,70m7,1,20240427,2106,57.11,-165.61,71,65.39,1.3066,32.0553,353.67,0.01,37.0,2,17.1,2,0.14,2,1.536,2,0.37,2
DY2306,50,70m7,2,20240427,2106,57.11,-165.61,71,50.98,1.3163,32.0539,354.09,0.4,37.1,2,17.1,2,0.14,2,1.558,2,0.34,2
DY2306,50,70m7,3,20240427,2106,57.11,-165.61,71,41.22,1.3288,32.0511,354.1,1.64,37.0,2,17.0,2,0.15,2,1.483,2,0.32,2
DY2306,50,70m7,4,20240427,2106,57.11,-165.61,71,30.84,1.3762,32.0445,354.81,8.45,35.4,2,13.8,2,0.13,2,1.482,2,0.24,2
DY2306,50,70m7,5,20240427,2106,57.11,-165.61,71,20.64,1.4234,32.0395,355.76,35.25,37.0,2,16.9,2,0.16,2,1.545,2,0.24,2
DY2306,50,70m7,6,20240427,2106,57.11,-165.61,71,10.74,1.5517,32.0297,358.36,195.83,33.4,2,13.7,2,0.14,2,1.459,2,0.18,2
DY2306,50,70m7,7,20240427,2106,57.11,-165.61,71,2.61,1.5594,32.0303,358.15,998.8,35.7,2,16.6,2,0.17,2,1.527,2,0.22,2
DY2306,51,70m6,1,20240427,2222,56.99,-165.37,72,66.77,1.4617,32.0042,350.67,0.0,36.6,2,17.1,2,0.17,2,1.558,2,0.35,2
DY2306,51,70m6,2,20240427,2222,56.99,-165.37,72,51.39,1.4748,32.0018,351.07,0.25,36.6,2,16.9,2,0.17,2,1.515,2,0.33,2
DY2306,51,70m6,3,20240427,2222,56.99,-165.37,72,41.19,1.4744,32.0019,351.02,1.52,36.7,2,16.2,2,0.17,2,1.564,2,0.34,2
DY2306,51,70m6,4,20240427,2222,56.99,-165.37,72,30.67,1.4755,32.0018,351.45,9.09,36.2,2,17.1,2,0.17,2,1.59,2,0.33,2
DY2306,51,70m6,5,20240427,2222,56.99,-165.37,72,21.16,1.4763,32.0018,351.2,49.74,37.2,2,17.1,2,0.18,2,1.52,2,0.29,2
DY2306,51,70m6,6,20240427,2222,56.99,-165.37,72,11.12,1.8234,31.9475,353.98,293.26,36.0,2,16.7,2,0.2,2,1.583,2,0.17,2
DY2306,51,70m6,7,20240427,2222,56.99,-165.37,72,2.32,1.9262,31.9418,353.92,1544.5,35.8,2,16.7,2,0.2,2,1.506,2,0.16,2
DY2306,52,70m5,1,20240428,1,56.86,-165.13,74,68.44,1.407,31.9959,351.99,0.0,35.4,2,15.2,2,0.14,2,1.497,2,0.34,2
DY2306,52,70m5,2,20240428,1,56.86,-165.13,74,51.3,1.461,31.9901,353.12,0.22,36.0,2,16.6,2,0.16,2,1.567,2,0.29,2
DY2306,52,70m5,3,20240428,1,56.86,-165.13,74,41.07,1.4737,31.9877,352.89,1.83,36.9,2,16.7,2,0.16,2,1.511,2,0.28,2
DY2306,52,70m5,4,20240428,1,56.86,-165.13,74,31.11,1.4697,31.9812,351.71,9.34,36.5,2,16.8,2,0.17,2,1.519,2,0.3,2
DY2306,52,70m5,5,20240428,1,56.86,-165.13,74,21.18,1.5296,31.9799,355.16,45.88,36.0,2,16.6,2,0.17,2,1.505,2,0.22,2
DY2306,52,70m5,7,20240428,1,56.86,-165.13,74,10.89,1.5841,31.9755,356.27,258.58,36.6,2,16.5,2,0.17,2,1.482,2,0.2,2
DY2306,52,70m5,8,20240428,1,56.86,-165.13,74,2.76,1.85,31.9646,353.16,1023.9,36.1,2,17.0,2,0.18,2,1.58,2,0.18,2
DY2306,53,70m4,1,20240428,137,56.91,-164.84,72,67.19,1.399,31.9945,351.39,0.0,35.8,2,16.4,2,0.15,2,1.476,2,0.46,2
DY2306,53,70m4,2,20240428,137,56.91,-164.84,72,50.27,1.4108,31.9922,351.93,0.29,35.6,2,16.4,2,0.16,2,1.461,2,0.41,2
DY2306,53,70m4,3,20240428,137,56.91,-164.84,72,40.99,1.4174,31.9909,352.18,1.24,35.0,2,16.5,2,0.16,2,1.569,2,0.4,2
DY2306,53,70m4,4,20240428,137,56.91,-164.84,72,31.16,1.4273,31.9888,352.29,5.36,35.1,2,16.5,2,0.16,2,1.53,2,0.36,2
DY2306,53,70m4,5,20240428,137,56.91,-164.84,72,20.93,1.4449,31.9841,352.24,24.18,36.1,2,16.5,2,0.16,2,1.58,2,0.34,2
DY2306,53,70m4,7,20240428,137,56.91,-164.84,72,11.25,1.8763,31.9632,370.27,138.46,32.7,2,14.3,2,0.18,2,1.41,2,0.16,2
DY2306,53,70m4,8,20240428,137,56.91,-164.84,72,1.9,1.9411,31.9671,368.8,1004.3,31.4,2,12.6,2,0.16,2,1.382,2,0.14,2
DY2306,54,70m3,1,20240428,309,56.81,-164.59,74,68.66,1.5459,31.9444,346.63,0.0,34.8,2,16.7,2,0.18,2,1.605,2,0.65,2
DY2306,54,70m3,2,20240428,309,56.81,-164.59,74,51.21,1.6512,31.9169,345.73,0.05,35.4,2,16.8,2,0.19,2,1.614,2,0.52,2
DY2306,54,70m3,3,20240428,309,56.81,-164.59,74,41.04,1.6946,31.9061,345.57,0.43,35.3,2,16.8,2,0.2,2,1.537,2,0.5,2
DY2306,54,70m3,4,20240428,309,56.81,-164.59,74,31.03,1.6998,31.9046,345.72,2.27,35.5,2,16.9,2,0.2,2,1.409,2,0.48,2
DY2306,54,70m3,5,20240428,309,56.81,-164.59,74,20.79,1.752,31.894,346.36,12.11,35.4,2,16.4,2,0.2,2,1.35,2,0.39,2
DY2306,54,70m3,7,20240428,309,56.81,-164.59,74,10.74,2.3316,31.8616,363.23,101.34,31.5,2,14.8,2,0.23,2,1.377,2,0.1,2
DY2306,54,70m3,8,20240428,309,56.81,-164.59,74,2.69,2.4526,31.8585,361.23,573.56,30.9,2,14.6,2,0.22,2,1.42,2,0.09,2
DY2306,55,M2W,1,20240428,423,56.77,-164.33,74,69.02,1.6253,31.926,348.04,0.0,34.7,2,16.4,2,0.17,2,1.587,2,0.49,2
DY2306,55,M2W,2,20240428,423,56.77,-164.33,74,50.95,1.6446,31.9234,348.95,0.0,34.0,2,16.4,2,0.17,2,1.597,2,0.42,2
DY2306,55,M2W,3,20240428,423,56.77,-164.33,74,41.05,1.6648,31.9205,349.56,0.08,34.2,2,16.4,2,0.18,2,1.492,2,0.5,2
DY2306,55,M2W,4,20240428,423,56.77,-164.33,74,30.36,1.7357,31.9104,351.95,0.49,32.4,2,14.0,2,0.16,2,1.428,2,0.23,2
DY2306,55,M2W,5,20240428,423,56.77,-164.33,74,20.9,1.8721,31.898,366.76,2.9,29.0,2,14.1,2,0.19,2,1.302,2,0.1,2
DY2306,55,M2W,7,20240428,423,56.77,-164.33,74,11.01,2.2197,31.8833,365.8,21.08,30.5,2,14.2,2,0.19,2,1.396,2,0.09,2
DY2306,55,M2W,8,20240428,423,56.77,-164.33,74,2.6,2.2551,31.8839,365.2,128.02,30.8,2,14.5,2,0.2,2,1.353,2,0.1,2
DY2306,56,M2S,1,20240428,629,56.67,-163.87,75,70.43,1.9418,31.8371,342.51,0.0,35.8,2,17.1,2,0.22,2,1.556,2,0.36,2
DY2306,56,M2S,2,20240428,629,56.67,-163.87,75,51.25,2.0125,31.8252,342.9,0.0,35.0,2,16.9,2,0.23,2,1.565,2,0.31,2
DY2306,56,M2S,3,20240428,629,56.67,-163.87,75,40.96,2.1307,31.8124,344.62,0.0,33.4,2,16.6,2,0.24,2,1.56,2,0.19,2
DY2306,56,M2S,4,20240428,629,56.67,-163.87,75,30.95,2.3794,31.8038,355.77,0.0,29.9,2,15.1,2,0.24,2,1.38,2,0.07,2
DY2306,56,M2S,5,20240428,629,56.67,-163.87,75,20.54,2.4056,31.8021,358.65,0.13,30.1,2,14.7,2,0.24,2,1.456,2,0.04,2
DY2306,56,M2S,6,20240428,629,56.67,-163.87,75,10.81,2.5951,31.8006,359.21,0.8,30.7,2,14.8,2,0.24,2,1.442,2,0.05,2
DY2306,56,M2S,7,20240428,629,56.67,-163.87,75,3.01,2.6031,31.8015,358.88,3.98,30.4,2,14.9,2,0.24,2,1.418,2,0.04,2
DY2306,57,M2E,1,20240428,835,56.94,-163.84,70,64.16,1.0526,31.9347,349.56,0.0,32.5,2,15.8,2,0.12,2,1.562,2,0.91,2
DY2306,57,M2E,2,20240428,835,56.94,-163.84,70,51.15,1.2541,31.9211,348.44,0.0,33.5,2,16.1,2,0.13,2,1.521,2,0.69,2
DY2306,57,M2E,3,20240428,835,56.94,-163.84,70,40.68,1.7194,31.8581,355.21,0.0,29.4,2,12.1,2,0.13,2,1.36,2,0.16,2
DY2306,57,M2E,4,20240428,835,56.94,-163.84,70,30.49,2.0847,31.8295,361.88,0.0,28.9,2,14.2,2,0.2,2,1.372,2,0.04,2
DY2306,57,M2E,5,20240428,835,56.94,-163.84,70,20.46,2.2078,31.8172,369.28,0.0,27.6,2,13.5,2,0.21,2,1.348,2,0.06,2
DY2306,57,M2E,6,20240428,835,56.94,-163.84,70,10.39,2.5366,31.8063,364.51,0.09,28.9,2,13.8,2,0.22,2,1.375,2,0.05,2
DY2306,57,M2E,7,20240428,835,56.94,-163.84,70,2.65,2.5353,31.8064,364.05,1.6,26.8,2,12.2,2,0.19,2,1.267,2,0.02,2
DY2306,58,M2N,1,20240428,1035,57.02,-164.22,70,64.86,1.2535,31.9807,349.01,0.0,34.9,2,16.4,2,0.12,2,1.609,2,0.66,2
DY2306,58,M2N,2,20240428,1035,57.02,-164.22,70,50.85,1.2593,31.9791,348.94,0.0,34.2,2,16.4,2,0.12,2,1.595,2,0.65,2
DY2306,58,M2N,3,20240428,1035,57.02,-164.22,70,40.44,1.2608,31.9787,349.2,0.0,33.8,2,16.2,2,0.13,2,1.609,2,0.66,2
DY2306,58,M2N,4,20240428,1035,57.02,-164.22,70,30.04,1.4803,31.936,351.55,0.0,33.5,2,16.0,2,0.15,2,1.523,2,0.38,2
DY2306,58,M2N,5,20240428,1035,57.02,-164.22,70,20.35,1.8722,31.8906,378.47,0.0,26.2,2,12.0,2,0.17,2,1.214,2,0.03,2
DY2306,58,M2N,6,20240428,1035,57.02,-164.22,70,9.94,2.1043,31.8921,383.31,0.07,26.5,2,11.2,2,0.18,2,1.218,2,0.05,2
DY2306,58,M2N,7,20240428,1035,57.02,-164.22,70,2.08,2.0994,31.8922,383.35,1.71,26.6,2,11.1,2,0.18,2,1.168,2,0.05,2
DY2306,59,M2,1,20240428,1449,56.87,-164.05,73,67.48,1.5115,31.9256,347.6,0.0,32.8,2,13.8,2,0.13,2,1.454,2,0.52,2
DY2306,59,M2,2,20240428,1449,56.87,-164.05,73,50.79,1.526,31.9225,347.43,0.0,34.2,2,16.5,2,0.16,2,1.523,2,0.49,2
DY2306,59,M2,3,20240428,1449,56.87,-164.05,73,40.8,1.5513,31.9184,347.95,0.0,34.0,2,16.5,2,0.16,2,1.533,2,0.43,2
DY2306,59,M2,4,20240428,1449,56.87,-164.05,73,30.92,1.7958,31.8974,358.0,0.0,30.3,2,15.0,2,0.19,2,1.428,2,0.12,2
DY2306,59,M2,5,20240428,1449,56.87,-164.05,73,21.29,2.0245,31.884,374.18,0.0,26.9,2,12.7,2,0.2,2,1.2,2,0.04,2
DY2306,59,M2,6,20240428,1449,56.87,-164.05,73,9.89,2.2452,31.872,373.11,0.19,27.2,2,12.7,2,0.2,2,1.261,2,0.09,2
DY2306,59,M2,7,20240428,1449,56.87,-164.05,73,1.65,2.2494,31.8714,372.82,2.55,26.7,2,13.0,2,0.22,2,1.32,2,0.1,2
DY2306,60,,1,20240429,555,57.39,-163.85,58,52.87,-0.5242,31.7538,365.33,0.0,3.8,2,6.1,2,0.07,2,0.887,2,1.62,2
DY2306,60,,2,20240429,555,57.39,-163.85,58,40.75,-0.5802,31.7408,368.41,0.01,3.4,2,5.8,2,0.07,2,0.795,2,1.5,2
DY2306,60,,3,20240429,555,57.39,-163.85,58,31.26,-0.6174,31.7305,370.96,0.41,3.4,2,5.2,2,0.06,2,0.696,2,1.35,2
DY2306,60,,4,20240429,555,57.39,-163.85,58,20.9,-0.8796,31.6086,396.27,2.87,1.8,2,2.2,2,0.04,2,0.543,2,0.66,2
DY2306,60,,5,20240429,555,57.39,-163.85,58,10.93,-1.2093,31.0152,415.75,7.97,2.3,2,0.2,2,0.01,2,0.371,2,0.15,2
DY2306,60,,6,20240429,555,57.39,-163.85,58,2.63,-1.1536,30.9612,413.19,24.99,2.3,2,0.1,2,0.01,2,0.324,2,0.12,2
DY2306,61,,1,20240429,643,57.34,-163.87,61,55.73,-0.0716,31.833,356.85,0.0,10.9,2,9.7,2,0.08,2,1.102,2,1.45,2
DY2306,61,,2,20240429,643,57.34,-163.87,61,41.51,-0.2297,31.804,361.01,0.0,8.1,2,8.3,2,0.07,2,0.961,2,1.35,2
DY2306,61,,3,20240429,643,57.34,-163.87,61,30.52,-0.3942,31.7739,364.19,0.02,5.7,2,6.9,2,0.07,2,0.854,2,1.32,2
DY2306,61,,4,20240429,643,57.34,-163.87,61,21.27,-0.875,31.5047,409.32,0.11,3.9,2,2.0,2,0.05,2,0.603,2,0.47,2
DY2306,61,,5,20240429,643,57.34,-163.87,61,11.27,-1.1164,31.0015,418.85,0.36,1.3,2,0.1,2,0.02,2,0.329,2,0.15,2
DY2306,61,,6,20240429,643,57.34,-163.87,61,2.55,-0.9156,30.9388,411.78,2.78,0.7,2,0.0,2,0.0,2,0.373,2,0.12,2
DY2306,65,M2C,1,20240429,1414,56.86,-164.05,72,65.78,1.5112,31.9247,347.49,0.0,34.6,2,15.9,2,0.17,2,1.374,2,0.63,2
DY2306,65,M2C,2,20240429,1414,56.86,-164.05,72,50.89,1.5137,31.9244,347.51,0.0,33.6,2,16.0,2,0.17,2,1.523,2,0.55,2
DY2306,65,M2C,3,20240429,1414,56.86,-164.05,72,40.15,1.5405,31.9201,348.06,0.0,34.7,2,16.5,2,0.17,2,1.536,2,0.56,2
DY2306,65,M2C,4,20240429,1414,56.86,-164.05,72,32.0,1.9587,31.8865,366.6,0.0,28.8,2,13.9,2,0.2,2,1.322,2,0.26,2
DY2306,65,M2C,5,20240429,1414,56.86,-164.05,72,20.56,2.2462,31.8641,368.91,0.0,24.8,2,11.4,2,0.2,2,1.227,2,0.13,2
DY2306,65,M2C,6,20240429,1414,56.86,-164.05,72,11.35,2.2406,31.8649,369.44,0.03,26.2,2,12.8,2,0.22,2,1.217,2,0.14,2
DY2306,65,M2C,7,20240429,1414,56.86,-164.05,72,2.21,2.2393,31.8651,369.43,1.44,25.2,2,11.8,2,0.2,2,1.25,2,0.29,2
DY2306,66,M2C,1,20240430,256,56.87,-164.05,72,66.97,1.6392,31.903,346.66,0.0,33.8,2,15.4,2,0.17,2,1.518,2,0.65,2
DY2306,66,M2C,2,20240430,256,56.87,-164.05,72,52.23,1.6383,31.9027,346.74,0.0,34.6,2,16.2,2,0.18,2,1.491,2,0.6,2
DY2306,66,M2C,3,20240430,256,56.87,-164.05,72,39.14,1.6613,31.9001,347.51,0.03,34.6,2,16.4,2,0.18,2,1.406,2,0.63,2
DY2306,66,M2C,4,20240430,256,56.87,-164.05,72,31.32,1.9916,31.8769,360.32,0.23,28.1,2,14.2,2,0.21,2,1.253,2,0.28,2
DY2306,66,M2C,5,20240430,256,56.87,-164.05,72,20.54,2.2399,31.8587,368.26,2.51,24.4,2,11.5,2,0.2,2,1.159,2,0.16,2
DY2306,66,M2C,6,20240430,256,56.87,-164.05,72,10.72,2.4169,31.8542,371.48,19.65,27.4,2,12.8,2,0.22,2,1.251,2,0.14,2
DY2306,66,M2C,7,20240430,256,56.87,-164.05,72,2.6,2.4149,31.8549,371.89,174.81,27.6,2,12.7,2,0.22,2,1.225,2,0.13,2
DY2306,67,KUM3A,1,20240430,2202,58.79,-163.28,27,24.34,-0.6583,30.2592,418.32,6.64,0.1,2,0.0,2,0.0,2,0.286,2,0.05,2
DY2306,67,KUM3A,1,20240430,2202,58.79,-163.28,27,24.34,-0.6583,30.2592,418.32,6.64,0.8,2,0.0,2,0.0,2,0.398,2,0.06,2
DY2306,67,KUM3A,2,20240430,2202,58.79,-163.28,27,10.85,-0.6232,30.2439,418.53,105.63,0.7,2,0.0,2,0.0,2,0.273,2,0.07,2
DY2306,67,KUM3A,2,20240430,2202,58.79,-163.28,27,10.85,-0.6232,30.2439,418.53,105.63,0.2,2,0.0,2,0.0,2,0.376,2,0.07,2
DY2306,67,KUM3A,3,20240430,2202,58.79,-163.28,27,2.2,-0.5577,30.2393,418.12,602.2,0.3,2,0.0,2,0.0,2,0.29,2,0.06,2
DY2306,67,KUM3A,3,20240430,2202,58.79,-163.28,27,2.2,-0.5577,30.2393,418.12,602.2,0.4,2,0.0,2,0.0,2,0.375,2,0.05,2
DY2306,68,KUM2A,1,20240501,223,58.26,-163.49,40,36.24,-1.1148,30.4234,418.07,0.55,-999.0,-999,-999.0,-999,-999.0,-999,-999.0,-999,-999.0,-999
DY2306,68,KUM2A,2,20240501,223,58.26,-163.49,40,20.45,-1.1089,30.4202,418.63,11.1,-999.0,-999,-999.0,-999,-999.0,-999,-999.0,-999,-999.0,-999
DY2306,68,KUM2A,3,20240501,223,58.26,-163.49,40,10.86,-0.9452,30.4148,420.01,76.6,-999.0,-999,-999.0,-999,-999.0,-999,-999.0,-999,-999.0,-999
DY2306,68,KUM2A,4,20240501,223,58.26,-163.49,40,1.97,-0.8402,30.4125,418.39,609.11,-999.0,-999,-999.0,-999,-999.0,-999,-999.0,-999,-999.0,-999
DY2306,69,,1,20240501,443,58.02,-163.61,46,40.38,-1.3097,30.6315,412.37,0.05,-999.0,-999,-999.0,-999,-999.0,-999,-999.0,-999,-999.0,-999
DY2306,70,,1,20240501,503,58.06,-163.6,45,39.65,-1.293,30.5849,411.9,0.01,-999.0,-999,-999.0,-999,-999.0,-999,-999.0,-999,-999.0,-999
DY2306,71,,1,20240501,604,58.11,-163.58,44,38.48,-1.2634,30.5473,411.11,0.02,-999.0,-999,-999.0,-999,-999.0,-999,-999.0,-999,-999.0,-999
DY2306,72,,1,20240501,637,58.15,-163.56,42,37.1,-1.2507,30.5332,411.56,0.0,-999.0,-999,-999.0,-999,-999.0,-999,-999.0,-999,-999.0,-999
DY2306,73,,1,20240501,711,58.19,-163.54,42,37.08,-1.1021,30.5161,411.4,0.0,-999.0,-999,-999.0,-999,-999.0,-999,-999.0,-999,-999.0,-999
DY2306,74,KUM-1A,1,20240501,2242,57.7,-163.73,49,44.74,-1.3136,31.0298,398.63,0.88,1.3,2,0.0,2,0.05,2,0.563,2,1.01,2
DY2306,74,KUM-1A,2,20240501,2242,57.7,-163.73,49,41.69,-1.3075,31.0284,398.54,1.29,1.1,2,0.0,2,0.05,2,0.496,2,0.89,2
DY2306,74,KUM-1A,3,20240501,2242,57.7,-163.73,49,30.57,-1.2417,31.017,401.2,7.05,0.8,2,0.0,2,0.05,2,0.521,2,0.82,2
DY2306,74,KUM-1A,4,20240501,2242,57.7,-163.73,49,20.26,-1.0558,30.9146,406.84,28.9,0.7,2,0.0,2,0.03,2,0.409,2,0.27,2
DY2306,74,KUM-1A,4,20240501,2242,57.7,-163.73,49,20.26,-1.0558,30.9146,406.84,28.9,0.7,2,0.0,2,0.03,2,0.432,2,0.27,2
DY2306,74,KUM-1A,5,20240501,2242,57.7,-163.73,49,10.88,-1.0254,30.9123,408.74,108.07,0.9,2,0.0,2,0.02,2,0.423,2,0.22,2
DY2306,74,KUM-1A,6,20240501,2242,57.7,-163.73,49,2.53,-0.974,30.9147,407.05,473.39,-999.0,-999,-999.0,-999,-999.0,-999,-999.0,-999,-999.0,-999
DY2306,78,AW1,1,20240504,2201,53.98,-166.98,200,202.05,4.373,33.1965,251.56,0.0,57.2,2,25.9,2,0.17,2,2.086,2,1.0,2
DY2306,78,AW1,2,20240504,2201,53.98,-166.98,200,101.06,4.4815,32.9209,252.02,0.0,45.0,2,17.0,2,0.13,2,1.722,2,1.0,2
DY2306,78,AW1,3,20240504,2201,53.98,-166.98,200,76.24,4.5013,32.7894,269.61,0.0,41.4,2,21.2,2,0.19,2,1.735,2,1.5,2
DY2306,78,AW1,4,20240504,2201,53.98,-166.98,200,51.05,4.5712,32.705,286.63,0.06,36.7,2,19.1,2,0.19,2,1.558,2,1.66,2
DY2306,78,AW1,5,20240504,2201,53.98,-166.98,200,41.1,4.5614,32.6741,293.74,0.23,32.6,2,15.3,2,0.17,2,1.441,2,1.45,2
DY2306,78,AW1,6,20240504,2201,53.98,-166.98,200,30.56,4.5609,32.6651,296.95,0.92,31.6,2,14.1,2,0.16,2,1.431,2,1.38,2
DY2306,78,AW1,7,20240504,2201,53.98,-166.98,200,21.14,4.5902,32.6444,301.38,3.21,32.3,2,14.4,2,0.16,2,1.433,2,1.4,2
DY2306,78,AW1,8,20240504,2201,53.98,-166.98,200,12.96,4.8037,32.5821,345.93,17.08,18.8,2,10.1,2,0.18,2,1.01,2,1.0,2
DY2306,78,AW1,9,20240504,2201,53.98,-166.98,200,2.32,4.6777,32.4208,340.15,239.59,19.8,2,10.3,2,0.19,2,1.062,2,1.15,2
DY2306,79,AW2,1,20240505,23,54.08,-167.06,1087,1094.83,2.6892,34.3906,22.84,-999.0,158.1,2,37.7,2,0.02,2,2.845,2,0.34,2
DY2306,79,AW2,2,20240505,23,54.08,-167.06,1087,758.07,3.3486,34.1911,23.36,-999.0,127.0,2,33.2,2,0.0,2,2.77,2,0.0,2
DY2306,79,AW2,3,20240505,23,54.08,-167.06,1087,505.34,3.8033,33.921,48.04,-999.0,107.5,2,38.4,2,0.01,2,2.715,2,0.0,2
DY2306,79,AW2,4,20240505,23,54.08,-167.06,1087,102.73,4.3845,33.1206,286.22,-999.0,50.3,2,21.4,2,0.18,2,1.858,2,1.13,2
DY2306,79,AW2,5,20240505,23,54.08,-167.06,1087,76.03,4.4113,32.9608,326.85,-999.0,34.9,2,18.2,2,0.23,2,1.503,2,1.68,2
DY2306,79,AW2,6,20240505,23,54.08,-167.06,1087,49.26,4.5554,32.8148,348.88,-999.0,26.0,2,14.5,2,0.23,2,1.156,2,0.77,2
DY2306,79,AW2,7,20240505,23,54.08,-167.06,1087,39.75,4.5571,32.7777,344.37,-999.0,27.2,2,14.8,2,0.22,2,1.184,2,0.66,2
DY2306,79,AW2,8,20240505,23,54.08,-167.06,1087,31.71,4.604,32.7022,337.5,-999.0,24.3,2,11.3,2,0.17,2,1.156,2,0.52,2
DY2306,79,AW2,9,20240505,23,54.08,-167.06,1087,20.6,4.7618,32.5784,344.62,-999.0,17.1,2,6.8,2,0.13,2,0.873,2,0.22,2
DY2306,79,AW2,10,20240505,23,54.08,-167.06,1087,11.04,4.7961,32.5732,352.11,-999.0,18.6,2,8.0,2,0.16,2,0.863,2,0.15,2
DY2306,79,AW2,11,20240505,23,54.08,-167.06,1087,2.23,4.8039,32.5766,352.7,-999.0,20.3,2,8.3,2,0.16,2,0.842,2,0.13,2
DY2306,80,AW3,1,20240505,229,54.17,-167.16,1599,1519.67,2.225,34.5056,35.28,-999.0,183.1,2,39.3,2,0.01,2,3.079,2,0.03,2
DY2306,80,AW3,2,20240505,229,54.17,-167.16,1599,757.3,3.3506,34.1862,24.48,-999.0,130.0,2,30.8,2,0.0,2,2.97,2,0.03,2
DY2306,80,AW3,3,20240505,229,54.17,-167.16,1599,504.28,3.8144,33.8949,42.21,-999.0,106.3,2,41.8,2,0.01,2,2.869,2,0.0,2
DY2306,80,AW3,4,20240505,229,54.17,-167.16,1599,99.09,4.3435,33.1067,312.48,-999.0,47.6,2,23.2,2,0.24,2,1.805,2,1.33,2
DY2306,80,AW3,5,20240505,229,54.17,-167.16,1599,75.23,4.4596,33.0727,313.31,-999.0,44.1,2,21.4,2,0.23,2,1.687,2,1.55,2
DY2306,80,AW3,6,20240505,229,54.17,-167.16,1599,51.71,4.4183,32.8815,336.19,-999.0,27.3,2,13.8,2,0.23,2,1.294,2,1.21,2
DY2306,80,AW3,7,20240505,229,54.17,-167.16,1599,40.55,4.3964,32.8119,338.11,-999.0,30.4,2,15.6,2,0.23,2,1.312,2,0.79,2
DY2306,80,AW3,8,20240505,229,54.17,-167.16,1599,31.15,4.5306,32.7164,273.78,-999.0,37.0,2,17.4,2,0.18,2,1.685,2,1.74,2
DY2306,80,AW3,9,20240505,229,54.17,-167.16,1599,21.05,4.7585,32.5804,331.51,-999.0,26.2,2,12.9,2,0.21,2,1.096,2,0.53,2
DY2306,80,AW3,10,20240505,229,54.17,-167.16,1599,10.68,4.7806,32.5802,340.71,-999.0,25.2,2,12.2,2,0.2,2,1.056,2,0.33,2
DY2306,80,AW3,11,20240505,229,54.17,-167.16,1599,2.29,4.7872,32.5793,341.68,-999.0,25.2,2,12.5,2,0.21,2,1.033,2,0.35,2
DY2306,81,AW4,1,20240505,546,54.32,-167.28,859,860.52,3.134,34.2515,24.57,-999.0,139.6,2,31.4,2,0.02,2,2.9,2,0.04,2
DY2306,81,AW4,2,20240505,546,54.32,-167.28,859,757.92,3.3226,34.1903,25.58,-999.0,130.4,2,32.2,2,0.01,2,2.655,2,0.03,2
DY2306,81,AW4,3,20240505,546,54.32,-167.28,859,505.89,3.7377,33.9353,41.3,-999.0,103.4,2,27.3,2,0.01,2,2.631,2,0.02,2
DY2306,81,AW4,4,20240505,546,54.32,-167.28,859,101.73,4.1062,33.172,256.94,-999.0,60.3,2,30.1,2,0.13,2,2.191,2,0.22,2
DY2306,81,AW4,5,20240505,546,54.32,-167.28,859,76.37,4.1571,33.0821,289.94,-999.0,51.0,2,16.6,2,0.14,2,1.93,2,0.75,2
DY2306,81,AW4,6,20240505,546,54.32,-167.28,859,51.39,4.5191,32.9764,343.13,-999.0,29.7,2,15.9,2,0.24,2,1.307,2,1.09,2
DY2306,81,AW4,7,20240505,546,54.32,-167.28,859,41.62,4.6105,32.8759,347.43,-999.0,28.0,2,15.3,2,0.24,2,1.268,2,0.66,2
DY2306,81,AW4,8,20240505,546,54.32,-167.28,859,31.3,4.8017,32.8187,355.39,-999.0,25.4,2,13.6,2,0.23,2,1.123,2,0.51,2
DY2306,81,AW4,9,20240505,546,54.32,-167.28,859,20.82,4.7509,32.6051,337.86,-999.0,24.8,2,12.9,2,0.22,2,1.032,2,0.45,2
DY2306,81,AW4,10,20240505,546,54.32,-167.28,859,10.39,4.8472,32.5805,351.86,-999.0,20.5,2,9.7,2,0.19,2,0.914,2,0.2,2
DY2306,81,AW4,11,20240505,546,54.32,-167.28,859,2.46,4.8449,32.5809,348.43,-999.0,16.7,2,7.8,2,0.16,2,0.876,2,0.2,2
DY2306,82,AW5,1,20240505,728,54.45,-167.38,650,647.35,3.4425,34.141,28.6,-999.0,123.4,2,36.2,2,0.02,2,2.788,2,0.13,2
DY2306,82,AW5,2,20240505,728,54.45,-167.38,650,506.83,3.6696,33.995,32.21,-999.0,113.0,2,30.8,2,0.0,2,2.718,2,0.01,2
DY2306,82,AW5,3,20240505,728,54.45,-167.38,650,303.21,4.0798,33.6883,80.75,-999.0,86.8,2,38.0,2,0.04,2,2.663,2,0.09,2
DY2306,82,AW5,4,20240505,728,54.45,-167.38,650,101.92,4.09,33.2245,254.03,-999.0,63.2,2,29.2,2,0.13,2,2.124,2,0.05,2
DY2306,82,AW5,5,20240505,728,54.45,-167.38,650,75.86,4.0151,33.1301,294.66,-999.0,52.6,2,26.7,2,0.23,2,2.106,2,0.73,2
DY2306,82,AW5,6,20240505,728,54.45,-167.38,650,50.96,4.4791,33.1188,317.94,-999.0,42.9,2,21.6,2,0.23,2,1.555,2,1.12,2
DY2306,82,AW5,7,20240505,728,54.45,-167.38,650,41.0,4.4674,33.062,328.82,-999.0,35.2,2,18.1,2,0.24,2,1.495,2,1.37,2
DY2306,82,AW5,8,20240505,728,54.45,-167.38,650,31.39,4.5226,32.9832,344.36,-999.0,26.9,2,15.4,2,0.26,2,1.268,2,1.68,2
DY2306,82,AW5,9,20240505,728,54.45,-167.38,650,20.36,4.6265,32.9144,374.83,-999.0,20.6,2,12.4,2,0.26,2,0.984,2,0.6,2
DY2306,82,AW5,10,20240505,728,54.45,-167.38,650,10.53,4.6505,32.8152,381.15,-999.0,18.5,2,10.3,2,0.26,2,0.863,2,0.23,2
DY2306,82,AW5,11,20240505,728,54.45,-167.38,650,2.07,4.6431,32.8169,380.93,-999.0,18.5,2,10.6,2,0.26,2,0.83,2,0.79,2
DY2306,83,AE5,1,20240505,1033,54.47,-166.93,490,483.75,3.7915,33.9084,56.8,-999.0,107.2,2,41.7,2,0.02,2,2.832,2,0.04,2
DY2306,83,AE5,2,20240505,1033,54.47,-166.93,490,304.29,4.1206,33.6158,88.44,-999.0,86.4,2,36.6,2,0.01,2,2.538,2,0.01,2
DY2306,83,AE5,3,20240505,1033,54.47,-166.93,490,101.71,4.138,33.0949,263.37,-999.0,57.6,2,27.2,2,0.17,2,2.079,2,0.1,2
DY2306,83,AE5,4,20240505,1033,54.47,-166.93,490,76.26,4.2267,33.0238,262.6,-999.0,56.7,2,27.4,2,0.21,2,1.774,2,0.64,2
DY2306,83,AE5,5,20240505,1033,54.47,-166.93,490,50.69,4.497,32.824,259.23,-999.0,44.1,2,21.5,2,0.19,2,1.403,2,1.44,2
DY2306,83,AE5,6,20240505,1033,54.47,-166.93,490,40.58,4.5284,32.7386,275.76,-999.0,40.1,2,20.0,2,0.19,2,1.389,2,1.67,2
DY2306,83,AE5,7,20240505,1033,54.47,-166.93,490,30.74,4.4034,32.6642,334.35,-999.0,27.1,2,14.9,2,0.23,2,1.143,2,1.65,2
DY2306,83,AE5,8,20240505,1033,54.47,-166.93,490,20.53,4.5855,32.6189,363.65,-999.0,15.9,2,9.7,2,0.24,2,0.854,2,0.6,2
DY2306,83,AE5,9,20240505,1033,54.47,-166.93,490,10.42,4.6462,32.4756,375.9,-999.0,16.0,2,7.7,2,0.21,2,0.708,2,0.21,2
DY2306,83,AE5,10,20240505,1033,54.47,-166.93,490,2.36,4.578,32.4308,376.24,-999.0,16.4,2,7.4,2,0.2,2,0.689,2,0.2,2
DY2306,83,AE5,11,20240505,1033,54.47,-166.93,490,2.4,4.5843,32.4297,375.98,-999.0,-999.0,-999,-999.0,-999,-999.0,-999,-999.0,-999,-999.0,-999
DY2306,84,UT5,1,20240505,1314,54.56,-166.6,431,425.38,4.0522,33.7135,98.78,-999.0,92.3,2,35.5,2,0.03,2,2.764,2,0.24,2
DY2306,84,UT5,2,20240505,1314,54.56,-166.6,431,303.53,4.2206,33.5193,102.31,-999.0,76.3,2,30.6,2,0.08,2,2.488,2,0.14,2
DY2306,84,UT5,3,20240505,1314,54.56,-166.6,431,202.11,4.2883,33.2936,152.67,-999.0,66.5,2,31.1,2,0.22,2,2.397,2,0.42,2
DY2306,84,UT5,4,20240505,1314,54.56,-166.6,431,102.09,4.459,32.8362,262.16,-999.0,45.7,2,23.0,2,0.18,2,1.969,2,1.42,2
DY2306,84,UT5,5,20240505,1314,54.56,-166.6,431,75.54,4.5258,32.6964,275.9,-999.0,41.2,2,21.1,2,0.19,2,1.865,2,1.71,2
DY2306,84,UT5,6,20240505,1314,54.56,-166.6,431,50.72,4.5558,32.6351,286.62,-999.0,35.9,2,18.1,2,0.18,2,1.709,2,2.12,2
DY2306,84,UT5,7,20240505,1314,54.56,-166.6,431,40.89,4.6273,32.5694,308.38,-999.0,30.9,2,16.8,2,0.2,2,1.584,2,2.44,2
DY2306,84,UT5,8,20240505,1314,54.56,-166.6,431,30.66,4.635,32.5288,325.39,-999.0,23.4,2,13.1,2,0.2,2,1.278,2,1.72,2
DY2306,84,UT5,9,20240505,1314,54.56,-166.6,431,20.37,4.6628,32.4871,353.06,-999.0,17.3,2,10.3,2,0.19,2,1.116,2,1.03,2
DY2306,84,UT5,10,20240505,1314,54.56,-166.6,431,10.67,4.5988,32.4708,364.51,-999.0,16.1,2,9.5,2,0.18,2,0.894,2,0.61,2
DY2306,84,UT5,11,20240505,1314,54.56,-166.6,431,2.21,4.5488,32.4594,367.65,-999.0,16.3,2,9.2,2,0.18,2,0.861,2,0.43,2
DY2306,85,UT3,1,20240505,1637,54.3,-166.37,980,985.61,2.938,34.3102,24.21,-999.0,152.3,2,42.8,2,0.02,2,3.297,2,0.06,2
DY2306,85,UT3,2,20240505,1637,54.3,-166.37,980,507.11,3.8462,33.8893,64.45,-999.0,105.2,2,31.4,2,0.01,2,2.834,2,0.16,2
DY2306,85,UT3,3,20240505,1637,54.3,-166.37,980,99.37,4.4836,32.8183,259.55,-999.0,47.4,2,23.4,2,0.18,2,1.966,2,1.41,2
DY2306,85,UT3,4,20240505,1637,54.3,-166.37,980,76.72,4.5201,32.7072,276.69,-999.0,40.7,2,20.9,2,0.19,2,1.841,2,1.78,2
DY2306,85,UT3,5,20240505,1637,54.3,-166.37,980,51.19,4.5333,32.547,320.69,-999.0,28.7,2,14.9,2,0.21,2,1.468,2,2.08,2
DY2306,85,UT3,6,20240505,1637,54.3,-166.37,980,40.85,4.6076,32.5265,327.04,-999.0,25.0,2,14.0,2,0.22,2,1.375,2,2.23,2
DY2306,85,UT3,7,20240505,1637,54.3,-166.37,980,30.68,4.6753,32.5053,341.49,-999.0,20.9,2,12.3,2,0.21,2,1.183,2,1.54,2
DY2306,85,UT3,8,20240505,1637,54.3,-166.37,980,20.2,4.5966,32.485,355.63,-999.0,18.5,2,11.0,2,0.21,2,1.025,2,1.09,2
DY2306,85,UT3,9,20240505,1637,54.3,-166.37,980,10.75,4.5827,32.4765,351.31,-999.0,17.7,2,10.5,2,0.2,2,1.024,2,0.95,2
DY2306,85,UT3,10,20240505,1637,54.3,-166.37,980,2.59,4.5839,32.4733,351.93,-999.0,19.0,2,11.2,2,0.31,2,1.147,2,1.35,2
DY2306,86,UT2,1,20240505,1848,54.23,-166.26,617,620.12,3.3755,34.1477,32.13,-999.0,127.0,2,35.2,2,0.02,2,2.897,2,0.07,2
DY2306,86,UT2,2,20240505,1848,54.23,-166.26,617,506.04,3.6033,34.0327,32.18,-999.0,113.4,2,27.5,2,0.01,2,2.619,2,0.05,2
DY2306,86,UT2,3,20240505,1848,54.23,-166.26,617,101.68,4.4115,32.9992,243.63,-999.0,55.6,2,27.1,2,0.2,2,2.198,2,1.03,2
DY2306,86,UT2,4,20240505,1848,54.23,-166.26,617,75.96,4.1312,32.8165,272.08,-999.0,55.1,2,27.6,2,0.14,2,2.186,2,0.07,2
DY2306,86,UT2,5,20240505,1848,54.23,-166.26,617,50.25,4.3666,32.5851,308.06,-999.0,39.8,2,20.4,2,0.23,2,1.768,2,1.26,2
DY2306,86,UT2,6,20240505,1848,54.23,-166.26,617,40.54,4.5195,32.5292,321.33,-999.0,29.4,2,16.1,2,0.23,2,1.531,2,1.69,2
DY2306,86,UT2,7,20240505,1848,54.23,-166.26,617,31.08,4.4688,32.418,337.24,-999.0,26.3,2,14.0,2,0.21,2,1.343,2,1.43,2
DY2306,86,UT2,8,20240505,1848,54.23,-166.26,617,20.41,4.4381,32.3556,352.73,-999.0,22.4,2,12.0,2,0.19,2,1.123,2,0.61,2
DY2306,86,UT2,9,20240505,1848,54.23,-166.26,617,10.48,4.4268,32.3519,348.9,-999.0,22.8,2,11.3,2,0.18,2,1.112,2,0.57,2
DY2306,86,UT2,10,20240505,1848,54.23,-166.26,617,2.36,4.3174,32.2885,354.91,-999.0,23.8,2,12.1,2,0.2,2,1.166,2,0.67,2
DY2306,87,UT1,1,20240505,2001,54.17,-166.23,124,119.79,4.2334,33.2038,240.38,-999.0,64.6,2,30.4,2,0.17,2,2.394,2,0.44,2
DY2306,87,UT1,2,20240505,2001,54.17,-166.23,124,101.49,4.2588,33.1368,248.73,-999.0,62.0,2,27.8,2,0.15,2,2.288,2,0.48,2
DY2306,87,UT1,3,20240505,2001,54.17,-166.23,124,75.96,4.3998,32.8024,276.49,-999.0,46.3,2,22.8,2,0.2,2,1.935,2,1.46,2
DY2306,87,UT1,4,20240505,2001,54.17,-166.23,124,51.11,4.4404,32.4218,319.85,-999.0,29.7,2,14.0,2,0.2,2,1.518,2,1.39,2
DY2306,87,UT1,5,20240505,2001,54.17,-166.23,124,40.92,4.429,32.406,320.3,-999.0,31.9,2,16.1,2,0.22,2,1.513,2,1.43,2
DY2306,87,UT1,6,20240505,2001,54.17,-166.23,124,31.04,4.426,32.4014,321.06,-999.0,30.5,2,15.1,2,0.21,2,1.444,2,1.36,2
DY2306,87,UT1,7,20240505,2001,54.17,-166.23,124,20.83,4.4211,32.3809,323.17,-999.0,29.5,2,14.4,2,0.2,2,1.472,2,1.32,2
DY2306,87,UT1,8,20240505,2001,54.17,-166.23,124,10.77,4.3861,32.3303,330.44,-999.0,27.0,2,12.7,2,0.2,2,1.402,2,1.15,2
DY2306,87,UT1,9,20240505,2001,54.17,-166.23,124,2.33,4.401,32.3183,332.08,-999.0,28.8,2,14.8,2,0.23,2,1.44,2,1.21,2
DY2306,88,AE3,1,20240505,2250,54.2,-166.7,1362,1357.7,2.4009,34.4625,29.46,-999.0,180.5,2,43.9,2,0.02,2,3.263,2,0.07,2
DY2306,88,AE3,2,20240505,2250,54.2,-166.7,1362,758.44,3.3011,34.184,28.68,-999.0,126.7,2,27.5,2,0.02,2,2.573,2,0.3,2
DY2306,88,AE3,3,20240505,2250,54.2,-166.7,1362,504.73,3.7554,33.9493,54.3,-999.0,78.3,2,22.7,2,0.0,2,2.249,2,0.06,2
DY2306,88,AE3,4,20240505,2250,54.2,-166.7,1362,101.71,4.1763,32.9852,254.84,-999.0,55.5,2,22.3,2,0.14,2,2.116,2,0.41,2
DY2306,88,AE3,5,20240505,2250,54.2,-166.7,1362,76.07,4.5492,32.872,297.88,-999.0,40.5,2,19.6,2,0.2,2,1.701,2,1.46,2
DY2306,88,AE3,6,20240505,2250,54.2,-166.7,1362,50.65,4.5297,32.7734,304.49,-999.0,27.9,2,12.4,2,0.14,2,1.32,2,1.05,2
DY2306,88,AE3,7,20240505,2250,54.2,-166.7,1362,41.09,4.5504,32.7345,301.26,-999.0,27.8,2,11.8,2,0.13,2,1.39,2,1.08,2
DY2306,88,AE3,8,20240505,2250,54.2,-166.7,1362,30.52,4.599,32.6742,296.14,-999.0,26.8,2,11.6,2,0.13,2,1.318,2,0.94,2
DY2306,88,AE3,9,20240505,2250,54.2,-166.7,1362,20.43,4.834,32.5695,349.42,-999.0,22.6,2,11.3,2,0.18,2,1.133,2,0.76,2
DY2306,88,AE3,10,20240505,2250,54.2,-166.7,1362,10.87,4.8228,32.5523,358.98,-999.0,17.3,2,8.5,2,0.18,2,0.857,2,0.41,2
DY2306,88,AE3,11,20240505,2250,54.2,-166.7,1362,2.42,4.8762,32.5407,377.54,-999.0,14.2,2,7.4,2,0.18,2,0.768,2,0.19,2