,Sample_Name,Biological_Replicate,Technical_Replicate,Negative_control,Cruise_ID_short,Cruise_ID_long,Collection_Date_UTC,Collection_Date_local,Collection_Time_UTC,Collection_Time_local,Field_Sample_Name,Cast,Rosette_position,Field_collection_method,Preservation,Area.within.region,Station,Depth_m,Lat,Lon,Sample_volume_ml,Personnel_responsible_for_Collecting_Sample,Field_Notes,Unnamed: 23,Unnamed: 24,Unnamed: 25,Unnamed: 26,Unnamed: 27,Unnamed: 28,Unnamed: 29,Unnamed: 30,Lat_dec,Lon_dec,local_timezone,local_date_combined,utc_date_combined,btl_bottle,btl_oxy_concM_ch1 (ml/l),btl_oxy_percentsat_ch1 (percent),btl_oxy_conc_ch1 (micromole/kg),btl_salinity_ch1 (PSU),btl_salinity_ch2 (PSU),btl_sigma_t_ch1,btl_sigma_t_ch2,btl_chlor_fluorescence (ugrams/l),btl_temperature_ch1 (degree_C),btl_temperature_ch2 (degree_C),btl_turbidity (NTU),btl_pressure (decibar),btl_latitude (degrees_north),btl_longitude (degrees_east),btl_time (UTC),btl_profile_id,nutr_EXPOCODE,nutr_STNNBR,nutr_SECT_ID,nutr_BTLNBR,nutr_DATE,nutr_TIME,nutr_LATITUDE,nutr_LONGITUDE,nutr_DEPTH.METERS,nutr_CTDPRS.DBAR,nutr_CTDTMP.ITS-90,nutr_CTDSAL.PSS-78,nutr_CTDOXY.UMOL/KG,nutr_PAR,nutr_SILCAT.UMOL/L,nutr_SILCAT_FLAG,nutr_NITRAT.UMOL/L,nutr_NITRAT_FLAG,nutr_NITRIT.UMOL/L,nutr_NITRIT_FLAG,nutr_PHSPHT.UMOL/L,nutr_PHSPHT_FLAG,nutr_NH4.UMOL/L,nutr_NH4_FLAG
0,E1758.DY23-06,1.0,1.0,False,DY23-06,2023_AprMay_Dyson,2023-04-27,,17:25,,,33,6,Niskin; Sterivex 0.22µm filter,95% EtOH,Beiring Sea,M4,9.6,57°51.25',168°54.18',1000,Shannon Brown,Stored in fridge for 4-10 hours before filtering,,,,,,,,,57.854166666666664,-168.903,Etc/GMT+11,,2023-04-27T17:25:00,6,8.2476,102.691,359.059,32.2301,32.1061,25.8386,25.7388,0.8696,0.6422,0.6424,0.716,9.613,57.854166666666664,-168.903,2023-04-27T17:25:00Z,33,DY2306,33,M4,6,20240426,1725,57.85,-168.9,71,9.61,0.6422,32.2301,359.06,14.19,41.2,2,19.1,2,0.14,2,1.662,2,0.28,2
1,E1770.DY23-06,1.0,1.0,False,DY23-06,2023_AprMay_Dyson,2023-04-28,,3:31,,,39,6,Niskin; Sterivex 0.22µm filter,95% EtOH,Beiring Sea,70M14,9.7,57°29.87',167°20.57',1000,Shannon Brown,,,,,,,,,,57.49783333333333,-167.34283333333335,Etc/GMT+11,,2023-04-28T03:31:00,6,8.3762,104.828,364.692,32.1272,32.1299,25.7433,25.7455,0.7819,0.8678,0.8686,0.5231,9.666,57.49783333333333,-167.34283333333337,2023-04-28T03:31:00Z,39,DY2306,39,70m14,6,20240427,331,57.5,-167.34,71,9.67,0.8678,32.1272,364.69,65.91,37.7,2,16.9,2,0.11,2,1.658,2,0.28,2
2,E1795.DY23-06,1.0,1.0,False,DY23-06,2023_AprMay_Dyson,2023-04-29,,14:49,,,59,6,Niskin; Sterivex 0.22µm filter,95% EtOH,Beiring Sea,M2,9.9,56°52.35',164°03.25',1000,Shannon Brown,Stored in fridge for ~14 hours before filtering,,,,,,,,,56.8725,-164.05416666666667,Etc/GMT+11,,2023-04-29T14:49:00,6,8.5671,110.857,373.112,31.872,31.8752,25.4484,25.4509,1.9504,2.2452,2.2461,0.4818,9.891,56.8725,-164.05416666666667,2023-04-29T14:49:00Z,59,DY2306,59,M2,6,20240428,1449,56.87,-164.05,73,9.89,2.2452,31.872,373.11,0.19,27.2,2,12.7,2,0.2,2,1.261,2,0.09,2
3,E1776.DY23-06,1.0,1.0,False,DY23-06,2023_AprMay_Dyson,2023-04-28,,8:47,,,43,6,Niskin; Sterivex 0.22µm filter,95% EtOH,Beiring Sea,70M10,10.0,57°26.39',166°19.60',1000,Shannon Brown,,,,,,,,,,57.43983333333333,-166.32666666666665,Etc/GMT+11,,2023-04-28T08:47:00,6,8.656,109.265,376.91,32.033,32.0363,25.6465,25.6491,2.0899,1.2268,1.2269,0.5177,9.966,57.43983333333333,-166.32666666666665,2023-04-28T08:47:00Z,43,DY2306,43,70m10,6,20240427,847,57.44,-166.33,69,9.97,1.2268,32.033,376.91,0.05,34.9,2,14.4,2,0.15,2,1.472,2,0.1,2
4,E1764.DY23-06,1.0,1.0,False,DY23-06,2023_AprMay_Dyson,2023-04-27,,21:42,,,35,6,Niskin; Sterivex 0.22µm filter,95% EtOH,Beiring Sea,70M18,10.2,57°31.41',168°36.68',1000,Shannon Brown,Stored in fridge for 4-10 hours before filtering,,,,,,,,,57.5235,-168.61133333333333,Etc/GMT+11,,2023-04-27T21:42:00,6,8.2511,103.767,359.199,32.2998,32.3025,25.8738,25.876,0.7463,1.0103,1.0105,0.4723,10.222,57.5235,-168.6113333333333,2023-04-27T21:42:00Z,35,DY2306,35,70m18,6,20240426,2142,57.52,-168.61,72,10.22,1.0103,32.2998,359.2,69.68,40.3,2,15.2,2,0.08,2,1.483,2,0.23,2
5,E1767.DY23-06,1.0,1.0,False,DY23-06,2023_AprMay_Dyson,2023-04-28,,0:34,,,37,6,Niskin; Sterivex 0.22µm filter,95% EtOH,Beiring Sea,70M16,10.3,57°30.05',167°59.30',1000,Shannon Brown,Stored in fridge for 4-10 hours before filtering,,,,,,,,,57.50083333333333,-167.98833333333334,Etc/GMT+11,,2023-04-28T00:34:00,6,8.3384,104.959,363.02,32.2372,32.2401,25.8205,25.8226,0.9546,1.0617,1.0653,0.5799,10.327,57.50083333333333,-167.98833333333334,2023-04-28T00:34:00Z,37,DY2306,37,70m16,6,20240427,34,57.5,-167.99,72,10.33,1.0617,32.2372,363.02,79.68,35.9,2,11.0,2,0.05,2,1.429,2,0.34,2
6,E1731.DY23-06,1.0,1.0,False,DY23-06,2023_AprMay_Dyson,2023-04-25,,8:41,,,16,8,Niskin; Sterivex 0.22µm filter,95% EtOH,Beiring Sea,UBN6,10.3,55°02.85',165°05.82',1000,Shannon Brown,,,,,,,,,,55.0475,-165.097,Etc/GMT+11,,2023-04-25T08:41:00,8,8.5225,115.566,371.189,32.008,32.011,25.397,25.3994,3.293,4.0995,4.0993,0.3871,10.314,55.0475,-165.097,2023-04-25T08:41:00Z,16,DY2306,16,UBN6,8,20240424,841,55.05,-165.1,113,10.31,4.0995,32.008,371.19,0.02,39.7,2,17.9,2,0.18,2,1.63,2,0.3,2
7,E1722.DY23-06,1.0,1.0,False,DY23-06,2023_AprMay_Dyson,2023-04-24,,14:44,,,7,10,Niskin; Sterivex 0.22µm filter,95% EtOH,Beiring Sea,UBW1,10.4,54°21.61',165°55.90',1000,Shannon Brown,,,,,,,,,,54.360166666666665,-165.93166666666667,America/Anchorage,,2023-04-24T14:44:00,10,9.4735,129.471,412.515,32.3231,32.3262,25.6238,25.6264,6.1454,4.3348,4.3338,0.5047,10.404,54.360166666666665,-165.93166666666667,2023-04-24T14:44:00Z,7,DY2306,7,UBW1,10,20240423,1444,54.36,-165.93,471,10.4,4.3348,32.3231,412.52,0.0,60.1,2,29.9,2,0.07,2,2.261,2,0.0,2
8,E1792.DY23-06,1.0,1.0,False,DY23-06,2023_AprMay_Dyson,2023-04-29,,8:35,,,57,6,Niskin; Sterivex 0.22µm filter,95% EtOH,Beiring Sea,M2E,10.4,56°56.56',163°50.12',1000,Shannon Brown,,,,,,,,,,56.94266666666667,-163.83533333333332,Etc/GMT+11,,2023-04-29T08:35:00,6,8.3689,109.039,364.507,31.8063,31.8108,25.3737,25.3774,1.1833,2.5366,2.5366,0.41,10.391,56.94266666666667,-163.83533333333332,2023-04-29T08:35:00Z,57,DY2306,57,M2E,6,20240428,835,56.94,-163.84,70,10.39,2.5366,31.8063,364.51,0.09,28.9,2,13.8,2,0.22,2,1.375,2,0.05,2
9,E1752.DY23-06,1.0,1.0,False,DY23-06,2023_AprMay_Dyson,2023-04-27,,5:41,,,28,6,Niskin; Sterivex 0.22µm filter,95% EtOH,Beiring Sea,70M24,10.5,58°02.70',169°40.85',1000,Shannon Brown,,,,,,,,,,58.045,-169.68083333333334,Etc/GMT+11,,2023-04-27T05:41:00,6,8.2371,102.891,358.591,32.2742,32.2769,25.868,25.8701,0.7007,0.7545,0.7546,0.6069,10.506,58.045,-169.68083333333334,2023-04-27T05:41:00Z,28,DY2306,28,70m24,6,20240426,541,58.04,-169.68,70,10.51,0.7545,32.2742,358.59,7.63,39.6,2,16.5,2,0.07,2,1.521,2,0.18,2
10,E1755.DY23-06,1.0,1.0,False,DY23-06,2023_AprMay_Dyson,2023-04-27,,8:16,,,30,6,Niskin; Sterivex 0.22µm filter,95% EtOH,Beiring Sea,70M22,10.5,57°55.79',169°19.96',1000,Shannon Brown,,,,,,,,,,57.929833333333335,-169.33266666666665,Etc/GMT+11,,2023-04-27T08:16:00,6,8.3386,103.253,363.048,32.1309,32.1901,25.7685,25.8162,0.764,0.4562,0.4563,0.5745,10.54,57.929833333333335,-169.33266666666665,2023-04-27T08:16:00Z,30,DY2306,30,70m22/M4W,6,20240426,816,57.93,-169.33,67,10.54,0.4562,32.1309,363.05,0.11,40.0,2,20.0,2,0.11,2,1.613,2,0.28,2
11,E1774.DY23-06,1.0,1.0,False,DY23-06,2023_AprMay_Dyson,2023-04-28,,6:15,,,41,6,Niskin; Sterivex 0.22µm filter,95% EtOH,Beiring Sea,70M12,10.5,57°25.86',166°48.78',1000,Shannon Brown,"Accidently have a repeated sample ID, but from two different sites",,,,,,,,,57.431,-166.813,Etc/GMT+11,,2023-04-28T06:15:00,6,8.3435,105.007,363.273,32.1258,32.1291,25.7295,25.732,0.8048,1.086,1.0896,0.4165,10.545,57.431,-166.813,2023-04-28T06:15:00Z,41,DY2306,41,70m12,6,20240427,615,57.43,-166.81,70,10.54,1.086,32.1258,363.27,2.21,38.2,2,16.9,2,0.12,2,1.656,2,0.22,2
12,E1809.DY23-06,1.0,1.0,False,DY23-06,2023_AprMay_Dyson,2023-05-06,,7:28,,,82,10,Niskin; Sterivex 0.22µm filter,95% EtOH,Beiring Sea,AW5,10.5,54°26.95',167°23.07',1000,Shannon Brown,,,,,,,,,,54.44916666666666,-167.3845,Etc/GMT+11,,2023-05-06T07:28:00,10,8.7563,120.984,381.153,32.8152,32.8163,25.9815,25.9824,11.0946,4.6505,4.65,0.7838,10.527,54.44916666666666,-167.3845,2023-05-06T07:28:00Z,82,DY2306,82,AW5,10,20240505,728,54.45,-167.38,650,10.53,4.6505,32.8152,381.15,-999.0,18.5,2,10.3,2,0.26,2,0.863,2,0.23,2
13,E1780.DY23-06,1.0,1.0,False,DY23-06,2023_AprMay_Dyson,2023-04-28,,19:37,,,49,6,Niskin; Sterivex 0.22µm filter,95% EtOH,Beiring Sea,70M8,10.6,57°15.70',165°44.93',1000,Shannon Brown,Stored in fridge for 2-6 hours before filtering,,,,,,,,,57.26166666666666,-165.74883333333332,Etc/GMT+11,,2023-04-28T19:37:00,6,8.2134,103.712,357.628,32.0686,32.0721,25.6749,25.6775,0.369,1.2301,1.2326,0.4977,10.6,57.26166666666666,-165.74883333333332,2023-04-28T19:37:00Z,49,DY2306,49,70m8,6,20240427,1937,57.26,-165.75,70,10.6,1.2301,32.0686,357.63,221.85,36.8,2,16.8,2,0.13,2,1.599,2,0.3,2
14,E1761.DY23-06,1.0,1.0,False,DY23-06,2023_AprMay_Dyson,2023-04-27,,19:40,,,34,6,Niskin; Sterivex 0.22µm filter,95% EtOH,Beiring Sea,70M19,10.6,57°39.24',169°00.63',1000,Shannon Brown,Stored in fridge for 4-10 hours before filtering,,,,,,,,,57.654,-169.0105,Etc/GMT+11,,2023-04-27T19:40:00,6,8.1682,102.617,355.588,32.3044,32.2709,25.88,25.8531,0.6167,0.9684,0.9686,0.567,10.578,57.654,-169.0105,2023-04-27T19:40:00Z,34,DY2306,34,70m19/M4S,6,20240426,1940,57.65,-169.01,69,10.58,0.9684,32.3044,355.59,59.22,41.8,2,19.6,2,0.12,2,1.776,2,0.19,2
15,E1734.DY23-06,1.0,1.0,False,DY23-06,2023_AprMay_Dyson,2023-04-25,,13:28,,,19,5,Niskin; Sterivex 0.22µm filter,95% EtOH,Beiring Sea,UBE3,10.6,54°43.32',164°46.47',1000,Shannon Brown,,,,,,,,,,54.722,-164.7745,America/Anchorage,,2023-04-25T13:28:00,5,8.9893,120.868,391.623,31.6393,31.6417,25.1274,25.1294,2.6406,3.8543,3.8544,0.4429,10.628,54.722,-164.7745,2023-04-25T13:28:00Z,19,DY2306,19,UBE3,5,20240424,1328,54.72,-164.77,48,10.63,3.8543,31.6393,391.62,0.06,21.5,2,14.4,2,0.19,2,1.142,2,0.3,2
16,E1806.DY23-06,1.0,1.0,False,DY23-06,2023_AprMay_Dyson,2023-05-06,,2:29,,,80,10,Niskin; Sterivex 0.22µm filter,95% EtOH,Beiring Sea,AW3,10.7,54°10.28',167°09.38',1000,Shannon Brown,,,,,,,,,,54.17133333333334,-167.15633333333332,Etc/GMT+11,,2023-05-06T02:29:00,10,7.8257,108.294,340.712,32.5802,32.5845,25.7811,25.7844,4.7609,4.7806,4.7816,0.433,10.685,54.17133333333334,-167.15633333333332,2023-05-06T02:29:00Z,80,DY2306,80,AW3,10,20240505,229,54.17,-167.16,1599,10.68,4.7806,32.5802,340.71,-999.0,25.2,2,12.2,2,0.2,2,1.056,2,0.33,2
17,E1812.DY23-06,1.0,1.0,False,DY23-06,2023_AprMay_Dyson,2023-05-06,,13:14,,,84,10,Niskin; Sterivex 0.22µm filter,95% EtOH,Beiring Sea,UT5,10.7,54°33.33',166°35.80',1000,Shannon Brown,,,,,,,,,,54.5555,-166.59666666666666,Etc/GMT+11,,2023-05-06T13:14:00,10,8.3719,115.262,364.514,32.4708,32.4749,25.7137,25.7169,6.6068,4.5988,4.5995,0.5919,10.667,54.5555,-166.59666666666666,2023-05-06T13:14:00Z,84,DY2306,84,UT5,10,20240505,1314,54.56,-166.6,431,10.67,4.5988,32.4708,364.51,-999.0,16.1,2,9.5,2,0.18,2,0.894,2,0.61,2
18,E1737.DY23-06,1.0,1.0,False,DY23-06,2023_AprMay_Dyson,2023-04-27,,2:44,,,27,6,Niskin; Sterivex 0.22µm filter,95% EtOH,Beiring Sea,70M26,10.7,58°16.76',170°06.56',1000,Shannon Brown,,,,,,,,,,58.279333333333334,-170.10933333333332,Etc/GMT+11,,2023-04-27T02:44:00,6,8.5652,103.89,372.949,31.9636,31.966,25.6676,25.6696,0.5213,-0.287,-0.2879,0.3781,10.743,58.279333333333334,-170.10933333333332,2023-04-27T02:44:00Z,27,DY2306,27,70m26,6,20240426,244,58.28,-170.11,72,10.74,-0.287,31.9636,372.95,141.2,37.2,2,18.9,2,0.1,2,1.706,2,0.02,2
19,E1815.DY23-06,1.0,1.0,False,DY23-06,2023_AprMay_Dyson,2023-05-06,,16:37,,,85,9,Niskin; Sterivex 0.22µm filter,95% EtOH,Beiring Sea,UT3,10.8,54°17.90',166°22.04',1000,Shannon Brown,,,,,,,,,,54.29833333333333,-166.36733333333333,Etc/GMT+11,,2023-05-06T16:37:00,9,8.0686,111.047,351.307,32.4765,32.4806,25.72,25.7232,4.9294,4.5827,4.5826,0.4469,10.753,54.29833333333333,-166.3673333333333,2023-05-06T16:37:00Z,85,DY2306,85,UT3,9,20240505,1637,54.3,-166.37,980,10.75,4.5827,32.4765,351.31,-999.0,17.7,2,10.5,2,0.2,2,1.024,2,0.95,2
20,E1746.DY23-06,1.0,1.0,False,DY23-06,2023_AprMay_Dyson,2023-04-26,,17:08,,,23,3,Niskin; Sterivex 0.22µm filter,95% EtOH,Beiring Sea,Ice Station 2,10.8,58°19.43',169°42.17',1000,Shannon Brown,,,,,,,,,,58.32383333333333,-169.70283333333333,Etc/GMT+11,,2023-04-26T17:08:00,3,8.3529,102.332,363.667,32.1192,32.1219,25.7787,25.7809,0.3247,0.0508,0.0509,0.4678,10.768,58.32383333333333,-169.70283333333333,2023-04-26T17:08:00Z,23,DY2306,23,,3,20240425,1708,58.32,-169.7,70,10.77,0.0508,32.1192,363.67,149.58,-999.0,-999,-999.0,-999,-999.0,-999,-999.0,-999,-999.0,-999
21,E1743.DY23-06,1.0,1.0,False,DY23-06,2023_AprMay_Dyson,2023-04-26,,22:56,,,24,6,Niskin; Sterivex 0.22µm filter,95% EtOH,Beiring Sea,Ice Edge Station 1,10.8,58°19.67',169°51.10',1000,Shannon Brown,,,,,,,,,,58.32783333333333,-169.85166666666666,Etc/GMT+11,,2023-04-26T22:56:00,6,8.3283,102.236,362.581,32.1623,32.0981,25.8105,25.7586,0.313,0.1165,0.1169,0.5361,10.804,58.32783333333333,-169.85166666666666,2023-04-26T22:56:00Z,24,DY2306,24,,6,20240425,2256,58.33,-169.85,71,10.8,0.1165,32.1623,362.58,96.75,-999.0,-999,-999.0,-999,-999.0,-999,-999.0,-999,-999.0,-999
22,E1818.DY23-06,1.0,1.0,False,DY23-06,2023_AprMay_Dyson,2023-05-06,,20:01,,,87,8,Niskin; Sterivex 0.22µm filter,95% EtOH,Beiring Sea,UT1,10.8,54°10.09',166°14.05',1000,Shannon Brown,,,,,,,,,,54.168166666666664,-166.23416666666665,America/Anchorage,,2023-05-06T20:01:00,8,7.5887,103.847,330.445,32.3303,32.3344,25.6243,25.6276,2.5185,4.3861,4.3859,0.2994,10.767,54.168166666666664,-166.23416666666665,2023-05-06T20:01:00Z,87,DY2306,87,UT1,8,20240505,2001,54.17,-166.23,124,10.77,4.3861,32.3303,330.44,-999.0,27.0,2,12.7,2,0.2,2,1.402,2,1.15,2
23,E1800.DY23-06,1.0,1.0,False,DY23-06,2023_AprMay_Dyson,2023-05-02,,2:23,,,68,3,Niskin; Sterivex 0.22µm filter,95% EtOH,Beiring Sea,KUM2A,10.9,58°15.67',163°39.66',1000,Shannon Brown,,,,,,,,,,58.26116666666667,-163.661,Etc/GMT+11,,2023-05-02T02:23:00,3,9.6344,113.581,420.008,30.4148,30.4164,24.4369,24.4381,0.8141,-0.9452,-0.9405,0.3088,10.858,58.26116666666667,-163.49433333333334,2023-05-02T02:23:00Z,68,DY2306,68,KUM2A,3,20240501,223,58.26,-163.49,40,10.86,-0.9452,30.4148,420.01,76.6,-999.0,-999,-999.0,-999,-999.0,-999,-999.0,-999,-999.0,-999
24,E1740.DY23-06,1.0,1.0,False,DY23-06,2023_AprMay_Dyson,2023-04-27,,0:05,,,25,3,Niskin; Sterivex 0.22µm filter,95% EtOH,Beiring Sea,Ice Edge Station 2,10.9,58°20.05',169°57.60',1000,Shannon Brown,,,,,,,,,,58.33416666666667,-169.96,Etc/GMT+11,,2023-04-27T00:05:00,3,8.3791,102.218,364.815,32.0748,32.0772,25.7495,25.7514,0.2893,-0.0984,-0.0991,0.4872,10.905,58.33416666666667,-169.96,2023-04-27T00:05:00Z,25,DY2306,25,,3,20240426,5,58.33,-169.96,72,10.9,-0.0984,32.0748,364.82,35.92,-999.0,-999,-999.0,-999,-999.0,-999,-999.0,-999,-999.0,-999
25,E1725.DY23-06,1.0,1.0,False,DY23-06,2023_AprMay_Dyson,2023-04-24,,22:34,,,10,9,Niskin; Sterivex 0.22µm filter,95% EtOH,Beiring Sea,UBW4,10.9,54°41.21',166°13.81',1000,Shannon Brown,Stored in fridge for ~2 hours before filtering,,,,,,,,,54.68683333333333,-166.23016666666666,Etc/GMT+11,,2023-04-24T22:34:00,9,8.7155,118.883,379.513,32.3039,32.3069,25.6161,25.6184,2.7084,4.2603,4.2609,0.3253,10.924,54.68683333333333,-166.23016666666666,2023-04-24T22:34:00Z,10,DY2306,10,UBW4,9,20240423,2234,54.69,-166.23,291,10.92,4.2603,32.3039,379.51,58.34,66.3,2,32.4,2,0.01,2,2.432,2,0.01,2
26,E1789.DY23-06,1.0,1.0,False,DY23-06,2023_AprMay_Dyson,2023-04-29,,4:23,,,55,7,Niskin; Sterivex 0.22µm filter,95% EtOH,Beiring Sea,M2W,11.0,56°45.96',164°20.09',1000,Shannon Brown,,,,,,,,,,56.766,-164.33483333333334,Etc/GMT+11,,2023-04-29T04:23:00,7,8.3993,108.624,365.8,31.8833,30.7321,25.4594,24.5387,1.2504,2.2197,2.2176,0.554,11.009,56.766,-164.33483333333334,2023-04-29T04:23:00Z,55,DY2306,55,M2W,7,20240428,423,56.77,-164.33,74,11.01,2.2197,31.8833,365.8,21.08,30.5,2,14.2,2,0.19,2,1.396,2,0.09,2
27,E1749.DY23-06,1.0,1.0,False,DY23-06,2023_AprMay_Dyson,2023-04-26,,19:46,,,22,3,Niskin; Sterivex 0.22µm filter,95% EtOH,Beiring Sea,Ice Station 1,11.0,58°16.73',169°43.24',1000,Shannon Brown,,,,,,,,,,58.27883333333333,-169.72066666666666,Etc/GMT+11,,2023-04-26T19:46:00,3,8.271,101.695,360.081,32.1994,32.2031,25.838,25.8408,0.5106,0.1672,0.1699,0.5197,10.966,58.27883333333333,-169.72066666666666,2023-04-26T19:46:00Z,22,DY2306,22,,3,20240425,1946,58.28,-169.72,70,10.97,0.1672,32.1994,360.08,73.52,-999.0,-999,-999.0,-999,-999.0,-999,-999.0,-999,-999.0,-999
28,E1783.DY23-06,1.0,1.0,False,DY23-06,2023_AprMay_Dyson,2023-04-28,,22:22,,,51,6,Niskin; Sterivex 0.22µm filter,95% EtOH,Beiring Sea,70M6,11.1,56°59.58',165°22.49',1000,Shannon Brown,Stored in fridge for 2-6 hours before filtering,,,,,,,,,56.993,-165.37483333333333,Etc/GMT+11,,2023-04-28T22:22:00,6,8.1286,104.12,353.982,31.9475,31.9511,25.5391,25.542,0.3324,1.8234,1.8238,0.6069,11.121,56.993,-165.37483333333333,2023-04-28T22:22:00Z,51,DY2306,51,70m6,6,20240427,2222,56.99,-165.37,72,11.12,1.8234,31.9475,353.98,293.26,36.0,2,16.7,2,0.2,2,1.583,2,0.17,2
29,E1728.DY23-06,1.0,1.0,False,DY23-06,2023_AprMay_Dyson,2023-04-25,,6:00,,,14,8,Niskin; Sterivex 0.22µm filter,95% EtOH,Beiring Sea,UBN4,11.2,54°56.11',165°28.95',1000,Shannon Brown,,,,,,,,,,54.93516666666667,-165.4825,Etc/GMT+11,,2023-04-25T06:00:00,8,8.7375,118.587,380.533,32.0806,32.0839,25.4531,25.4557,3.1885,4.1159,4.1158,0.3452,11.241,54.93516666666667,-165.4825,2023-04-25T06:00:00Z,14,DY2306,14,UBN4,8,20240424,600,54.94,-165.48,125,11.24,4.1159,32.0806,380.53,1.09,51.0,2,26.7,2,0.17,2,2.1,2,0.17,2
30,E1786.DY23-06,1.0,1.0,False,DY23-06,2023_AprMay_Dyson,2023-04-29,,1:37,,,53,7,Niskin; Sterivex 0.22µm filter,95% EtOH,Beiring Sea,70M4,11.3,56°54.46',164°50.17',1000,Shannon Brown,Sampled last on niskins,,,,,,,,,56.907666666666664,-164.83616666666666,Etc/GMT+11,,2023-04-29T01:37:00,7,8.5027,109.07,370.269,31.9632,31.9656,25.548,25.5512,1.1818,1.8763,1.8575,0.5346,11.25,56.907666666666664,-164.83616666666666,2023-04-29T01:37:00Z,53,DY2306,53,70m4,7,20240428,137,56.91,-164.84,72,11.25,1.8763,31.9632,370.27,138.46,32.7,2,14.3,2,0.18,2,1.41,2,0.16,2
31,E1798.DY23-06,1.0,1.0,False,DY23-06,2023_AprMay_Dyson,2023-04-30,,14:14,,,65,6,Niskin; Sterivex 0.22µm filter,95% EtOH,Beiring Sea,M2C,11.4,56°51.86',164°02.96',1000,Shannon Brown,M2 repeat; stored in fridge for 11 hours before filtering,,,,,,,,,56.864333333333335,-164.04933333333332,Etc/GMT+11,,2023-04-30T14:14:00,6,8.4828,109.747,369.441,31.8649,31.8684,25.4431,25.4459,2.2977,2.2406,2.2407,0.5874,11.35,56.864333333333335,-164.04933333333332,2023-04-30T14:14:00Z,65,DY2306,65,M2C,6,20240429,1414,56.86,-164.05,72,11.35,2.2406,31.8649,369.44,0.03,26.2,2,12.8,2,0.22,2,1.217,2,0.14,2
32,E1803.DY23-06,1.0,1.0,False,DY23-06,2023_AprMay_Dyson,2023-05-05,,22:01,,,78,8,Niskin; Sterivex 0.22µm filter,95% EtOH,Beiring Sea,AW1,13.0,53°58.89',166°58.55',1000,Shannon Brown,Stored in fridge for 6-7 hours before filtering,,,,,,,,,53.9815,-166.97583333333333,America/Anchorage,,2023-05-05T22:01:00,8,7.9456,110.015,345.931,32.5821,32.5913,25.7801,25.787,5.3644,4.8037,4.8073,0.5745,12.957,53.9815,-166.97583333333333,2023-05-05T22:01:00Z,78,DY2306,78,AW1,8,20240504,2201,53.98,-166.98,200,12.96,4.8037,32.5821,345.93,17.08,18.8,2,10.1,2,0.18,2,1.01,2,1.0,2
33,E1719.DY23-06,1.0,1.0,False,DY23-06,2023_AprMay_Dyson,2023-04-24,,8:51,,,4,7,Niskin; Sterivex 0.22µm filter,95% EtOH,Beiring Sea,UBS2,30.0,54°25.35',165°08.86',1000,Shannon Brown,Lost the 10 m sample as the Niskin didn't close,,,,,,,,,54.4225,-165.14766666666668,America/Anchorage,,2023-04-24T08:51:00,7,8.338,112.965,363.146,32.0308,32.0351,25.4193,25.4227,1.9902,4.0567,4.0572,0.3467,29.952,54.405833333333334,-165.14766666666668,2023-04-24T08:51:00Z,4,DY2306,4,UBS2,7,20240423,851,54.41,-165.15,138,29.95,4.0567,32.0308,363.15,0.0,28.0,2,14.9,2,0.19,2,1.367,2,0.39,2
34,E1724.DY23-06,1.0,1.0,False,DY23-06,2023_AprMay_Dyson,2023-04-24,,22:34,,,10,7,Niskin; Sterivex 0.22µm filter,95% EtOH,Beiring Sea,UBW4,30.2,54°41.21',166°13.81',1000,Shannon Brown,Stored in fridge for ~2 hours before filtering,,,,,,,,,54.68683333333333,-166.23016666666666,Etc/GMT+11,,2023-04-24T22:34:00,7,8.7377,119.105,380.475,32.3151,32.3154,25.6281,25.6276,3.2748,4.2294,4.2365,0.3193,30.162,54.68683333333333,-166.23016666666666,2023-04-24T22:34:00Z,10,DY2306,10,UBW4,7,20240423,2234,54.69,-166.23,291,30.16,4.2294,32.3151,380.48,1.0,42.6,2,20.7,2,0.26,2,1.699,2,0.74,2
35,E1733.DY23-06,1.0,1.0,False,DY23-06,2023_AprMay_Dyson,2023-04-25,,13:28,,,19,3,Niskin; Sterivex 0.22µm filter,95% EtOH,Beiring Sea,UBE3,30.2,54°43.32',164°46.47',1000,Shannon Brown,,,,,,,,,,54.722,-164.7745,America/Anchorage,,2023-04-25T13:28:00,3,8.9742,120.728,390.959,31.6553,31.6577,25.1386,25.1405,2.8155,3.8713,3.8711,0.4589,30.241,54.722,-164.7745,2023-04-25T13:28:00Z,19,DY2306,19,UBE3,3,20240424,1328,54.72,-164.77,48,30.24,3.8713,31.6553,390.96,0.0,-999.0,-999,-999.0,-999,-999.0,-999,-999.0,-999,-999.0,-999
36,E1775.DY23-06,1.0,1.0,False,DY23-06,2023_AprMay_Dyson,2023-04-28,,8:47,,,43,4,Niskin; Sterivex 0.22µm filter,95% EtOH,Beiring Sea,70M10,30.3,57°26.39',166°19.60',1000,Shannon Brown,,,,,,,,,,57.43983333333333,-166.32666666666665,Etc/GMT+11,,2023-04-28T08:47:00,4,8.1238,102.183,353.714,32.1062,32.109,25.7148,25.717,0.7714,1.0688,1.0704,0.575,30.294,57.43983333333333,-166.32666666666665,2023-04-28T08:47:00Z,43,DY2306,43,70m10,4,20240427,847,57.44,-166.33,69,30.29,1.0688,32.1062,353.71,0.0,38.5,2,17.4,2,0.13,2,1.706,2,0.38,2
37,E1721.DY23-06,1.0,1.0,False,DY23-06,2023_AprMay_Dyson,2023-04-24,,14:44,,,7,8,Niskin; Sterivex 0.22µm filter,95% EtOH,Beiring Sea,UBW1,30.4,54°21.61',165°55.90',1000,Shannon Brown,,,,,,,,,,54.360166666666665,-165.93166666666667,America/Anchorage,,2023-04-24T14:44:00,8,8.5335,115.319,371.546,32.393,32.3962,25.7271,25.7296,1.078,3.8519,3.8524,0.1718,30.392,54.360166666666665,-165.93166666666667,2023-04-24T14:44:00Z,7,DY2306,7,UBW1,8,20240423,1444,54.36,-165.93,471,30.39,3.8519,32.393,371.55,0.0,48.4,2,25.0,2,0.27,2,1.987,2,0.22,2
38,E1754.DY23-06,1.0,1.0,False,DY23-06,2023_AprMay_Dyson,2023-04-27,,8:16,,,30,4,Niskin; Sterivex 0.22µm filter,95% EtOH,Beiring Sea,70M22,30.4,57°55.79',169°19.96',1000,Shannon Brown,,,,,,,,,,57.929833333333335,-169.33266666666665,Etc/GMT+11,,2023-04-27T08:16:00,4,8.2573,102.712,359.5,32.1672,32.2317,25.7891,25.8411,0.7049,0.6214,0.621,0.6034,30.395,57.929833333333335,-169.33266666666665,2023-04-27T08:16:00Z,30,DY2306,30,70m22/M4W,4,20240426,816,57.93,-169.33,67,30.4,0.6214,32.1672,359.5,0.0,40.5,2,19.1,2,0.1,2,1.639,2,0.29,2
39,E1788.DY23-06,1.0,1.0,False,DY23-06,2023_AprMay_Dyson,2023-04-29,,4:23,,,55,4,Niskin; Sterivex 0.22µm filter,95% EtOH,Beiring Sea,M2W,30.4,56°45.96',164°20.09',1000,Shannon Brown,,,,,,,,,,56.766,-164.33483333333334,Etc/GMT+11,,2023-04-29T04:23:00,4,8.0817,103.263,351.947,31.9104,31.9142,25.5153,25.5183,0.9015,1.7357,1.7358,0.6208,30.365,56.766,-164.33483333333334,2023-04-29T04:23:00Z,55,DY2306,55,M2W,4,20240428,423,56.77,-164.33,74,30.36,1.7357,31.9104,351.95,0.49,32.4,2,14.0,2,0.16,2,1.428,2,0.23,2
40,E1730.DY23-06,1.0,1.0,False,DY23-06,2023_AprMay_Dyson,2023-04-25,,8:41,,,16,5,Niskin; Sterivex 0.22µm filter,95% EtOH,Beiring Sea,UBN6,30.5,55°02.85',165°05.82',1000,Shannon Brown,,,,,,,,,,55.0475,-165.097,Etc/GMT+11,,2023-04-25T08:41:00,5,8.7328,118.415,380.345,32.0192,32.0221,25.4063,25.4087,3.0418,4.0952,4.0953,0.3547,30.527,55.0475,-165.097,2023-04-25T08:41:00Z,16,DY2306,16,UBN6,5,20240424,841,55.05,-165.1,113,30.53,4.0952,32.0192,380.34,0.0,31.9,2,16.7,2,0.22,2,1.444,2,0.36,2
41,E1791.DY23-06,1.0,1.0,False,DY23-06,2023_AprMay_Dyson,2023-04-29,,8:35,,,57,4,Niskin; Sterivex 0.22µm filter,95% EtOH,Beiring Sea,M2E,30.5,56°56.56',163°50.12',1000,Shannon Brown,,,,,,,,,,56.94266666666667,-163.83533333333332,Etc/GMT+11,,2023-04-29T08:35:00,4,8.3089,107.05,361.875,31.8295,31.8329,25.4262,25.4288,1.523,2.0847,2.0854,0.4314,30.491,56.94266666666667,-163.83533333333332,2023-04-29T08:35:00Z,57,DY2306,57,M2E,4,20240428,835,56.94,-163.84,70,30.49,2.0847,31.8295,361.88,0.0,28.9,2,14.2,2,0.2,2,1.372,2,0.04,2
42,E1763.DY23-06,1.0,1.0,False,DY23-06,2023_AprMay_Dyson,2023-04-27,,21:42,,,35,4,Niskin; Sterivex 0.22µm filter,95% EtOH,Beiring Sea,70M18,30.6,57°31.41',168°36.68',1000,Shannon Brown,Stored in fridge for 4-10 hours before filtering,,,,,,,,,57.5235,-168.61133333333333,Etc/GMT+11,,2023-04-27T21:42:00,4,8.217,103.431,357.715,32.3062,32.309,25.877,25.8793,0.7834,1.0433,1.0433,0.4898,30.622,57.5235,-168.6113333333333,2023-04-27T21:42:00Z,35,DY2306,35,70m18,4,20240426,2142,57.52,-168.61,72,30.62,1.0433,32.3062,357.72,2.74,41.0,2,15.5,2,0.08,2,1.566,2,0.23,2
43,E1769.DY23-06,1.0,1.0,False,DY23-06,2023_AprMay_Dyson,2023-04-28,,3:31,,,39,4,Niskin; Sterivex 0.22µm filter,95% EtOH,Beiring Sea,70M14,30.6,57°29.87',167°20.57',1000,Shannon Brown,,,,,,,,,,57.49783333333333,-167.34283333333335,Etc/GMT+11,,2023-04-28T03:31:00,4,8.2747,103.149,360.268,32.1327,32.1353,25.7564,25.7585,0.7575,0.7132,0.7134,0.5969,30.646,57.49783333333333,-167.34283333333337,2023-04-28T03:31:00Z,39,DY2306,39,70m14,4,20240427,331,57.5,-167.34,71,30.65,0.7132,32.1327,360.27,2.0,38.7,2,17.2,2,0.1,2,1.704,2,0.32,2
44,E1782.DY23-06,1.0,1.0,False,DY23-06,2023_AprMay_Dyson,2023-04-28,,22:22,,,51,4,Niskin; Sterivex 0.22µm filter,95% EtOH,Beiring Sea,70M6,30.7,56°59.58',165°22.49',1000,Shannon Brown,Stored in fridge for 2-6 hours before filtering,,,,,,,,,56.993,-165.37483333333333,Etc/GMT+11,,2023-04-28T22:22:00,4,8.0711,102.51,351.454,32.0018,32.0055,25.6058,25.6087,0.5285,1.4755,1.4758,0.7165,30.672,56.993,-165.37483333333333,2023-04-28T22:22:00Z,51,DY2306,51,70m6,4,20240427,2222,56.99,-165.37,72,30.67,1.4755,32.0018,351.45,9.09,36.2,2,17.1,2,0.17,2,1.59,2,0.33,2
45,E1751.DY23-06,1.0,1.0,False,DY23-06,2023_AprMay_Dyson,2023-04-27,,5:41,,,28,4,Niskin; Sterivex 0.22µm filter,95% EtOH,Beiring Sea,70M24,30.9,58°02.70',169°40.85',1000,Shannon Brown,,,,,,,,,,58.045,-169.68083333333334,Etc/GMT+11,,2023-04-27T05:41:00,4,8.2137,102.572,357.57,32.2881,32.2912,25.88,25.8824,0.5783,0.7405,0.7409,0.6383,30.865,58.045,-169.68083333333334,2023-04-27T05:41:00Z,28,DY2306,28,70m24,4,20240426,541,58.04,-169.68,70,30.86,0.7405,32.2881,357.57,0.3,43.8,2,22.7,2,0.1,2,1.807,2,0.19,2
46,E1794.DY23-06,1.0,1.0,False,DY23-06,2023_AprMay_Dyson,2023-04-29,,14:49,,,59,4,Niskin; Sterivex 0.22µm filter,95% EtOH,Beiring Sea,M2,30.9,56°52.35',164°03.25',1000,Shannon Brown,Stored in fridge for ~14 hours before filtering,,,,,,,,,56.8725,-164.05416666666667,Etc/GMT+11,,2023-04-29T14:49:00,4,8.2204,105.187,357.996,31.8974,31.9004,25.5008,25.5031,1.7881,1.7958,1.7986,0.5954,30.924,56.8725,-164.05416666666667,2023-04-29T14:49:00Z,59,DY2306,59,M2,4,20240428,1449,56.87,-164.05,73,30.92,1.7958,31.8974,358.0,0.0,30.3,2,15.0,2,0.19,2,1.428,2,0.12,2
47,E1766.DY23-06,1.0,1.0,False,DY23-06,2023_AprMay_Dyson,2023-04-28,,0:34,,,37,4,Niskin; Sterivex 0.22µm filter,95% EtOH,Beiring Sea,70M16,30.9,57°30.05',167°59.30',1000,Shannon Brown,Stored in fridge for 4-10 hours before filtering,,,,,,,,,57.50083333333333,-167.98833333333334,Etc/GMT+11,,2023-04-28T00:34:00,4,8.3018,104.475,361.428,32.2373,32.2402,25.8211,25.8235,0.9282,1.0528,1.0521,0.5799,30.933,57.50083333333333,-167.98833333333334,2023-04-28T00:34:00Z,37,DY2306,37,70m16,4,20240427,34,57.5,-167.99,72,30.93,1.0528,32.2373,361.43,2.48,38.4,2,16.4,2,0.07,2,1.616,2,0.41,2
48,E1757.DY23-06,1.0,1.0,False,DY23-06,2023_AprMay_Dyson,2023-04-27,,17:25,,,33,4,Niskin; Sterivex 0.22µm filter,95% EtOH,Beiring Sea,M4,30.9,57°51.25',168°54.18',1000,Shannon Brown,Stored in fridge for 4-10 hours before filtering,,,,,,,,,57.854166666666664,-168.903,Etc/GMT+11,,2023-04-27T17:25:00,4,8.2461,102.676,358.995,32.2302,32.2328,25.8387,25.8408,0.76,0.6434,0.6435,0.5799,30.916,57.854166666666664,-168.903,2023-04-27T17:25:00Z,33,DY2306,33,M4,4,20240426,1725,57.85,-168.9,71,30.92,0.6434,32.2302,359.0,0.26,40.2,2,15.8,2,0.12,2,1.61,2,0.26,2
49,E1760.DY23-06,1.0,1.0,False,DY23-06,2023_AprMay_Dyson,2023-04-27,,19:40,,,34,4,Niskin; Sterivex 0.22µm filter,95% EtOH,Beiring Sea,70M19,31.0,57°39.24',169°00.63',1000,Shannon Brown,Stored in fridge for 4-10 hours before filtering,,,,,,,,,57.654,-169.0105,Etc/GMT+11,,2023-04-27T19:40:00,4,8.1581,102.692,355.148,32.3156,32.3113,25.8847,25.8811,0.8031,1.0418,1.0442,0.6398,31.017,57.654,-169.0105,2023-04-27T19:40:00Z,34,DY2306,34,70m19/M4S,4,20240426,1940,57.65,-169.01,69,31.02,1.0418,32.3156,355.15,1.94,40.5,2,14.8,2,0.09,2,1.636,2,0.16,2
50,E1745.DY23-06,1.0,1.0,False,DY23-06,2023_AprMay_Dyson,2023-04-26,,17:08,,,23,2,Niskin; Sterivex 0.22µm filter,95% EtOH,Beiring Sea,Ice Station 2,31.0,58°19.43',169°42.17',1000,Shannon Brown,,,,,,,,,,58.32383333333333,-169.70283333333333,Etc/GMT+11,,2023-04-26T17:08:00,2,8.2358,101.725,358.532,32.2639,32.2664,25.8823,25.8843,0.5345,0.3246,0.3248,0.7559,30.984,58.32383333333333,-169.70283333333333,2023-04-26T17:08:00Z,23,DY2306,23,,2,20240425,1708,58.32,-169.7,70,30.98,0.3246,32.2639,358.53,6.23,-999.0,-999,-999.0,-999,-999.0,-999,-999.0,-999,-999.0,-999
51,E1727.DY23-06,1.0,1.0,False,DY23-06,2023_AprMay_Dyson,2023-04-25,,6:00,,,14,6,Niskin; Sterivex 0.22µm filter,95% EtOH,Beiring Sea,UBN4,31.0,54°56.11',165°28.95',1000,Shannon Brown,,,,,,,,,,54.93516666666667,-165.4825,Etc/GMT+11,,2023-04-25T06:00:00,6,8.2318,111.592,358.476,32.176,32.1789,25.5362,25.5385,1.7111,4.0414,4.0416,0.253,31.001,54.93516666666667,-165.4825,2023-04-25T06:00:00Z,14,DY2306,14,UBN4,6,20240424,600,54.94,-165.48,125,31.0,4.0414,32.176,358.48,0.0,38.3,2,20.8,2,0.22,2,1.721,2,0.43,2
52,E1748.DY23-06,1.0,1.0,False,DY23-06,2023_AprMay_Dyson,2023-04-26,,19:46,,,22,2,Niskin; Sterivex 0.22µm filter,95% EtOH,Beiring Sea,Ice Station 1,31.0,58°16.73',169°43.24',1000,Shannon Brown,,,,,,,,,,58.27883333333333,-169.72066666666666,Etc/GMT+11,,2023-04-26T19:46:00,2,8.2136,101.419,357.563,32.2666,32.2693,25.8852,25.8873,0.4941,0.3119,0.3121,0.8082,30.981,58.27883333333333,-169.72066666666666,2023-04-26T19:46:00Z,22,DY2306,22,,2,20240425,1946,58.28,-169.72,70,30.98,0.3119,32.2666,357.56,3.05,-999.0,-999,-999.0,-999,-999.0,-999,-999.0,-999,-999.0,-999
53,E1779.DY23-06,1.0,1.0,False,DY23-06,2023_AprMay_Dyson,2023-04-28,,19:37,,,49,4,Niskin; Sterivex 0.22µm filter,95% EtOH,Beiring Sea,70M8,31.1,57°15.70',165°44.93',1000,Shannon Brown,Stored in fridge for 2-6 hours before filtering,,,,,,,,,57.26166666666666,-165.74883333333332,Etc/GMT+11,,2023-04-28T19:37:00,4,8.181,103.193,356.217,32.0694,32.0729,25.6781,25.6808,0.5968,1.1884,1.1893,0.569,31.06,57.26166666666666,-165.74883333333332,2023-04-28T19:37:00Z,49,DY2306,49,70m8,4,20240427,1937,57.26,-165.75,70,31.06,1.1884,32.0694,356.22,8.51,33.1,2,12.0,2,0.09,2,1.435,2,0.26,2
54,E1773.DY23-06,1.0,1.0,False,DY23-06,2023_AprMay_Dyson,2023-04-28,,6:15,,,41,4,Niskin; Sterivex 0.22µm filter,95% EtOH,Beiring Sea,70M12,31.1,57°25.86',166°48.78',1000,Shannon Brown,,,,,,,,,,57.431,-166.813,Etc/GMT+11,,2023-04-28T06:15:00,4,8.2317,103.501,358.397,32.1486,32.1514,25.7504,25.7526,0.7102,1.0427,1.0428,0.6039,31.077,57.431,-166.813,2023-04-28T06:15:00Z,41,DY2306,41,70m12,4,20240427,615,57.43,-166.81,70,31.08,1.0427,32.1486,358.4,0.12,38.8,2,17.4,2,0.13,2,1.664,2,0.26,2
55,E1739.DY23-06,1.0,1.0,False,DY23-06,2023_AprMay_Dyson,2023-04-27,,0:05,,,25,2,Niskin; Sterivex 0.22µm filter,95% EtOH,Beiring Sea,Ice Edge Station 2,31.1,58°20.05',169°57.60',1000,Shannon Brown,,,,,,,,,,58.33416666666667,-169.96,Etc/GMT+11,,2023-04-27T00:05:00,2,8.1605,100.384,355.254,32.2462,32.2484,25.8754,25.8772,0.4112,0.1732,0.1727,0.7195,31.073,58.33416666666667,-169.96,2023-04-27T00:05:00Z,25,DY2306,25,,2,20240426,5,58.33,-169.96,72,31.07,0.1732,32.2462,355.25,5.84,-999.0,-999,-999.0,-999,-999.0,-999,-999.0,-999,-999.0,-999
56,E1785.DY23-06,1.0,1.0,False,DY23-06,2023_AprMay_Dyson,2023-04-29,,1:37,,,53,4,Niskin; Sterivex 0.22µm filter,95% EtOH,Beiring Sea,70M4,31.2,56°54.46',164°50.17',1000,Shannon Brown,Sampled last on niskins,,,,,,,,,56.907666666666664,-164.83616666666666,Etc/GMT+11,,2023-04-29T01:37:00,4,8.0902,102.618,352.291,31.9888,31.9924,25.5985,25.6013,0.6511,1.4273,1.4275,0.552,31.163,56.907666666666664,-164.83616666666666,2023-04-29T01:37:00Z,53,DY2306,53,70m4,4,20240428,137,56.91,-164.84,72,31.16,1.4273,31.9888,352.29,5.36,35.1,2,16.5,2,0.16,2,1.53,2,0.36,2
57,E1736.DY23-06,1.0,1.0,False,DY23-06,2023_AprMay_Dyson,2023-04-27,,2:44,,,27,4,Niskin; Sterivex 0.22µm filter,95% EtOH,Beiring Sea,70M26,31.2,58°16.76',170°06.56',1000,Shannon Brown,,,,,,,,,,58.279333333333334,-170.10933333333332,Etc/GMT+11,,2023-04-27T02:44:00,4,8.5553,103.486,372.512,31.9729,31.9748,25.6793,25.6808,0.9108,-0.3928,-0.3918,0.3761,31.23,58.279333333333334,-170.10933333333332,2023-04-27T02:44:00Z,27,DY2306,27,70m26,4,20240426,244,58.28,-170.11,72,31.23,-0.3928,31.9729,372.51,5.82,38.0,2,19.3,2,0.11,2,1.711,2,0.02,2
58,E1742.DY23-06,1.0,1.0,False,DY23-06,2023_AprMay_Dyson,2023-04-26,,22:56,,,24,4,Niskin; Sterivex 0.22µm filter,95% EtOH,Beiring Sea,Ice Edge Station 1,31.5,58°19.67',169°51.10',1000,Shannon Brown,,,,,,,,,,58.32783333333333,-169.85166666666666,Etc/GMT+11,,2023-04-26T22:56:00,4,8.2529,101.811,359.281,32.2481,32.2506,25.8717,25.8738,0.5883,0.2816,0.2815,0.5984,31.451,58.32783333333333,-169.85166666666666,2023-04-26T22:56:00Z,24,DY2306,24,,4,20240425,2256,58.33,-169.85,71,31.45,0.2816,32.2481,359.28,6.39,-999.0,-999,-999.0,-999,-999.0,-999,-999.0,-999,-999.0,-999
59,E1796.DY23-06,1.0,1.0,False,DY23-06,2023_AprMay_Dyson,2023-04-30,,14:14,,,65,4,Niskin; Sterivex 0.22µm filter,95% EtOH,Beiring Sea,M2C,32.0,56°51.86',164°02.96',1000,Shannon Brown,M2 repeat; stored in fridge for 11 hours before filtering,,,,,,,,,56.864333333333335,-164.04933333333332,Etc/GMT+11,,2023-04-30T14:14:00,4,8.4179,108.151,366.602,31.8865,31.8944,25.4808,25.4899,2.2678,1.9587,1.9192,0.5974,32.003,56.864333333333335,-164.04933333333332,2023-04-30T14:14:00Z,65,DY2306,65,M2C,4,20240429,1414,56.86,-164.05,72,32.0,1.9587,31.8865,366.6,0.0,28.8,2,13.9,2,0.2,2,1.322,2,0.26,2
60,E1799.DY23-06,1.0,1.0,False,DY23-06,2023_AprMay_Dyson,2023-05-02,,2:23,,,68,1,Niskin; Sterivex 0.22µm filter,95% EtOH,Beiring Sea,KUM2A,36.2,58°15.67',163°39.66',1000,Shannon Brown,,,,,,,,,,58.26116666666667,-163.661,Etc/GMT+11,,2023-05-02T02:23:00,1,9.59,112.55,418.068,30.4234,30.4266,24.448,24.4506,1.6772,-1.1148,-1.1147,0.561,36.245,58.26116666666667,-163.49433333333334,2023-05-02T02:23:00Z,68,DY2306,68,KUM2A,1,20240501,223,58.26,-163.49,40,36.24,-1.1148,30.4234,418.07,0.55,-999.0,-999,-999.0,-999,-999.0,-999,-999.0,-999,-999.0,-999
61,E1732.DY23-06,1.0,1.0,False,DY23-06,2023_AprMay_Dyson,2023-04-25,,13:28,,,19,1,Niskin; Sterivex 0.22µm filter,95% EtOH,Beiring Sea,UBE3,44.1,54°43.32',164°46.47',1000,Shannon Brown,,,,,,,,,,54.722,-164.7745,America/Anchorage,,2023-04-25T13:28:00,1,8.9651,120.624,390.562,31.6641,31.6666,25.1452,25.1472,2.5927,3.8749,3.8748,0.4574,44.066,54.722,-164.7745,2023-04-25T13:28:00Z,19,DY2306,19,UBE3,1,20240424,1328,54.72,-164.77,48,44.07,3.8749,31.6641,390.56,0.0,20.5,2,13.8,2,0.18,2,1.115,2,0.35,2
62,E1817.DY23-06,1.0,1.0,False,DY23-06,2023_AprMay_Dyson,2023-05-06,,20:01,,,87,4,Niskin; Sterivex 0.22µm filter,95% EtOH,Beiring Sea,UT1,51.1,54°10.09',166°14.05',1000,Shannon Brown,,,,,,,,,,54.168166666666664,-166.23416666666665,America/Anchorage,,2023-05-06T20:01:00,4,7.3458,100.717,319.848,32.4218,32.4251,25.6914,25.6941,1.8457,4.4404,4.4395,0.255,51.109,54.168166666666664,-166.23416666666665,2023-05-06T20:01:00Z,87,DY2306,87,UT1,4,20240505,2001,54.17,-166.23,124,51.11,4.4404,32.4218,319.85,-999.0,29.7,2,14.0,2,0.2,2,1.518,2,1.39,2
63,E1753.DY23-06,1.0,1.0,False,DY23-06,2023_AprMay_Dyson,2023-04-27,,8:16,,,30,1,Niskin; Sterivex 0.22µm filter,95% EtOH,Beiring Sea,70M22,62.6,57°55.79',169°19.96',1000,Shannon Brown,,,,,,,,,,57.929833333333335,-169.33266666666665,Etc/GMT+11,,2023-04-27T08:16:00,1,8.1621,102.552,355.323,32.2986,32.3011,25.875,25.8771,0.6967,0.9746,0.9741,0.9722,62.624,57.929833333333335,-169.33266666666665,2023-04-27T08:16:00Z,30,DY2306,30,70m22/M4W,1,20240426,816,57.93,-169.33,67,62.62,0.9746,32.2986,355.32,0.0,40.5,2,21.0,2,0.33,2,1.795,2,0.7,2
64,E1777.DY23-06,1.0,1.0,False,DY23-06,2023_AprMay_Dyson,2023-04-28,,8:47,,,43,1,Niskin; Sterivex 0.22µm filter,95% EtOH,Beiring Sea,70M10,63.4,57°26.39',166°19.60',1000,Shannon Brown,"Accidently have a repeated sample ID, but from two different sites",,,,,,,,,57.43983333333333,-166.32666666666665,Etc/GMT+11,,2023-04-28T08:47:00,1,8.1293,101.862,354.085,31.6307,32.1142,25.334,25.7224,0.6616,1.0481,1.0489,0.708,63.401,57.43983333333333,-166.32666666666665,2023-04-28T08:47:00Z,43,DY2306,43,70m10,1,20240427,847,57.44,-166.33,69,63.4,1.0481,31.6307,354.08,0.0,37.8,2,17.4,2,0.12,2,1.709,2,0.41,2
65,E1759.DY23-06,1.0,1.0,False,DY23-06,2023_AprMay_Dyson,2023-04-27,,19:40,,,34,1,Niskin; Sterivex 0.22µm filter,95% EtOH,Beiring Sea,70M19,63.9,57°39.24',169°00.63',1000,Shannon Brown,Stored in fridge for 4-10 hours before filtering,,,,,,,,,57.654,-169.0105,Etc/GMT+11,,2023-04-27T19:40:00,1,8.1295,102.712,353.899,32.3336,32.336,25.8907,25.8927,0.7425,1.1812,1.1809,0.6961,63.888,57.654,-169.0105,2023-04-27T19:40:00Z,34,DY2306,34,70m19/M4S,1,20240426,1940,57.65,-169.01,69,63.89,1.1812,32.3336,353.9,0.0,41.0,2,13.8,2,0.08,2,1.444,2,0.15,2
66,E1778.DY23-06,1.0,1.0,False,DY23-06,2023_AprMay_Dyson,2023-04-28,,19:37,,,49,1,Niskin; Sterivex 0.22µm filter,95% EtOH,Beiring Sea,70M8,64.0,57°15.70',165°44.93',1000,Shannon Brown,Stored in fridge for 2-6 hours before filtering,,,,,,,,,57.26166666666666,-165.74883333333332,Etc/GMT+11,,2023-04-28T19:37:00,1,8.1641,102.958,355.48,32.0698,32.0732,25.6789,25.6816,0.6282,1.1801,1.1803,0.6138,63.98,57.26166666666666,-165.74883333333332,2023-04-28T19:37:00Z,49,DY2306,49,70m8,1,20240427,1937,57.26,-165.75,70,63.98,1.1801,32.0698,355.48,0.05,36.0,2,17.1,2,0.13,2,1.615,2,0.35,2
67,E1772.DY23-06,1.0,1.0,False,DY23-06,2023_AprMay_Dyson,2023-04-28,,6:15,,,41,1,Niskin; Sterivex 0.22µm filter,95% EtOH,Beiring Sea,70M12,64.1,57°25.86',166°48.78',1000,Shannon Brown,,,,,,,,,,57.431,-166.813,Etc/GMT+11,,2023-04-28T06:15:00,1,8.1983,103.043,356.943,32.1494,32.1521,25.7519,25.7541,0.7916,1.028,1.0285,0.7399,64.101,57.431,-166.813,2023-04-28T06:15:00Z,41,DY2306,41,70m12,1,20240427,615,57.43,-166.81,70,64.1,1.028,32.1494,356.94,0.0,39.2,2,17.7,2,0.13,2,1.676,2,0.4,2
68,E1790.DY23-06,1.0,1.0,False,DY23-06,2023_AprMay_Dyson,2023-04-29,,8:35,,,57,1,Niskin; Sterivex 0.22µm filter,95% EtOH,Beiring Sea,M2E,64.2,56°56.56',163°50.12',1000,Shannon Brown,,,,,,,,,,56.94266666666667,-163.83533333333332,Etc/GMT+11,,2023-04-29T08:35:00,1,8.0273,100.808,349.56,31.9347,31.9383,25.578,25.5808,0.7476,1.0526,1.0531,0.6423,64.158,56.94266666666667,-163.83533333333332,2023-04-29T08:35:00Z,57,DY2306,57,M2E,1,20240428,835,56.94,-163.84,70,64.16,1.0526,31.9347,349.56,0.0,32.5,2,15.8,2,0.12,2,1.562,2,0.91,2
69,E1750.DY23-06,1.0,1.0,False,DY23-06,2023_AprMay_Dyson,2023-04-27,,5:41,,,28,1,Niskin; Sterivex 0.22µm filter,95% EtOH,Beiring Sea,70M24,64.8,58°02.70',169°40.85',1000,Shannon Brown,,,,,,,,,,58.045,-169.68083333333334,Etc/GMT+11,,2023-04-27T05:41:00,1,8.1851,101.9,356.322,32.2959,32.2985,25.8928,25.8949,0.4959,0.6193,0.6187,0.8685,64.805,58.045,-169.68083333333334,2023-04-27T05:41:00Z,28,DY2306,28,70m24,1,20240426,541,58.04,-169.68,70,64.81,0.6193,32.2959,356.32,0.0,42.0,2,22.6,2,0.11,2,1.811,2,0.19,2
70,E1741.DY23-06,1.0,1.0,False,DY23-06,2023_AprMay_Dyson,2023-04-26,,22:56,,,24,1,Niskin; Sterivex 0.22µm filter,95% EtOH,Beiring Sea,Ice Edge Station 1,65.5,58°19.67',169°51.10',1000,Shannon Brown,,,,,,,,,,58.32783333333333,-169.85166666666666,Etc/GMT+11,,2023-04-26T22:56:00,1,8.2095,101.423,357.385,32.2743,32.2771,25.8905,25.8927,0.5178,0.3303,0.3302,1.2757,65.531,58.32783333333333,-169.85166666666666,2023-04-26T22:56:00Z,24,DY2306,24,,1,20240425,2256,58.33,-169.85,71,65.53,0.3303,32.2743,357.38,0.0,-999.0,-999,-999.0,-999,-999.0,-999,-999.0,-999,-999.0,-999
71,E1768.DY23-06,1.0,1.0,False,DY23-06,2023_AprMay_Dyson,2023-04-28,,3:31,,,39,1,Niskin; Sterivex 0.22µm filter,95% EtOH,Beiring Sea,70M14,65.6,57°29.87',167°20.57',1000,Shannon Brown,,,,,,,,,,57.49783333333333,-167.34283333333335,Etc/GMT+11,,2023-04-28T03:31:00,1,8.224,102.362,358.06,32.1355,32.1381,25.7619,25.764,0.743,0.6542,0.6542,0.8052,65.649,57.49783333333333,-167.34283333333337,2023-04-28T03:31:00Z,39,DY2306,39,70m14,1,20240427,331,57.5,-167.34,71,65.65,0.6542,32.1355,358.06,0.0,38.9,2,16.6,2,0.09,2,1.702,2,0.4,2
72,E1735.DY23-06,1.0,1.0,False,DY23-06,2023_AprMay_Dyson,2023-04-27,,2:44,,,27,1,Niskin; Sterivex 0.22µm filter,95% EtOH,Beiring Sea,70M26,65.6,58°16.76',170°06.56',1000,Shannon Brown,,,,,,,,,,58.279333333333334,-170.10933333333332,Etc/GMT+11,,2023-04-27T02:44:00,1,8.1218,99.499,353.578,32.2039,32.2063,25.8481,25.85,0.3882,0.0278,0.0279,1.0489,65.621,58.279333333333334,-170.10933333333332,2023-04-27T02:44:00Z,27,DY2306,27,70m26,1,20240426,244,58.28,-170.11,72,65.62,0.0278,32.2039,353.58,0.02,43.9,2,22.5,2,0.1,2,1.909,2,0.27,2
73,E1744.DY23-06,1.0,1.0,False,DY23-06,2023_AprMay_Dyson,2023-04-26,,17:08,,,23,1,Niskin; Sterivex 0.22µm filter,95% EtOH,Beiring Sea,Ice Station 2,65.7,58°19.43',169°42.17',1000,Shannon Brown,,,,,,,,,,58.32383333333333,-169.70283333333333,Etc/GMT+11,,2023-04-26T17:08:00,1,8.2286,101.64,358.216,32.2652,32.2678,25.8833,25.8854,0.4961,0.3259,0.3259,0.9562,65.682,58.32383333333333,-169.70283333333333,2023-04-26T17:08:00Z,23,DY2306,23,,1,20240425,1708,58.32,-169.7,70,65.68,0.3259,32.2652,358.22,0.0,-999.0,-999,-999.0,-999,-999.0,-999,-999.0,-999,-999.0,-999
74,E1797.DY23-06,1.0,1.0,False,DY23-06,2023_AprMay_Dyson,2023-04-30,,14:14,,,65,1,Niskin; Sterivex 0.22µm filter,95% EtOH,Beiring Sea,M2C,65.8,56°51.86',164°02.96',1000,Shannon Brown,M2 repeat; stored in fridge for 11 hours before filtering,,,,,,,,,56.864333333333335,-164.04933333333332,Etc/GMT+11,,2023-04-30T14:14:00,1,7.9796,101.387,347.493,31.9247,31.9279,25.5416,25.5442,0.4847,1.5112,1.5114,0.6442,65.783,56.864333333333335,-164.04933333333332,2023-04-30T14:14:00Z,65,DY2306,65,M2C,1,20240429,1414,56.86,-164.05,72,65.78,1.5112,31.9247,347.49,0.0,34.6,2,15.9,2,0.17,2,1.374,2,0.63,2
75,E1747.DY23-06,1.0,1.0,False,DY23-06,2023_AprMay_Dyson,2023-04-26,,19:46,,,22,1,Niskin; Sterivex 0.22µm filter,95% EtOH,Beiring Sea,Ice Station 1,66.0,58°16.73',169°43.24',1000,Shannon Brown,,,,,,,,,,58.27883333333333,-169.72066666666666,Etc/GMT+11,,2023-04-26T19:46:00,1,8.2082,101.358,357.329,32.2676,32.2701,25.8858,25.8879,0.4849,0.3138,0.3139,1.022,65.989,58.27883333333333,-169.72066666666666,2023-04-26T19:46:00Z,22,DY2306,22,,1,20240425,1946,58.28,-169.72,70,65.99,0.3138,32.2676,357.33,0.0,-999.0,-999,-999.0,-999,-999.0,-999,-999.0,-999,-999.0,-999
76,E1762.DY23-06,1.0,1.0,False,DY23-06,2023_AprMay_Dyson,2023-04-27,,21:42,,,35,1,Niskin; Sterivex 0.22µm filter,95% EtOH,Beiring Sea,70M18,66.5,57°31.41',168°36.68',1000,Shannon Brown,Stored in fridge for 4-10 hours before filtering,,,,,,,,,57.5235,-168.61133333333333,Etc/GMT+11,,2023-04-27T21:42:00,1,8.196,103.273,356.798,32.3119,32.3148,25.8793,25.8816,0.9314,1.082,1.0821,0.5954,66.495,57.5235,-168.6113333333333,2023-04-27T21:42:00Z,35,DY2306,35,70m18,1,20240426,2142,57.52,-168.61,72,66.5,1.082,32.3119,356.8,0.01,40.4,2,18.9,2,0.11,2,1.703,2,0.26,2
77,E1738.DY23-06,1.0,1.0,False,DY23-06,2023_AprMay_Dyson,2023-04-27,,0:05,,,25,1,Niskin; Sterivex 0.22µm filter,95% EtOH,Beiring Sea,Ice Edge Station 2,66.7,58°20.05',169°57.60',1000,Shannon Brown,,,,,,,,,,58.33416666666667,-169.96,Etc/GMT+11,,2023-04-27T00:05:00,1,8.1401,100.443,354.363,32.2695,32.2718,25.8888,25.8907,0.3892,0.2851,0.284,1.1431,66.654,58.33416666666667,-169.96,2023-04-27T00:05:00Z,25,DY2306,25,,1,20240426,5,58.33,-169.96,72,66.65,0.2851,32.2695,354.36,0.0,-999.0,-999,-999.0,-999,-999.0,-999,-999.0,-999,-999.0,-999
78,E1781.DY23-06,1.0,1.0,False,DY23-06,2023_AprMay_Dyson,2023-04-28,,22:22,,,51,1,Niskin; Sterivex 0.22µm filter,95% EtOH,Beiring Sea,70M6,66.8,56°59.58',165°22.49',1000,Shannon Brown,Stored in fridge for 2-6 hours before filtering,,,,,,,,,56.993,-165.37483333333333,Etc/GMT+11,,2023-04-28T22:22:00,1,8.0531,102.247,350.669,32.0042,32.0075,25.6086,25.6112,0.5295,1.4617,1.4629,0.8226,66.774,56.993,-165.37483333333333,2023-04-28T22:22:00Z,51,DY2306,51,70m6,1,20240427,2222,56.99,-165.37,72,66.77,1.4617,32.0042,350.67,0.0,36.6,2,17.1,2,0.17,2,1.558,2,0.35,2
79,E1784.DY23-06,1.0,1.0,False,DY23-06,2023_AprMay_Dyson,2023-04-29,,1:37,,,53,1,Niskin; Sterivex 0.22µm filter,95% EtOH,Beiring Sea,70M4,67.2,56°54.46',164°50.17',1000,Shannon Brown,Sampled last on niskins,,,,,,,,,56.907666666666664,-164.83616666666666,Etc/GMT+11,,2023-04-29T01:37:00,1,8.0695,102.285,351.388,31.9945,31.9983,25.6049,25.6078,0.5831,1.399,1.3995,0.6642,67.186,56.907666666666664,-164.83616666666666,2023-04-29T01:37:00Z,53,DY2306,53,70m4,1,20240428,137,56.91,-164.84,72,67.19,1.399,31.9945,351.39,0.0,35.8,2,16.4,2,0.15,2,1.476,2,0.46,2
80,E1756.DY23-06,1.0,1.0,False,DY23-06,2023_AprMay_Dyson,2023-04-27,,17:25,,,33,1,Niskin; Sterivex 0.22µm filter,95% EtOH,Beiring Sea,M4,67.3,57°51.25',168°54.18',1000,Shannon Brown,Stored in fridge for 4-10 hours before filtering,,,,,,,,,57.854166666666664,-168.903,Etc/GMT+11,,2023-04-27T17:25:00,1,8.237,102.564,358.597,32.2303,32.2328,25.8387,25.8407,0.7894,0.6441,0.6441,0.6298,67.261,57.854166666666664,-168.903,2023-04-27T17:25:00Z,33,DY2306,33,M4,1,20240426,1725,57.85,-168.9,71,67.26,0.6441,32.2303,358.6,0.0,38.6,2,13.7,2,0.1,2,1.544,2,0.2,2
81,E1765.DY23-06,1.0,1.0,False,DY23-06,2023_AprMay_Dyson,2023-04-28,,0:34,,,37,1,Niskin; Sterivex 0.22µm filter,95% EtOH,Beiring Sea,70M16,67.3,57°30.05',167°59.30',1000,Shannon Brown,Stored in fridge for 4-10 hours before filtering,,,,,,,,,57.50083333333333,-167.98833333333334,Etc/GMT+11,,2023-04-28T00:34:00,1,8.2611,103.914,359.653,32.239,32.2416,25.8236,25.8257,0.9912,1.0345,1.0349,0.862,67.334,57.50083333333333,-167.98833333333334,2023-04-28T00:34:00Z,37,DY2306,37,70m16,1,20240427,34,57.5,-167.99,72,67.33,1.0345,32.239,359.65,0.0,37.7,2,15.7,2,0.08,2,1.511,2,0.18,2
82,E1793.DY23-06,1.0,1.0,False,DY23-06,2023_AprMay_Dyson,2023-04-29,,14:49,,,59,1,Niskin; Sterivex 0.22µm filter,95% EtOH,Beiring Sea,M2,67.5,56°52.35',164°03.25',1000,Shannon Brown,Stored in fridge for ~14 hours before filtering,,,,,,,,,56.8725,-164.05416666666667,Etc/GMT+11,,2023-04-29T14:49:00,1,7.9821,101.42,347.602,31.9256,31.9291,25.5424,25.5452,0.5611,1.5115,1.5109,0.6298,67.485,56.8725,-164.05416666666667,2023-04-29T14:49:00Z,59,DY2306,59,M2,1,20240428,1449,56.87,-164.05,73,67.48,1.5115,31.9256,347.6,0.0,32.8,2,13.8,2,0.13,2,1.454,2,0.52,2
83,E1787.DY23-06,1.0,1.0,False,DY23-06,2023_AprMay_Dyson,2023-04-29,,4:23,,,55,1,Niskin; Sterivex 0.22µm filter,95% EtOH,Beiring Sea,M2W,69.0,56°45.96',164°20.09',1000,Shannon Brown,,,,,,,,,,56.766,-164.33483333333334,Etc/GMT+11,,2023-04-29T04:23:00,1,7.992,101.841,348.035,31.926,31.9296,25.5352,25.5381,0.6613,1.6253,1.6256,0.9149,69.015,56.766,-164.33483333333334,2023-04-29T04:23:00Z,55,DY2306,55,M2W,1,20240428,423,56.77,-164.33,74,69.02,1.6253,31.926,348.04,0.0,34.7,2,16.4,2,0.17,2,1.587,2,0.49,2
84,E1802.DY23-06,1.0,1.0,False,DY23-06,2023_AprMay_Dyson,2023-05-05,,22:01,,,78,2,Niskin; Sterivex 0.22µm filter,95% EtOH,Beiring Sea,AW1,101.1,53°58.89',166°58.55',1000,Shannon Brown,Stored in fridge for 6-7 hours before filtering,,,,,,,,,53.9815,-166.97583333333333,America/Anchorage,,2023-05-05T22:01:00,2,5.7902,79.734,252.015,32.9209,32.9233,26.0833,26.0853,0.2666,4.4815,4.4806,0.085,101.059,53.9815,-166.97583333333333,2023-05-05T22:01:00Z,78,DY2306,78,AW1,2,20240504,2201,53.98,-166.98,200,101.06,4.4815,32.9209,252.02,0.0,45.0,2,17.0,2,0.13,2,1.722,2,1.0,2
85,E1729.DY23-06,1.0,1.0,False,DY23-06,2023_AprMay_Dyson,2023-04-25,,8:41,,,16,1,Niskin; Sterivex 0.22µm filter,95% EtOH,Beiring Sea,UBN6,110.6,55°02.85',165°05.82',800,Shannon Brown,Airlocked (smaller volume filtered),,,,,,,,,55.0475,-165.097,Etc/GMT+11,,2023-04-25T08:41:00,1,7.4973,101.778,326.393,32.5644,32.5674,25.85,25.8523,0.2876,3.9908,3.9908,0.2839,110.598,55.0475,-165.097,2023-04-25T08:41:00Z,16,DY2306,16,UBN6,1,20240424,841,55.05,-165.1,113,110.6,3.9908,32.5644,326.39,0.0,25.8,2,13.3,2,0.23,2,1.236,2,0.16,2
86,E1816.DY23-06,1.0,1.0,False,DY23-06,2023_AprMay_Dyson,2023-05-06,,20:01,,,87,1,Niskin; Sterivex 0.22µm filter,95% EtOH,Beiring Sea,UT1,119.8,54°10.09',166°14.05',1000,Shannon Brown,,,,,,,,,,54.168166666666664,-166.23416666666665,America/Anchorage,,2023-05-06T20:01:00,1,5.5242,75.762,240.382,33.2038,33.2072,26.3337,26.3365,0.2529,4.2334,4.2333,0.1499,119.79,54.168166666666664,-166.23416666666665,2023-05-06T20:01:00Z,87,DY2306,87,UT1,1,20240505,2001,54.17,-166.23,124,119.79,4.2334,33.2038,240.38,-999.0,64.6,2,30.4,2,0.17,2,2.394,2,0.44,2
87,E1726.DY23-06,1.0,1.0,False,DY23-06,2023_AprMay_Dyson,2023-04-25,,6:00,,,14,1,Niskin; Sterivex 0.22µm filter,95% EtOH,Beiring Sea,UBN4,122.0,54°56.11',165°28.95',1000,Shannon Brown,,,,,,,,,,54.93516666666667,-165.4825,Etc/GMT+11,,2023-04-25T06:00:00,1,6.7217,91.765,292.561,32.8681,32.8715,26.0766,26.0793,0.0852,4.1388,4.139,0.2496,122.003,54.93516666666667,-165.4825,2023-04-25T06:00:00Z,14,DY2306,14,UBN4,1,20240424,600,54.94,-165.48,125,122.0,4.1388,32.8681,292.56,0.0,28.3,2,14.7,2,0.22,2,1.273,2,0.18,2
88,E1718.DY23-06,1.0,1.0,False,DY23-06,2023_AprMay_Dyson,2023-04-24,,8:51,,,4,1,Niskin; Sterivex 0.22µm filter,95% EtOH,Beiring Sea,UBS2,135.5,54°25.35',165°08.86',1000,Shannon Brown,Lost the 10 m sample as the Niskin didn't close,,,,,,,,,54.4225,-165.14766666666668,America/Anchorage,,2023-04-24T08:51:00,1,7.3127,99.448,318.349,32.5947,32.5971,25.8677,25.8695,0.3252,4.0554,4.0554,0.4115,135.51,54.405833333333334,-165.14766666666668,2023-04-24T08:51:00Z,4,DY2306,4,UBS2,1,20240423,851,54.41,-165.15,138,135.51,4.0554,32.5947,318.35,0.0,47.8,2,24.1,2,0.2,2,1.983,2,0.37,2
89,E1811.DY23-06,1.0,1.0,False,DY23-06,2023_AprMay_Dyson,2023-05-06,,13:14,,,84,3,Niskin; Sterivex 0.22µm filter,95% EtOH,Beiring Sea,UT5,202.1,54°33.33',166°35.80',1000,Shannon Brown,,,,,,,,,,54.5555,-166.59666666666666,Etc/GMT+11,,2023-05-06T13:14:00,3,3.5088,48.214,152.672,33.2936,33.2487,26.3995,26.3616,0.0937,4.2883,4.3086,0.0711,202.107,54.5555,-166.59666666666666,2023-05-06T13:14:00Z,84,DY2306,84,UT5,3,20240505,1314,54.56,-166.6,431,202.11,4.2883,33.2936,152.67,-999.0,66.5,2,31.1,2,0.22,2,2.397,2,0.42,2
90,E1801.DY23-06,1.0,1.0,False,DY23-06,2023_AprMay_Dyson,2023-05-05,,22:01,,,78,1,Niskin; Sterivex 0.22µm filter,95% EtOH,Beiring Sea,AW1,202.1,53°58.89',166°58.55',1000,Shannon Brown,Stored in fridge for 6-7 hours before filtering,,,,,,,,,53.9815,-166.97583333333333,America/Anchorage,,2023-05-05T22:01:00,1,5.781,79.546,251.559,33.1965,33.1999,26.3135,26.3162,0.4107,4.373,4.3732,0.1364,202.054,53.9815,-166.97583333333333,2023-05-05T22:01:00Z,78,DY2306,78,AW1,1,20240504,2201,53.98,-166.98,200,202.05,4.373,33.1965,251.56,0.0,57.2,2,25.9,2,0.17,2,2.086,2,1.0,2
91,E1723.DY23-06,1.0,1.0,False,DY23-06,2023_AprMay_Dyson,2023-04-24,,22:34,,,10,1,Niskin; Sterivex 0.22µm filter,95% EtOH,Beiring Sea,UBW4,290.2,54°41.21',166°13.81',1000,Shannon Brown,Stored in fridge for ~2 hours before filtering,,,,,,,,,54.68683333333333,-166.23016666666666,Etc/GMT+11,,2023-04-24T22:34:00,1,3.5711,49.134,155.359,33.4956,33.4983,26.5602,26.5623,0.0214,4.2859,4.286,0.2261,290.247,54.68683333333333,-166.23016666666666,2023-04-24T22:34:00Z,10,DY2306,10,UBW4,1,20240423,2234,54.69,-166.23,291,290.25,4.2859,33.4956,155.36,0.0,33.8,2,16.7,2,0.23,2,1.398,2,0.15,2
92,E1808.DY23-06,1.0,1.0,False,DY23-06,2023_AprMay_Dyson,2023-05-06,,7:28,,,82,3,Niskin; Sterivex 0.22µm filter,95% EtOH,Beiring Sea,AW5,303.2,54°26.95',167°23.07',1000,Shannon Brown,,,,,,,,,,54.44916666666666,-167.3845,Etc/GMT+11,,2023-05-06T07:28:00,3,1.8564,25.448,80.748,33.6883,33.7077,26.7346,26.75,0.0588,4.0798,4.0806,0.0806,303.212,54.44916666666666,-167.3845,2023-05-06T07:28:00Z,82,DY2306,82,AW5,3,20240505,728,54.45,-167.38,650,303.21,4.0798,33.6883,80.75,-999.0,86.8,2,38.0,2,0.04,2,2.663,2,0.09,2
93,E1810.DY23-06,1.0,1.0,False,DY23-06,2023_AprMay_Dyson,2023-05-06,,13:14,,,84,1,Niskin; Sterivex 0.22µm filter,95% EtOH,Beiring Sea,UT5,425.4,54°33.33',166°35.80',1000,Shannon Brown,,,,,,,,,,54.5555,-166.59666666666666,Etc/GMT+11,,2023-05-06T13:14:00,1,2.271,31.116,98.781,33.7135,33.7532,26.7575,26.7932,0.1089,4.0522,4.012,0.1199,425.383,54.5555,-166.59666666666666,2023-05-06T13:14:00Z,84,DY2306,84,UT5,1,20240505,1314,54.56,-166.6,431,425.38,4.0522,33.7135,98.78,-999.0,92.3,2,35.5,2,0.03,2,2.764,2,0.24,2
94,E1720.DY23-06,1.0,1.0,False,DY23-06,2023_AprMay_Dyson,2023-04-24,,14:44,,,7,1,Niskin; Sterivex 0.22µm filter,95% EtOH,Beiring Sea,UBW1,471.8,54°21.61',165°55.90',1000,Shannon Brown,,,,,,,,,,54.360166666666665,-165.93166666666667,America/Anchorage,,2023-04-24T14:44:00,1,2.7831,38.216,121.062,33.6372,33.638,26.6853,26.6856,0.0277,4.1642,4.1679,0.0811,471.772,54.360166666666665,-165.93166666666667,2023-04-24T14:44:00Z,7,DY2306,7,UBW1,1,20240423,1444,54.36,-165.93,471,471.77,4.1642,33.6372,121.06,0.0,26.0,2,13.2,2,0.25,2,1.113,2,0.16,2
95,E1814.DY23-06,1.0,1.0,False,DY23-06,2023_AprMay_Dyson,2023-05-06,,16:37,,,85,2,Niskin; Sterivex 0.22µm filter,95% EtOH,Beiring Sea,UT3,507.1,54°17.90',166°22.04',1000,Shannon Brown,,,,,,,,,,54.29833333333333,-166.36733333333333,Etc/GMT+11,,2023-05-06T16:37:00,2,1.4819,20.227,64.447,33.8893,33.8934,26.9181,26.9215,0.0341,3.8462,3.8458,0.094,507.106,54.29833333333333,-166.3673333333333,2023-05-06T16:37:00Z,85,DY2306,85,UT3,2,20240505,1637,54.3,-166.37,980,507.11,3.8462,33.8893,64.45,-999.0,105.2,2,31.4,2,0.01,2,2.834,2,0.16,2
96,E1807.DY23-06,1.0,1.0,False,DY23-06,2023_AprMay_Dyson,2023-05-06,,7:28,,,82,1,Niskin; Sterivex 0.22µm filter,95% EtOH,Beiring Sea,AW5,647.3,54°26.95',167°23.07',1000,Shannon Brown,,,,,,,,,,54.44916666666666,-167.3845,Etc/GMT+11,,2023-05-06T07:28:00,1,0.6577,8.904,28.595,34.141,34.1451,27.1582,27.1614,0.0461,3.4425,3.4422,0.0631,647.349,54.44916666666666,-167.3845,2023-05-06T07:28:00Z,82,DY2306,82,AW5,1,20240505,728,54.45,-167.38,650,647.35,3.4425,34.141,28.6,-999.0,123.4,2,36.2,2,0.02,2,2.788,2,0.13,2
97,E1805.DY23-06,1.0,1.0,False,DY23-06,2023_AprMay_Dyson,2023-05-06,,2:29,,,80,2,Niskin; Sterivex 0.22µm filter,95% EtOH,Beiring Sea,AW3,757.3,54°10.28',167°09.38',1000,Shannon Brown,,,,,,,,,,54.17133333333334,-167.15633333333332,Etc/GMT+11,,2023-05-06T02:29:00,2,0.5631,7.608,24.481,34.1862,34.191,27.2029,27.2069,0.0421,3.3506,3.3489,0.0422,757.304,54.17133333333334,-167.15633333333332,2023-05-06T02:29:00Z,80,DY2306,80,AW3,2,20240505,229,54.17,-167.16,1599,757.3,3.3506,34.1862,24.48,-999.0,130.0,2,30.8,2,0.0,2,2.97,2,0.03,2
98,E1813.DY23-06,1.0,1.0,False,DY23-06,2023_AprMay_Dyson,2023-05-06,,16:37,,,85,1,Niskin; Sterivex 0.22µm filter,95% EtOH,Beiring Sea,UT3,985.6,54°17.90',166°22.04',1000,Shannon Brown,,,,,,,,,,54.29833333333333,-166.36733333333333,Etc/GMT+11,,2023-05-06T16:37:00,1,0.557,7.456,24.212,34.3102,34.3143,27.34,27.3433,0.0705,2.938,2.9378,0.1558,985.609,54.29833333333333,-166.3673333333333,2023-05-06T16:37:00Z,85,DY2306,85,UT3,1,20240505,1637,54.3,-166.37,980,985.61,2.938,34.3102,24.21,-999.0,152.3,2,42.8,2,0.02,2,3.297,2,0.06,2
99,E1804.DY23-06,1.0,1.0,False,DY23-06,2023_AprMay_Dyson,2023-05-06,,2:29,,,80,1,Niskin; Sterivex 0.22µm filter,95% EtOH,Beiring Sea,AW3,1519.7,54°10.28',167°09.38',1000,Shannon Brown,,,,,,,,,,54.17133333333334,-167.15633333333332,Etc/GMT+11,,2023-05-06T02:29:00,1,0.8119,10.692,35.285,34.5056,34.5099,27.5575,27.561,0.0339,2.225,2.225,0.104,1519.668,54.17133333333334,-167.15633333333332,2023-05-06T02:29:00Z,80,DY2306,80,AW3,1,20240505,229,54.17,-167.16,1599,1519.67,2.225,34.5056,35.28,-999.0,183.1,2,39.3,2,0.01,2,3.079,2,0.03,2
100,E1717.NC.DY23-06,,,True,DY23-06,2023_AprMay_Dyson,,,,,,,,Sterivex 0.22µm filter,95% EtOH,,,,,,1000,Shannon Brown,,,,,,,,,,,,,,,,,,,,,,,,,,,,,,,,,,,,,,,,,,,,,,,,,,,,,,,
101,E1771.NC.DY23-06,,,True,DY23-06,2023_AprMay_Dyson,2023-04-28,,,,,,,Sterivex 0.22µm filter,95% EtOH,,,,,,1000,Shannon Brown,,,,,,,,,,,,,,,,,,,,,,,,,,,,,,,,,,,,,,,,,,,,,,,,,,,,,,,
102,E1819.NC.DY23-06,,,True,DY23-06,2023_AprMay_Dyson,,,,,,,,Sterivex 0.22µm filter,95% EtOH,,,,,,1000,Shannon Brown,,,,,,,,,,,,,,,,,,,,,,,,,,,,,,,,,,,,,,,,,,,,,,,,,,,,,,,
