x	MP_E1053_SKQ2021	MP_E1054_SKQ2021	MP_E1055_SKQ2021	MP_E1056_SKQ2021	MP_E1057_SKQ2021	MP_E1058_SKQ2021	MP_E1059_SKQ2021	MP_E1060_SKQ2021	MP_E1061_SKQ2021	MP_E1062_SKQ2021	MP_E1063_SKQ2021	MP_E1064_SKQ2021	MP_E1065_SKQ2021	MP_E1066_SKQ2021	MP_E1067_SKQ2021	MP_E1068_SKQ2021	MP_E1069_SKQ2021	MP_E1070_SKQ2021	MP_E1071_SKQ2021	MP_E1072_SKQ2021	MP_E1073_SKQ2021	MP_E1074_SKQ2021	MP_E1075_SKQ2021	MP_E1076_SKQ2021	MP_E1077_SKQ2021	MP_E1078_SKQ2021	MP_E1079_SKQ2021	MP_E1080_SKQ2021	MP_E1081_SKQ2021	MP_E1082_SKQ2021	MP_E1083_SKQ2021	MP_E1084_SKQ2021	MP_E1085_SKQ2021	MP_E1086_SKQ2021	MP_E1087_SKQ2021	MP_E1088_SKQ2021	MP_E1089_SKQ2021	MP_E1090_SKQ2021	MP_E1091_SKQ2021	MP_E1092_SKQ2021	MP_E1093_SKQ2021	MP_E1094_SKQ2021	MP_E1095_SKQ2021	MP_E1096_SKQ2021	MP_E1097_SKQ2021	MP_E1098_SKQ2021	MP_E1099_SKQ2021	MP_E1100_SKQ2021	MP_E1101_SKQ2021	MP_E1102_SKQ2021	MP_E1103_SKQ2021	MP_E1104_SKQ2021	MP_E1105_SKQ2021	MP_E1106_SKQ2021	MP_E1107_SKQ2021	MP_E1108_SKQ2021	MP_E1109_SKQ2021	MP_E1110_SKQ2021	MP_E1111_SKQ2021	MP_E1112_SKQ2021	MP_E1113_SKQ2021	MP_E1114_SKQ2021	MP_E1115_SKQ2021	MP_E1116_SKQ2021	MP_E1117_SKQ2021	MP_E1118_SKQ2021	MP_E1119_SKQ2021	MP_E1120_SKQ2021	MP_E1121_SKQ2021	MP_E1122_SKQ2021	MP_E1123_SKQ2021	MP_E1124_SKQ2021	MP_E1125_SKQ2021	MP_E1126_SKQ2021	MP_E1127_SKQ2021	MP_E1128_SKQ2021	MP_E1129_SKQ2021	MP_E1130_SKQ2021	MP_E1131_SKQ2021	MP_E1132_SKQ2021	MP_E1133_SKQ2021	MP_E1134_SKQ2021	MP_E1135_SKQ2021	MP_E1136_SKQ2021	MP_E1137_SKQ2021	MP_E1138_SKQ2021	MP_E1139_SKQ2021	MP_E1140_SKQ2021	MP_E1141_SKQ2021	MP_E1142_SKQ2021	MP_E1143_SKQ2021	MP_E1144_SKQ2021	MP_E1145_SKQ2021	MP_E1146_SKQ2021
ASV_1005	0.163554586343192	1.63051522914888	0.989834135901552	32.1635978311728	4.28887443070917	0.357653791130186	28.6599690108462	4.2305551338495	0.486004409112165	1.07157506152584	0.575800281860278	0.0156473533619456	63.8575128841892	53.5070273137099	1.8093579315826	55.9734120072513	58.6853643259795	3.74171477442805	17.8922865305259	19.4463177771783	7.3384565429159	7.29087812263437	12.276699540238	11.0640923917835	1.80999131365776	0.915993507826054	1.3561792360605	0.125231196054254	0.400581374738559	0.938152767428509	1.35632559067254	0.195787081548816	0.816194780042424	1.34039384411716	0.45749581239531	1.04611992405218	0.662991056526894	0.756492407785431	2.85478699038021	3.62999098138887	1.59553452939329	0.0760251810233731	0.949378893572574	0.754524138760296	0.668017546594224	2.05300248976664	0.281439570695287	0.367504394074277	0.342649613137534	0.15282352592065	0.117745564917055	0.341288235743575	0.1885458402074	0.329546240176987	0.41330398630472	0.190616172519119	0.905020256343434	0.151124216734243	0.0893671687363855	0.40472453952259	0.335271872119999	0.187272794036647	0	0.3108238515227	0.291750186279346	0.241439634976009	0.0972930091230906	0.13402541939734	0.593366915375778	0.106051424119124	0.0738951571099273	0.271629248052884	0.236123609884167	0.104330139136076	0.453922992972188	0.353481795687522	0.480286102736892	0.211945380633057	0.129236071223435	0.0355864436582864	0.21563487021644	0.462288379894124	0.166615400389624	0.0978556123568018	0.160820952672691	0.367460368752943	0.235039126273715	0.289068342814887	0.134217464248622	0.198624904507257	0.213990677305376	0.262912097415851	0.0596668600314908	0.0492583193560254
ASV_1015	40.9174200778399	44.6512951892969	60.1545999831038	43.1040651749099	47.2661027976578	47.9121959942775	45.469085819963	64.9764688021861	61.3701650076825	75.1025430680886	75.3774914435273	76.4060264663805	29.675024700259	36.9828957836118	74.5709116120195	37.2480716596168	33.3982879810704	43.1473166559761	65.3317109300603	67.1668465066091	70.7219396038532	82.8822861468584	77.8998350472046	75.321049692909	67.1050239379432	62.5972426916404	55.3047404063205	54.9803483353884	82.7714559183239	73.3542626094817	64.0718780032276	87.7510707106022	78.8373451381844	84.5997623095091	91.0783082077052	89.2239848104367	85.9033828658249	86.3558461689609	36.8502061383417	38.9583504140362	39.9663671451582	52.8949832651888	53.4002312828739	59.3744363614501	53.3846222360774	60.9338734860953	80.7848226784881	54.449998858682	65.9750513184904	59.7317427816849	26.1447485478047	35.488882663067	24.2795620594348	37.8978176203535	31.9711420885302	32.8640654066096	36.6604278708332	27.8713601179506	30.1576958164994	62.2422290135183	58.6471541615025	57.3568831931847	53.4591194968553	56.8841311519558	57.1725418997345	53.9750580580478	50.6320303554188	48.7761661915201	55.7714401141284	44.2927019305688	42.7985309201601	70.286045816558	52.8875605789156	53.2110011309738	52.8622173408315	54.3346838150656	49.9009871726665	74.4414718043153	87.4217781674174	82.5479893659333	36.413661050616	38.7997274490277	29.1487234697016	27.6568642337737	24.3356563026497	25.5172604813915	44.5624331475539	50.9205650277724	36.325796916194	33.3668012659609	35.0944710780817	37.8524232884768	48.361647468302	51.3595919665293
ASV_1018	0.00302878863598504	0.00341588385994876	0.00422404325420292	0	0.0676642810670137	0.0581187410586552	0	0	0.0367426013761774	0	0	0	0	0	0	0	0	0	0	0	0	0	0	0	0	0.0167901050314348	0.00888715095714616	0	0	0.00366465924776761	0	0	0	0	0	0.00489985912905004	0	0	0	0.0245962121833238	0.00506518898220093	0	0	0.00150303613298864	0.0155870760871986	0	0.00291647223518432	0.0182610879043119	0.0205273961787463	0.059348942105107	0	0.00764078139724422	0	0	0	0	0	0	0.020479976168755	0.00825968448005286	0.00953379731146916	0.0367201556934601	0	0.0336632330168989	0.019939760932761	0.00204609860149161	0.0127229319622503	0	0	0.00432862955588261	0.0121320407195403	0.0096696496070606	0.000825607027567019	0.000876723858286356	0.0013902695037433	0	0.00738901696518295	0.00173725721830374	0	0	0.000894750498823403	0	0	0	0	0	0	0	0	0.00327403688748227	0.0058059486090606	0.00461249293712019	0	0.00124704605964621
ASV_1019	0.0363454636318205	0	0.0506885190504351	0.110092753144524	0.0208197787898504	0.00670600858369099	0.0749737591842855	0.116390870907343	0.0116908277106019	0.179450369155045	0.12079726192873	0	0.138855510160485	0.351365685494564	0	0.127963601464472	0.0904725450622869	0	0.0529044545550735	0.168599946048017	0	0.160862982588948	0.108798652300565	0	0.0525220693695332	0.0485047478685894	0	0.0211929716399507	0.0283597433443227	0.0158801900736597	0.0435184681499211	0.012236692596801	0.003074179962495	0.00451311058625307	0.00732830820770519	0	0.00690615683882181	0.0229240123571343	0.0329821346770499	0.0942854800360744	0.0354563228754065	0.0584095902984452	0	0.0601214453195455	0.0590082166158231	0.031649575895683	0.00583294447036864	0.0730443516172476	0.0710563713879678	0.00890234131576605	0.397718352608718	0.0916893767669307	0.0771323891757547	0.0391768257553062	0.0293470286133529	0.00459316078359323	0.0189533037977682	0.00921489126428308	0.195490681610843	0.294595413121885	0.00317793243715639	0.00183600778467301	0	0	0.0167913776275882	0.19744851504394	0	0	1.8848868184171	0.0238074625573543	0.0363961221586209	0.210974173244959	0.0189889616340414	0.00350689543314542	0.0013902695037433	0.00181272715737191	0.922149317254832	0.203259094541538	0	0	0.151212834301155	0.0838618376225169	0.0487029631908131	0.00506149719086906	0.0127635676724358	0.016618810647118	0.192816528739515	0.0815105501541978	0.0918750499320923	0.0502018989413947	0.121924920790273	0.0357468202626815	0.0604955664208171	0.0336702436104478
ASV_1044	0.131752305665349	0.158269285510959	0.395652051477007	13.3322324058019	37.9388418998048	42.6837446351931	1.19958014694857	8.27387277971763	29.556082570646	0.0666529942575882	0.881820012079726	0.592364091559371	0	0.0430920180323522	0.11329624431405	0.0248818113958696	0.0556754123460227	0.021381227282446	0	0.00674399784192069	0.129884186600281	0.0236563209689629	0.0245674376162566	0	19.2089368321112	20.0772344831446	25.8420575531896	24.2987053020962	2.33967882590663	14.734373282191	22.0022121887976	0.104885936544008	7.89603123366842	6.34092037368556	0.103643216080402	1.84724689165186	2.18694966562691	0.0589474603469167	0.0458085203847916	0	0.16309908522687	0.0509924994668966	0	0.216437203150364	0.0222672515531408	0.0569692366122294	0.522048530097993	11.8400328699582	9.36522974893415	7.71832992076916	13.2084358155843	9.35741028449176	8.34958112827545	14.5853017767843	16.7131327953045	13.2053372528305	7.01509156814897	4.28123848138592	6.26128725959301	16.557914154346	10.72869990784	11.7302537362758	29.559748427673	14.9206669808568	12.6281654370481	27.8576324593082	34.2433971725155	24.8367275081494	18.048454089813	29.2474677517098	28.2400820567118	11.7960934615587	33.3025106709708	29.4701957724376	26.7814565853591	28.8975899792443	15.1533959921972	14.247246447309	3.72290577103298	5.49775665850272	36.910247577463	37.0669322291525	39.6403670665436	43.3179801251877	42.0355337724001	38.0007570791517	29.4340764510499	27.9161029553877	27.9443956219541	36.9104005238459	37.9551448998889	32.6034063260341	7.35311179249192	6.57380330342501
ASV_1070	0.487634970393591	4.83575291773413	1.66849708541015	3.65783172322682	4.65061808718282	5.49669170243205	10.5613035437597	6.79115429381104	3.17990513728372	8.13166529942576	9.88926917656533	0.748837625178827	2.04277817832252	4.80310262529833	1.23611275512792	1.93722674439271	2.67589950588072	1.56082959161856	5.12115120093112	7.42851362287564	1.66143522026193	4.35749432248297	3.94482855438178	6.70898351406154	1.68676645859847	3.30578512396694	3.08028652174686	3.0633477188656	3.45634372008933	1.23743327266286	1.41253694536619	3.49444978585788	0.997571397829629	1.00191055014818	3.04962311557789	0.534084645066454	0.376385547715789	3.22464440490356	3.62986715529088	3.19545789948348	2.36746933028071	0.837204127611048	4.44659976871713	2.23050562135514	0.79716760560244	2.33573870110141	1.50781614559029	5.29799812823849	6.66035054476551	9.12935101931808	0.863467476058402	1.84142831673586	0.854883980031282	0.811190745051045	0.99290780141844	1.54789518407092	4.00388542727854	4.81570217471434	4.71039451881365	2.68439745601718	24.3667969618966	24.991737964969	4.40251572327044	22.6598442514419	24.682275651453	2.18727940499453	12.1361802764618	22.8161239394387	1.17032155436882	19.7504545061034	22.0406092490267	0.655778055169746	3.94062234257738	3.94350391457203	4.89791946168765	6.09620143024173	1.64922858662883	1.14485250686217	0.766347229360017	3.75471869265175	1.27144045882806	1.78311232244877	4.39992822721214	2.05159352803226	2.54377903711645	4.09653682451459	0.394077576985869	0.665529440434275	2.24974035311976	4.276983520681	5.26765423087769	7.44686984698055	1.61183392723958	2.11311954807051
ASV_1071	0.00302878863598504	0	1.28410914927769	0	0.106701366297983	0.187768240343348	0	0	0.0668047297748681	0	0.0161063015904973	0	0	0	0.00507296616331569	0	0	0	0	0	0	0	0	0	0.0202007959113589	0.0503703150943044	0.227511064502942	0.105964858199753	0.0460845829345244	0.0488621233035682	0.038078659631181	0.00611834629840049	0.01229671984998	0.0270786635175184	0.00837520938023451	0.0134746126048876	0.00575513069901817	0.00436647854421605	0	0	0.183359841155674	0	0	0.0601214453195455	0	0	0.208527764815679	0.276198954552717	0.420022106426654	0.678061663550847	0.0183159767648752	0.0127346356620737	0	0.0161316341345378	0.0293470286133529	0.0114829019589831	0.0165841408230472	0.0774050866199779	0.189905233564819	0.167946917761075	0.438554676327581	0.385561634781331	0	0.208712044704773	0.343173780263834	0.010230493007458	0.264187940157315	0.229433345070023	0	0.126612414509566	0.165436918902822	0	0.0627461340950934	0.0429594690560314	0.0597815886609619	0.059819996193273	0.0118224271442927	0	0.00302306599353064	0.0244220691772554	0.0152107584799979	0.013627548613659	0.00768994155644417	0.0185588230331865	0.0146781028233012	0.016618810647118	0.00422225975342003	0.00756283455038949	0.0103858752097148	0.0349230601331442	0.0364945341140952	0.0288280808570012	0.0165741277865252	0.0124704605964621
ASV_1074	0	0.0307429547395389	0.039424403705894	0.00275231882861311	0.00780741704619388	0.00223533619456366	0.0099965012245714	0.00506047264814534	0.0050103547331151	0	0	0.00447067238912733	0	0	0	0	0	0	0	0	0	0	0	0	0	0	0	0.00385326757090012	0.00354496791804034	0	0.0108796170374803	0.00174809894240014	0.0169079897937225	0.0165480721495946	0	0	0.00230205227960727	0.00218323927210803	0.00183234081539166	0.00409936869722063	0.00607822677864111	0.00927136353943575	0.0130562912672063	0.0120242890639091	0.00668017546594224	0	0.0072911805879608	0.00913054395215595	0.0110532133270172	0.0133535119736491	0.0392485216390183	0.00509385426482948	0.0235682300259251	0.0161316341345378	0.00489117143555882	0.00229658039179662	0.0189533037977682	0.00921489126428308	0.00930908007670682	0.0192725971201233	0	0	0	0	0	0	0	0	0.0037874483960156	0	0	0.0281298897659945	0.00330242811026807	0	0.0041708085112299	0	0.0133002305373293	0	0	0	0	0	0.00128165692607403	0	0	0	0.00211112987671002	0	0	0	0	0.00115312323428005	0.0174028341758515	0.00124704605964621
ASV_1081	9.19843108748656	7.01622544833476	1.04333868378812	0.228442462774888	1.94664931685101	0.467185264663805	0.974658869395711	0.146753706796215	0.23548667245641	0.246103363412633	0.0322126031809946	0.169885550786838	0.162888194611338	0.241978255104747	0.0946953683818929	0.110190879038851	0.299255341359872	0	0.164003809120728	0.158483949285136	0.0595302521917956	0.151400454201363	0.168462429368617	0.120485468277058	0.262610346847666	0.88054773053747	0.0444357547857308	0.227342786683107	0.274735013648126	0.437316003566935	0.698108759904985	0.049820819858404	1.22352362507301	0.621304890707505	0.175879396984925	0.640656581123293	0.751620069291774	0.141910552687022	1.00961978928081	1.13962449782733	0.082056061511655	14.2658470781298	6.23717685679114	0.243491853544159	0.288360907613173	0.960037135502384	0.253733084461036	0.844575315574425	0.45791883783357	0.209205020920502	0.13606154168193	0.180831826401447	0.171405309279455	0.0714400940243818	0.2494497432135	0.158464047033966	0.27482290506764	0.11426465167711	0.10984714490514	3.34517221442141	0.83579623097213	0.908823853413138	1.88679245283019	1.10527615072152	1.2803425441036	11.1256611456106	0.319570114581228	0.277137307906364	12.2359832847277	0.306250541078694	0.445576768244935	4.29684066175566	0.0586180989572583	0.0797818711040583	0.069513475187165	0.0942618121833392	10.7066855825501	1.58611584031132	0	0	1.24996644685629	1.58708527700613	0.642110119963088	0.250544110948018	0.0746668708837494	0.151415830340409	0.548893767944604	0.92854801979782	0.198929455939922	1.27141765797228	1.16201914304199	1.39643223671314	0.0836993453219524	0.0505053654156716
ASV_1088	0	0.24025049814973	0.160513643659711	0.344039853576638	0.117111255692908	0.0536480686695279	0.274903783675713	0.030362835888872	0.0668047297748681	0.399917965545529	0.0724783571572378	0.143061516452074	0.27771102032097	0.288385043754972	0.0591846052386831	0.188390857711584	0.201823369754332	0.128287363694676	0.894085281980743	1.24426760183437	0.92001298841866	1.06926570779712	0.645772645913031	0.452555173528461	0.0989838999656587	0.335802100628696	0.170633298377206	0.0288995067817509	0.113438973377291	0.0622992072120494	0.063464432718635	0.0183550388952015	0.121430108518553	0.160967610909693	0.019891122278057	0.0771727812825381	0.186466234648189	0.0589474603469167	0.0806229958772332	0.0860867426416332	0.0445736630433681	0.0482110904050659	0.139888835005782	0.0450910839896591	0.104656082299762	0.181457568468583	0.0495800279981335	0.0547832637129357	0.00315806095057635	0.0534140478945963	0.125595269244858	0.0432977612510506	0.0428513273198637	0.0345677874311525	0.0489117143555882	0.0344487058769492	0.101874007913004	0.062661260597125	0.00930908007670682	0.0275322816001762	0.041313121683033	0.0348841479087871	0	0.0258084786462892	0.0346322163569007	0.0184148874134245	0.00449044657491188	0.0863214565609986	0.0504993119468747	0.0486970825036793	0.0860271978294676	0.0975755551257934	0.0198145686616084	0.0298086111817361	0.0736842836983949	0.0262845437818927	0.0266004610746586	0	0.00529036548867862	0.129088079936921	0.0384742714494063	0.0943445673253315	0.0230698246693325	0.0202459887634762	0.012125389288814	0.0147722761307716	0.0788155153971739	0.128568187356621	0.075896780378685	0.049110553312234	0.053912379941277	0.096862351679524	0.000828706389326262	0.0130939836262852
ASV_1127	25.8295094876804	35.5411329348135	3.73687026555152	2.3945173808934	1.25178919973975	0.50071530758226	4.48842904983256	1.17402965436972	1.08056650410849	2.266201804758	3.84940608012885	0.0804721030042918	0.902560816043152	0.752452930257226	0.0625665826808935	0.597163473500871	0.3688496067924	0.042762454564892	0.53962543646175	0.384407876989479	0.335534148717394	0.648183194549584	1.25293931842909	0.143994827940874	0.709047936488698	1.29656922187191	1.39706013046338	14.4632398273736	6.32954021766103	2.97203864993953	3.59027362236849	4.52495411240276	3.56297457653171	2.93201751086907	2.39321608040201	1.60715379432841	1.73689844496369	4.27587411442357	8.34997709573981	13.0011478232352	39.7830073040025	24.5867289702297	32.1837579736636	23.5315336980701	18.0509474715536	23.6675528547917	9.92621325244984	19.8246935561186	12.3038054634454	19.4916763108698	47.0746768538385	45.5747141074294	59.3919396653311	33.0468047841818	39.8263634140377	42.6520910364467	40.6951124167832	56.0523405823811	51.6802889538456	6.84452520580381	2.651984618807	2.62916314765175	9.43396226415094	2.41028748400996	1.98977824886921	1.95811636162747	0.850191218183315	0.842770010108697	2.37346766150311	2.82118431304649	3.08594999393398	5.09766346103131	3.30655614540591	5.02801132727225	7.02433666766303	5.25056421132773	11.6125790624815	3.63607935790973	0.259983675443635	0.406801895152568	19.5306138883172	15.2565648094764	22.126525171742	23.5342747718108	27.5086792260173	27.8503568427953	16.3190339469684	14.854247371915	26.6541503555165	15.0769398668558	13.3030871058176	13.6852665444356	37.4915057595094	35.523354055082
ASV_1130	0.040888646585798	0.120694563051523	0.118273211117682	0.0825695648583932	0.187378009108653	0.0268240343347639	0.279902034287999	0.030362835888872	0.0868461487073285	0	0.0765049325548621	0.013412017167382	0.112152527437315	0.215460090161761	0	0.0284363558809939	0.0347971327162642	0	0.0846471272881177	0.0236039924467224	0	0.0615064345193036	0.0386059733969747	0	0.0202007959113589	0.0354457772885846	0	0.167617139334155	0.31550214470559	0.053748335633925	0.050771546174908	0.136351717507211	0.0553352393249101	0.0827403607479729	0.0649078726968174	0.0612482391131255	0.111649535560953	0.105887104697239	0.0622995877233165	0.110682954824957	0.304924376728496	0.050065363112953	0.00746073786697504	0.105212529309205	0.0679151172370794	0.0970586994134279	0.177904806346244	0.0273916318564678	0.00789515237644087	0.0281907474999258	0.151760950337537	0.0458446883834654	0.0792749555417479	0.082962689834766	0.0684764000978234	0.00688974117538984	0.0118458148736052	0.0110578695171397	0.0148945281227309	0.11563558272074	0.00953379731146916	0.00734403113869203	0	0	0	0.31203003672747	0.00224522328745594	0.00340742591688152	0.491105808683357	0.00432862955588261	0.00551456396342741	0.0369204803178678	0.089165558977238	0.0263017157485907	0.00903675177433145	0.0135954536802893	0.948749778329491	0.229317952816094	0	0	0.169107844277623	0.0911997484144871	0.0333230800779247	0.0818275379190498	0.0548833409914739	0.0369306903269289	0.196335078534031	0.0890733847045873	0.539266597427499	0.0720288115246098	0.112801287261749	0.0403593131998017	0.593353774757603	0.369749156685102
ASV_1133	1.20242908848606	0.953031596925704	0.0577285911407733	0.459637244378389	0.0208197787898504	0.013412017167382	0.159944019593142	0.0202418905925813	0.0116908277106019	0.112797374897457	0.567747131065029	0.125178826895565	0.0934604395310956	0.0563511005038451	3.48005478803456	0.135072690434721	0.61242953580625	1.36839854607654	0.0158713363665221	0.114647963312652	0.714363026301548	0.189250567751703	0.119327554136104	0.36439507478915	0.125244934650425	0.229464768762942	0.143971845505768	0.235049321824908	0.202063171328299	0.136813945249991	0.0743440497561152	0.169565597412814	0.150634818162255	0.0752185097708844	0.0806113902847571	0.126171372573039	0.204882652885047	0.259805473380855	0.491067338524966	0.684594572435845	0.59971837549259	1.82275007185307	0.667736039094266	0.252510070342091	0.880669798926718	0.282736211334768	0.316437237517499	2.83503389714442	0.901626401389547	0.397637912104217	5.88727824585274	1.13083564679215	1.1634135367343	7.35372064618717	4.09880166299829	3.72046023471052	5.61254708711412	1.52045705860671	0.945802535793413	2.22185512513422	0.0587917500873931	0.0624242646788822	0	0.0392737718530488	0.0566708994931103	0.535054784290055	0.0456528735116041	0.0590620492259464	2.66257622239897	0.370097827027963	0.335285488976387	4.35485855939802	0.199796900671219	0.406799870244869	0.234260411380746	0.210276350255141	4.21173967015428	1.22650359612244	0	0.0948971830887638	0.999436307185741	0.574453587714241	0.430636727160874	0.26994651684635	0.433323122479195	0.521646000867871	1.37786409953274	0.861322823794358	2.1650555244867	1.08043217286915	0.868404027669492	0.845239330727275	0.971243888290379	1.32373939231446
ASV_1143	0.0832916874895885	0	0	0	0	0.00670600858369099	0	0	0.00668047297748681	0	0	0.102825464949928	0	0	0.0236738420954732	0.0355454448512423	0.00347971327162642	0.042762454564892	0	0	0.173178915467042	0.00473126419379258	0.0175481697258976	0	0	0	0	0.0577990135635019	0.00177248395902017	0.108718224350439	0.0525848156811547	0.00174809894240014	0.113744658612315	0.0315917741037715	0	0.0134746126048876	0.0218694966562691	0	0.0146587265231333	0	0.0232998693181243	0	0.0205170291341814	0	0.0378543276403394	0.0295396041693041	0.160405972935138	0.0159784519162729	0.00473709142586452	0	0.478831963996023	0.315818964419428	0.297816724873053	1.36888438227364	1.26681340180973	1.03346117630848	0.135042289559099	0.00552893475856985	0.0111708960920482	0.0715839321604581	0	0	0	0	0	0	0.0164649707746769	0.0215803641402496	0.0138873107853905	0.00649294433382391	0.00330873837805645	0	0	0.0131508578742953	0	0	0.0709345628657563	0.126819776936173	0	0.0160487883164821	0.227266626701144	0.224330415640233	0.230698246693325	1.11859087918206	1.13723387961403	1.60740829647958	0.934526825423633	0.831911800542843	0.773348246384917	0.062206700862163	0.0199061095167792	0.024215587919881	0.0223750725118091	0.0324231975508015
ASV_1166	0	0.161685169370908	0.0225282306890823	0.148625216745108	0.0650618087182824	0.0402360515021459	0.0649772579597141	0.015181417944436	0.0150310641993453	0.0153814602132896	0.0442923293738675	0.0335300429184549	0.00801089481695105	0.0364624767966057	0.00169098872110523	0.00710908897024846	0.0765536919757812	0	0.0264522272775368	0.0134879956838414	0	0.0709689629068887	0.0737023128487699	0.0440800493696553	0.054542148960669	0.0932783612857489	0.0373260340200139	0	0.0354496791804034	0.0561914417991034	0.0870369362998422	0.00524429682720042	0.0138338098312275	0.0210611827358476	0.00418760469011725	0.0220493660807252	0.0287756534950909	0.00764133745237809	0.016491067338525	0.00614905304583094	0.00607822677864111	0	0.0111911068004626	0.00450910839896591	0	0.0147698020846521	0.00874941670555296	0.346960670181926	0.497394599715774	0.22997715065729	0.206708880632163	0.366757507067723	0.263535663017162	0.269628741962989	0.183418928833456	0.231954619571458	0.210855504750172	0.241430151124217	0.229003369886988	0.0412984224002643	0.0587917500873931	0.0899643814489773	0	0.0751812204044076	0.137479404325879	0.0910513877663765	0.0389172036492363	0.0590620492259464	0.0946862099003901	0.0303004068911783	0.0838213722440967	0.0703247244149862	0.0305474600199797	0.0210413725988725	0.0424032198641707	0.039879997462182	0.0236448542885854	0.0486432021125048	0.0415671574110463	0.0188398819367399	0.0375795209505829	0.0482205566329472	0.0371680508561468	0.00674866292115875	0.0165926379741665	0.00830940532355901	0.0182964589314868	0.0033612598001731	0.00878804825437405	0.0425624795372695	0.0447887464127532	0.0680342708225228	0.0174028341758515	0.00561170726840796
ASV_1176	0.0121151545439402	0.0182180472530601	0	0.024770869457518	0	0.00223533619456366	0.0349877542859999	0	0	0.0205086136177194	0.00805315079524864	0	0	0	0	0	0.00347971327162642	0	0	0.00674399784192069	0	0	0	0	0.0222208755024948	0	0	0	0	0.0012215530825892	0	0	0	0	0	0	0.00115102613980363	0	0.0128263857077416	0	0.00607822677864111	0.0148341816630972	0	0.0195394697288523	0.0389676902179964	0.00843988690551547	0.00437470835277648	0.0205437238923509	0.0110532133270172	0.0103860648683937	0.0130828405463394	0	0	0.00230451916207683	0	0	0	0.00921489126428308	0.0130327121073895	0	0	0.00183600778467301	0	0	0	0.0306914790223741	0	0	0.0782739335176558	0.00324647216691196	0	0.238225003955766	0.0214657827167425	0.00876723858286356	0.0104270212780748	0.00906363578685954	0.880770822249808	0.0156353149647337	0.0241845279482451	0	0.00984225548705743	0.00943445673253315	0.00384497077822209	0.00421791432572422	0.00574360545259611	0.00553960354903934	0.00633338963013005	0	0.0023967404330111	0.0152788388082506	0.0099530547583896	0.0230624646856009	0.0140880086185464	0.0105998915069928
ASV_1246	0	0.00569313976658127	0.00704007209033821	0	0.0234222511385817	0	0	0	0.0050103547331151	0	0	0	0	0.00331477061787324	0	0	0	0	0	0	0	0	0	0	0.0121204775468153	0.0130589705800049	0.0142194415314339	0.00385326757090012	0	0.00610776541294602	0.00906634753123357	0.00174809894240014	0	0.0105305913679238	0.00104690117252931	0	0.00805718297862544	0	0.016491067338525	0.0225465278347135	0.0141825291501626	0.0185427270788715	0.00559555340023128	0.00901821679793182	0.0167004386648556	0	0.0116658889407373	0	0.00789515237644087	0.00890234131576605	0.00523313621853577	0	0	0	0.00489117143555882	0	0	0	0	0.00550645632003524	0.00635586487431277	0.0165240700620571	0	0.00897686213783972	0	0	0.00374203881242656	0.00681485183376305	0.00504993119468747	0	0.00441165117074193	0	0	0	0	0	0	0	0	0	0.00268425149647021	0.00209654594056292	0	0	0	0.000923267258173223	0.00281483983561335	0	0	0	0	0.00115312323428005	0.00331482555730505	0.00498818423858485
ASV_1250	0	0	0	0	0	0	0	0	0	0	0	0	0	0	0	0	0	0	0	0	0	0	0	0	0	0	0	0	0	0	0	0	0	0.0135393317587592	0	0	0.00115102613980363	0	0	0	0	0	0	0	0	0	0	0	0	0.00296744710525535	0	0	0	0	0	0	0.00236916297472103	0	0	0.0247790534401586	0	0	0	0	0.00209892220344853	0	0	0	0	0	0	0	0	0	0	0.000906363578685954	0.0118224271442927	0.0173725721830374	0	0	0.0107370059858808	0	0.0140982261868143	0.0362740632012283	0.0197835298922755	0.00461633629086612	0.00985193942464674	0.0268900784013848	0.0487337221378925	0	0	0	0	0.00249409211929243
ASV_1269	0.00605757727197008	0	0	0.134863622602042	0.262849707221861	0.257063662374821	0.254910781226571	0.161935124740651	0.287260338031933	0.235849056603774	0.253674250050332	0.824839055793991	0.0774386498971935	0	0.0997683345452086	0.0142181779404969	0.153107383951562	0.555911909343596	0.0105808909110147	0.138251955759374	0.227297326550492	0.0662376987130961	0.0350963394517952	0.0264480296217932	0.218168595842676	0.182825588120068	0.282611400437248	0.188810110974106	0.0531745187706051	0.105053565102672	0.125115595931023	0.00611834629840049	0.033815979587445	0.0827403607479729	0.019891122278057	0.0159245421694126	0.072514646807629	0.0469396443503226	0.108108108108108	0.176272853980487	0.098264666254698	0	0	0.082666987314375	0.0411944153733105	0	0.0495800279981335	0.146088703234495	0.0836886151902732	0.117214160657586	0.151760950337537	0.10187708529659	0.149979645619523	0.617611135436591	0.41330398630472	0.30544519210895	0.0995048449382833	0.0423884998157022	0.0856435367057027	0.0853500729605462	0.150951790764928	0.150552638343187	0	0.195246751498014	0.19939760932761	0.222001698261839	0.33528667759342	0.456595072862124	0.159072832632655	0.413384122586789	0.350726268073983	0.094059318905044	0.301346565061962	0.348059371739683	0.371897092251333	0.342605432743291	0.124135485015074	0.220631666724575	0.0340094924272197	0.0962927298988926	0.2523196406682	0.269406153362336	0.376807136265764	0.231141705049687	0.345254505539388	0.272363841161101	0.152001351123121	0.127727872406578	0.332348006710873	0.373240205172978	0.359968813761757	0.360927572329655	0.122648545620287	0.0492583193560254
ASV_1304	0.00454318295397756	0.0307429547395389	0.00563205767227056	0	0.00520494469746259	0	0	0	0	0	0.00805315079524864	0	0.00267029827231702	0	0	0.00355454448512423	0	0	0	0	0	0	0	0	0	0	0.00355486038285846	0.00577990135635019	0.00177248395902017	0.00488621233035682	0	0.00437024735600035	0.00614835992499001	0.00601748078167075	0.00104690117252931	0.00122496478226251	0.00115102613980363	0.00109161963605401	0.00916170407695831	0.00204968434861031	0.0101303779644019	0.00278140906183072	0.0111911068004626	0.0300607226597727	0.00334008773297112	0.00210997172637887	0.00583294447036864	0	0.00947418285172904	0.0059348942105107	0.00261656810926788	0.00509385426482948	0.00428513273198637	0.00460903832415367	0.0269014428955735	0.0183726431343729	0.0450140965196996	0	0.0148945281227309	0.0495581068803172	0	0.00183600778467301	0	0.00336632330168989	0	0.0143226902104412	0	0.0113580863896051	0.0833238647123433	0	0.0132349535122258	0.166142161430405	0.00577924919296913	0.000876723858286356	0.0027805390074866	0.00725090862948763	0.245315363244074	0.0225843438379486	0	0	0.0313162674588191	0.0125792756433775	0.00256331385214806	0.00506149719086906	0.0063817838362179	0.00276980177451967	0.0126667792602601	0.0109240943505626	0.0359511064951666	0.00763941940412529	0.016588424597316	0.0126843555770805	0.0215463661224828	0.0243173981631012
ASV_134	0.360425847682219	0	0	0.162386810888173	0.0338321405335068	0	0.92967461388514	0.794494205758818	0.242167145433897	1.8201394585726	2.08173948057177	7.66049713876967	0.154877299794387	1.12370723945903	9.75869590949828	0.259481747414069	1.38492588210731	22.5571947829805	0.386202518252037	0.424871864041004	8.44788397012664	0.553557910673732	0.621205208296775	2.6976990214229	0.0808031836454356	0.0279835083857247	0.168855868185777	0	0	0	0	0.00262214841360021	0.00614835992499001	0	0	0.00612482391131255	0.00690615683882181	0.00873295708843211	0.00549702244617499	0.0204968434861031	0.0121564535572822	0.0519196358208402	0.0671466408027754	0.0405819755906932	0.200405263978267	0.0189897455374098	0.00291647223518432	0.0205437238923509	0	0	0	0	0.00642769909797956	0	0	0	0	0	0	0.0192725971201233	0	0	0	0.00561053883614982	0	0	0	0	0.106048555088437	0	0	0.198667346472336	0	0	0	0.00634454505080168	0.0871904001891588	0.0764393176053647	0	0.0188398819367399	0	0.00943445673253315	0.0410130216343689	0.00843582865144843	0.0127635676724358	0	0.0091482294657434	0.00252094485012983	0.0263641447631222	0.0130961475499291	0	0	0.0281760172370929	0.00872932241752349
ASV_1356	0	0	0	0	0	0	0	0	0	0.0153814602132896	0	0	0.0614168602632914	0.00331477061787324	0	0.0319909003661181	0.00347971327162642	0	0	0.0269759913676828	0	0.0520439061317184	0	0	0.018180716320223	0	0	0	0	0.0451974640558005	0	0	0	0	0	0	0	0	0	0.0512421087152578	0	0	0	0	0	0	0	0	0	0	0.0130828405463394	0	0	0	0	0	0	0	0	0	0	0	0	0	0	0	0	0	0.0441868979535154	0	0	0	0	0	0	0	0.0310338712537684	0	0	0	0	0.0157240945542219	0	0	0.00829631898708327	0	0	0	0	0	0	0	0	0
ASV_1376	0	0.00683176771989752	0.00985610092647349	0	0.00260247234873129	0.00223533619456366	0	0	0.0384127196205491	0	0	0	0	0	0	0	0	0	0	0	0	0	0.00350963394517952	0	0	0.0167901050314348	0.00710972076571693	0.0134864364981504	0.00708993583608068	0.00488621233035682	0	0.00087404947120007	0.00614835992499001	0.0120349615633415	0	0	0.00230205227960727	0.00218323927210803	0	0.00819873739444126	0	0.00927136353943575	0.0205170291341814	0.0180364335958636	0.0167004386648556	0.0274296324429253	0.00583294447036864	0	0.00631612190115269	0.0296744710525535	0	0	0	0	0	0	0	0.00737191301142647	0.00930908007670682	0	0.0206565608415165	0.0385561634781331	0	0.0168316165084495	0.0262365275431066	0.00204609860149161	0.00748407762485313	0.00113580863896051	0	0	0.00992621513416934	0	0.0140353194686393	0	0.0041708085112299	0.00453181789342977	0.00147780339303659	0	0	0	0.00536850299294042	0.00419309188112585	0.00384497077822209	0	0	0	0	0	0	0.00654807377496453	0.0058059486090606	0.0230624646856009	0.00994447667191514	0
ASV_1391	0	0	0	0	0.00520494469746259	0.00223533619456366	0	0	0	0	0	0	0	0	0	0	0	0	0	0	0	0	0	0	0	0	0	0	0	0.00488621233035682	0	0	0	0	0	0	0	0	0	0	0	0	0	0	0	0	0	0	0	0	0	0	0	0	0	0	0	0.00184297825285662	0	0	0	0.00367201556934601	0	0	0	0	0.000748407762485312	0.00113580863896051	0	0.00541078694485326	0.0231611686463951	0	0.00908167730323721	0.00701379086629084	0.0208540425561495	0.0145018172589753	0.00886682035821954	0.00173725721830374	0.00453459899029596	0.011164374481031	0.00357900199529361	0.00628963782168877	0	0	0	0	0	0.00420157475021638	0	0	0.0058059486090606	0	0.00331482555730505	0.00748227635787728
ASV_1403	0	0	0	0.00550463765722621	0	0	0	0	0.0050103547331151	0	0	0	0	0	0	0	0	0	0.0105808909110147	0.00674399784192069	0	0	0	0	0	0	0.00177743019142923	0	0	0.00244310616517841	0	0	0.0015370899812475	0.00752185097708844	0	0.00857475347583757	0.00460410455921454	0	0.0549702244617499	0.0840370582930229	0.00202607559288037	0	0	0.00300607226597727	0.0178138012425126	0	0	0.00456527197607797	0	0	0	0	0.00214256636599319	0	0	0	0.00947665189888412	0	0	0	0	0	0	0	0	0.00409219720298321	0	0	0.00504993119468747	0	0.00110291279268548	0.000879059055187327	0	0	0	0	0	0	0	0	0	0	0.00128165692607403	0	0.00063817838362179	0	0.00492596971232337	0.00504188970025966	0.0343532795398258	0.00218269125832151	0	0	0.00414353194663131	0
ASV_1462	0	0	0	0.0412847824291966	0.0130123617436565	0	0.0249912530614285	0.0101209452962907	0	0	0	0	0.0240326844508532	0	0	0.0248818113958696	0.0104391398148793	0	0.0476140090995662	0.0269759913676828	0.092001298841866	0.0520439061317184	0.094760116519847	0.0646507390754944	0	0.0111934033542899	0	0	0	0	0	0	0	0	0	0	0	0	0	0	0	0	0	0	0	0	0	0	0	0	0	0	0	0	0	0.00229658039179662	0	0	0	0	0	0	0	0	0	0	0	0	0	0	0	0	0	0	0	0	0	0	0	0	0	0	0	0.000843582865144843	0	0.00184653451634645	0	0	0.000798913477670368	0	0	0	0	0.00124704605964621
ASV_1463	0	0.0546541417591802	0	0	0.0130123617436565	0	0	0	0.0050103547331151	0	0	0	0	0	0.0236738420954732	0	0	0	0	0	0.0270592055417253	0	0	0	0	0	0.0195517321057215	0	0	0	0	0	0.00461126994374251	0	0.00314070351758794	0.00612482391131255	0	0	0	0.0122981060916619	0.00405215118576074	0	0.0522251650688253	0.016533397462875	0.0111336257765704	0.00421994345275773	0	0	0	0	0	0	0.00642769909797956	0	0	0	0	0	0.00558544804602409	0	0	0	0	0	0	0	0	0	0	0	0.00441165117074193	0	0	0	0	0	0.00443341017910977	0	0	0	0	0	0	0	0	0	0	0	0.0111847886873852	0	0.0024882636895974	0	0	0.00561170726840796
ASV_1604	0	0	0	0	0.00780741704619388	0	0	0	0	0	0	0	0	0	0	0	0	0	0	0	0	0	0	0	0	0	0	0	0	0.0219879554866057	0.0326388511124408	0	0.0107596298687325	0.0255742933221007	0	0.0208244012984627	0.00805718297862544	0	0	0	0	0	0	0	0	0	0	0	0	0	0	0	0	0	0	0	0	0	0	0	0.00476689865573458	0	0	0	0	0	0	0	0	0	0	0	0	0	0	0	0.0118224271442927	0	0	0	0	0.0157240945542219	0	0	0	0	0	0.00924346445047604	0	0	0	0	0	0
ASV_1702	0.00605757727197008	0	0.00281602883613528	0.0192662318002917	0	0	0	0	0.0033402364887434	0	0	0	0	0	0	0	0	0	0	0	0	0	0	0	0	0	0.00710972076571693	0	0	0.0109939777433028	0.00906634753123357	0	0	0.00150437019541769	0	0	0	0	0	0	0.00405215118576074	0	0.0242473980676689	0.00751518066494319	0	0	0.0102076528231451	0	0	0	0	0	0	0	0	0	0	0	0	0	0	0.00367201556934601	0	0	0	0	0	0	0	0	0	0	0.00577924919296913	0	0	0	0	0	0	0	0.00268425149647021	0.00733791079197023	0	0	0	0	0	0.00252094485012983	0	0.00327403688748227	0.0058059486090606	0.00691873940568028	0.00248611916797879	0.00187056908946932
ASV_1703	0.00908636590795511	0	0.0168961730168117	0.0110092753144524	0	0	0	0.030362835888872	0	0.0307629204265792	0.00805315079524864	0	0.0347138775401212	0	0	0.00355454448512423	0.0173985663581321	0	0.116389800021162	0.118019962233612	0	0.089894019682059	0.0596637770680518	0	0	0	0.00355486038285846	0	0.00354496791804034	0	0	0.00786644524080063	0.00614835992499001	0.00300874039083538	0.00104690117252931	0	0.00230205227960727	0.00109161963605401	0	0.00614905304583094	0.00202607559288037	0	0.00373036893348752	0.0375759033247159	0.00445345031062816	0	0.0072911805879608	0.0182610879043119	0.0394757618822043	0.0118697884210214	0.0104662724370715	0.010187708529659	0.0149979645619523	0.00230451916207683	0.0195646857422353	0.0137794823507797	0.073444052216352	0.0276446737928492	0.0428217683528514	0.0165193689601057	0	0	0	0.00112210776722996	0	0.0327375776238657	0	0.00681485183376305	0.0719615195242965	0.0140680460566185	0.0154407790975968	0.159988748044094	0.0198145686616084	0.00438361929143178	0.0152929645411763	0.0117827265229174	0.540876041851392	0.0295333727111636	0.00302306599353064	0	0.0143160079811744	0.027255097227318	0.00256331385214806	0.00927941151659327	0.00191453515086537	0.0101559398399055	0.0246298485616168	0.0428560624522071	0.0535272030039147	0.0360144057623049	0.0298591642751688	0.0622686546511226	0.00662965111461009	0.0187056908946932
ASV_1716	0	0	0.0267522739432852	0	0.0104098893949252	0.0245886981402003	0	0	0.0283920101543189	0	0	0	0	0	0	0	0	0	0	0	0	0	0	0	0	0	0	0.00577990135635019	0.0336771952213832	0.0134370839084812	0	0	0.003074179962495	0	0.00314070351758794	0	0	0	0	0.00614905304583094	0.0131694913537224	0	0	0	0	0	0.0204153056462902	0.0136958159282339	0.0110532133270172	0.0786373482892667	0	0	0	0	0	0	0.0165841408230472	0.0313306302985625	0.00930908007670682	0	0	0.0312121323394411	0	0.0112210776722996	0	0	0.0134713397247356	0.0193087468623286	0	0.0129858886676478	0.00992621513416934	0	0	0.00263017157485907	0.0027805390074866	0.00906363578685954	0	0	0	0.0034888670253222	0.00715800399058722	0.00104827297028146	0	0.0059050800560139	0.00255271353448716	0	0	0	0	0	0.0016588424597316	0.00461249293712019	0	0
ASV_1718	0	0	0	0	0	0	0	0	0.0033402364887434	0	0	0	0	0	0	0	0	0	0	0	0	0	0	0	0	0	0	0	0	0	0	0	0	0	0	0	0	0	0	0	0	0	0	0	0	0	0	0.00684790796411696	0	0	0	0.00509385426482948	0	0	0	0	0	0	0.00558544804602409	0	0	0	0	0	0.00104946110172426	0	0.00673566986236781	0.00567904319480254	0	0.00757510172279456	0.00882330234148386	0	0.0231169967718765	0.0131508578742953	0.0083416170224598	0.00362545431474382	0.00443341017910977	0	0.00604613198706128	0	0	0.00104827297028146	0.00128165692607403	0.00168716573028969	0.00191453515086537	0	0	0.000840314950043276	0.00639130782136295	0.00109134562916076	0	0.0103781091085204	0.00414353194663131	0
ASV_1850	0	0	0	0	0	0	0	0	0	0	0	0	0	0	0	0	0	0	0	0	0	0	0	0	0	0	0	0	0	0.0842871626986551	0.119675787412283	0	0.00768544990623751	0	0	0	0	0	0	0	0	0	0	0	0	0	0	0	0	0	0	0	0	0	0	0	0	0	0	0	0	0	0	0	0	0	0	0	0	0	0	0	0	0	0	0	0	0	0	0	0	0	0	0	0	0	0	0	0	0	0	0	0	0
ASV_1860	0.0136295488619327	0.0273270708795901	0.00704007209033821	0	0	0	0	0	0	0	0	0	0.00534059654463404	0	0	0.00710908897024846	0	0	0	0	0.0324710466500704	0.00946252838758516	0.00350963394517952	0	0	0	0	0.00385326757090012	0.00531745187706051	0	0.00543980851874014	0.00174809894240014	0	0	0	0	0	0.00109161963605401	0.00366468163078333	0.00204968434861031	0.00101303779644019	0.000927136353943574	0	0	0.0200405263978267	0.0232096889901675	0	0	0	0	0	0	0	0	0	0	0	0	0	0	0	0	0	0	0	0	0	0	0	0	0	0	0	0	0	0	0	0	0	0	0	0	0	0	0	0	0	0	0	0	0	0	0	0
ASV_1870	19.6083776293671	3.9442072302875	27.9012137084284	0.613767098780723	0.590761223162004	0.438125894134478	2.07927225471085	4.31152269621983	1.71521143696974	3.7428219852338	2.67364606402255	7.43919885550787	0.181580282517557	0.394457703526916	8.34502933865431	0.43720897167028	1.08915025401907	16.1000641436818	0.164003809120728	0.0842999730240086	7.43045784175777	0.0141937925813777	0.0386059733969747	2.26571453760028	5.86025089388522	7.92866070928866	8.84449263255186	0.824599260172626	0.441348505796023	0.808668140674053	1.24390288128525	0.511318940652041	0.929939438654739	0.707053991846314	1.03015075376884	0.372389293807803	0.614647958655141	1.2771949741832	42.7979844251031	36.9496597523981	10.5761145948355	3.98019636747977	0.79829895176633	11.7657668490351	22.1926562604378	8.43144701860995	3.65288147456836	0.321851674313497	0.173693352281699	0.0771536247366391	0.0549479302946256	0.0203754170593179	0.0214256636599319	0.0460903832415367	0.0195646857422353	0.0964563764554578	0.0355374446208155	0.0939918908956874	0.178734337472771	0.148674320640952	0.203387675978009	0.203796864098704	0	0.519535896227474	0.532076778574202	0.116627620285022	0.535111550176998	0.830276115080131	1.88236185281976	1.34512163449052	1.34775943266166	1.28782151584943	4.80998654260545	6.99800983684169	6.35770244061811	3.6327052233733	0.97091682922504	1.29251937041798	4.20055019801082	6.91493444418859	0.615588343190501	1.60490591750092	1.12273146724085	0.213426464881645	0.255271353448716	0.240972754383211	0.543967798232281	0.395788341470383	0.327554525844851	2.72181599912692	1.96406947232221	1.04934214319484	0.428441203281677	0.247538642839773
ASV_188	0	0	0	0	0.00260247234873129	0	0	0	0	0	0	0	0	0	0	0	0	0	0	0	0	0	0.00701926789035904	0	0	0	0	0.117524660912454	0.0407671310574639	0.618105859790137	1.35813886017879	0	0.391957945218113	0.404675582567358	0	0.120046548661726	0.116253640120167	0.0425731658061065	0	0	0.00101303779644019	0	0	0	0.00111336257765704	0	0	0	0	0	0	0	0	0	0	0	0	0	0	0	0	0	0	0	0	0	0	0	0	0	0	0	0	0.0824120426789174	0	0.0725090862948763	0.203936868239049	0.177200236266982	3.07143504942713	0.0418664043038664	0.0250530139670553	0.0513653755437916	0.0333230800779247	0.0759224578630359	0.0159544595905447	0.0313910867778896	0.0738895456848505	0.120165037856188	0.00719022129903331	0.0163701844374113	0.0058059486090606	0.049584299074042	0.050551089748902	0.119092898696213
ASV_1906	0	0	0	0.00550463765722621	0.0832791151594014	0.0312947067238913	0	0	0.0200414189324604	0	0	0	0	0	0	0	0	0	0	0	0	0.00946252838758516	0	0	0	0.0111934033542899	0.0319937434457262	0.0211929716399507	0.00354496791804034	0.012215530825892	0.00362653901249343	0	0.0015370899812475	0	0	0	0	0	0	0	0	0	0	0	0	0	0	0.00456527197607797	0	0.00890234131576605	0	0.00764078139724422	0.0107128318299659	0.00460903832415367	0.0220102714600147	0.0137794823507797	0.0307991186713734	0.0110578695171397	0	0.00550645632003524	0	0	0	0	0	0	0	0	0	0	0.00220582558537096	0	0	0.00526034314971813	0.00347567375935825	0.00362545431474382	0	0	0	0.011164374481031	0	0	0	0	0	0	0	0.00252094485012983	0	0	0	0	0	0.00124704605964621
ASV_1957	0	0	0	0	0	0	0	0	0	0	0	0	0	0	0	0	0	0	0	0	0	0	0	0	0	0	0	0.00192663378545006	0.00177248395902017	0	0	0	0	0	0	0	0.00920820911842908	0	0	0.0102484217430516	0	0	0	0	0	0	0	0	0	0	0	0	0	0	0	0	0.00236916297472103	0	0.00558544804602409	0	0	0.00183600778467301	0	0.00224421553445993	0	0	0.00149681552497062	0.00567904319480254	0	0.00757510172279456	0.00551456396342741	0.00175811811037465	0.0189889616340414	0	0	0	0	0	0	0	0.00268425149647021	0.00314481891084438	0.00512662770429611	0	0	0	0	0	0	0.00545672814580378	0.0058059486090606	0.00691873940568028	0	0
ASV_1988	0	0	0	0	0	0	0	0	0	0	0	0	0	0.00994431185361973	0.0608755939597883	0	0	0	0	0	0.102824981058556	0	0	0.0558347292015634	0	0	0	0	0	0	0	0	0	0	0	0	0	0	0	0	0	0	0	0	0	0	0	0	0	0	0	0	0	0	0	0	0	0	0	0	0	0	0	0	0	0	0	0	0	0	0	0	0	0	0	0	0	0	0	0	0	0	0	0	0	0.00184653451634645	0	0.000840314950043276	0	0	0	0	0	0
ASV_204	0.0257447034058728	0	0	0	0	0	0	0	0.0233816554212038	0	0	0	0	0	0.0118369210477366	0.0177727224256212	0.0139188530865057	0.0855249091297841	0	0	0.0108236822166901	0	0	0.0440800493696553	0	0.0167901050314348	0.0159968717228631	0.138717632552404	0.0141798716721614	0.190562280883916	0.135995212968504	0.0192290883664015	0.0860770389498601	0.177515683059287	0	0.0734978869357506	0.115102613980363	0.00109161963605401	0	0.00409936869722063	0.00506518898220093	0.0324497723880251	0.0149214757339501	0.00150303613298864	0.0200405263978267	0.00843988690551547	0	0	0	0.0103860648683937	0	0	0.0257107963919182	0.0230451916207683	0.0171191000244559	0.0206692235261695	0	0	0	0	0	0	0	0	0	0	0	0	0	0.0108215738897065	0	0	0.0346754951578148	0.0219180964571589	0.0264151205711227	0.0099699993655455	0	0.0503804593308085	0.0317421929320717	0	0.410690478959942	0.364798993657949	0.0666461601558495	0.0582072176949942	0.0497779139224996	0.0350841558105825	0.264594944547655	0.130248817256708	0.0822880882000479	0.200807595765579	0.210672992385913	0.121077939599405	1.10632302975056	1.22896389178134
ASV_2076	0	0.00797039567321378	0	0.00550463765722621	0.00260247234873129	0	0	0	0	0	0	0	0	0	0	0	0	0	0	0	0	0	0	0	0	0	0	0	0	0.0219879554866057	0	0	0	0.00451311058625307	0	0.00122496478226251	0	0	0	0	0	0	0	0	0.00111336257765704	0	0	0	0	0.00148372355262767	0	0.010187708529659	0.00857026546397275	0.00460903832415367	0	0.0114829019589831	0.0165841408230472	0.00184297825285662	0.00186181601534136	0	0	0	0	0	0	0	0	0	0	0.0021643147779413	0	0	0	0	0	0	0	0	0	0	0.000894750498823403	0	0	0	0	0	0	0	0	0	0.0091236335285238	0	0	0.000623523029823107
ASV_2098	0	0	0	0	0	0	0	0	0	0	0	0	0	0	0	0	0	0	0	0	0	0	0	0	0	0	0	0	0	0	0	0	0	0	0	0	0	0	0	0	0	0	0	0	0	0	0	0	0.00473709142586452	0.00741861776313837	0	0	0	0	0	0	0	0	0	0	0.0174786284043601	0.0146880622773841	0	0.00673264660337979	0.0167913776275882	0.0112535423082038	0.00149681552497062	0.00227161727792102	0.00126248279867187	0	0.00330873837805645	0	0	0	0	0	0	0	0	0	0	0	0	0	0	0.00276980177451967	0	0	0.000798913477670368	0	0	0	0	0
ASV_2143	0	0	0.105601081355073	0.00275231882861311	0	0.0469420600858369	0	0	0.0016701182443717	0	0	0	0	0	0	0	0	0	0	0	0	0	0	0	0	0	0.00177743019142923	0.00577990135635019	0	0.00732931849553522	0	0.00961454418320077	0	0.00752185097708844	0.00942211055276382	0	0	0.00764133745237809	0	0	0.016208604743043	0	0	0.016533397462875	0	0	0.00583294447036864	0	0.0268435180798989	0.0148372355262767	0	0	0	0	0	0	0	0.00737191301142647	0	0	0.0444910541201894	0	0	0.00112210776722996	0.0230881442379338	0	0	0	0	0.0119037312786772	0.00661747675611289	0	0.00495364216540211	0.00526034314971813	0.0041708085112299	0	0	0	0.00831343148220926	0	0	0	0	0	0	0	0.00351854979451669	0	0	0	0.0074647910687922	0	0	0
ASV_2192	0	0	0	0	0.00260247234873129	0	0	0	0	0	0	0	0	0	0	0	0	0	0.0264522272775368	0	0	0	0	0	0	0	0	0	0	0	0	0	0	0	0.00418760469011725	0	0	0	0	0	0	0	0	0	0	0	0	0	0	0.0148372355262767	0	0	0	0	0	0	0	0	0	0	0.00158896621857819	0	0	0.0403958796202787	0.019939760932761	0	0.00523885433739719	0.00340742591688152	0	0	0	0	0	0	0	0	0	0	0	0	0	0	0	0	0	0	0	0	0	0	0	0	0	0
ASV_224	0.00605757727197008	0	0	0.754135359039991	0	0	0.0199930024491428	0	0	0	0	0	0	0	0	0	0	0	0	0	0	0	0.0315867055066157	0	0.0141405571379512	0	0	0.0231196054254007	0	0	0	0	1.64314918995358	0	0	0.00489985912905004	0.00230205227960727	0.00545809818027007	0.0384791571232249	0.0143477904402722	2.88513164426165	0.0101984998933793	0.00746073786697504	0	1.78694693713955	0.00843988690551547	0	0	0	0	0	0	0	0	0	0	0	0	0	0	0	0	0	0	0	0	0	0	0.0037874483960156	0	0	0.0210974173244959	0	0	0	0	0	0.00521177165491123	0	0	0	0	0	0	0	0	0.0225187186849068	0.000840314950043276	0.00639130782136295	0	0	0.00115312323428005	0	0
ASV_2281	0	0	0	0	0	0	0	0	0.0033402364887434	0	0	0.131884835479256	0	0	0.0253648308165785	0	0	0	0	0	0	0	0	0	0	0	0	0	0	0	0	0	0	0	0	0	0	0	0	0	0	0	0	0	0	0	0.00437470835277648	0	0	0	0	0	0	0	0	0	0	0	0	0	0	0	0	0	0	0	0	0	0	0	0	0	0	0	0	0	0	0	0	0	0	0	0	0	0	0	0	0	0	0	0	0	0	0
ASV_2402	0	0	0	0	0.0182173064411191	0.00670600858369099	0	0	0.0183713006880887	0	0	0	0	0	0	0	0	0	0	0	0	0	0	0	0.00404015918227178	0.0485047478685894	0.0302163132542969	0.00963316892725031	0.00177248395902017	0	0	0	0.015370899812475	0.00601748078167075	0.00104690117252931	0	0	0	0	0	0.00202607559288037	0	0	0	0	0	0	0	0	0.00148372355262767	0	0	0.00214256636599319	0	0	0	0	0	0	0.00550645632003524	0.0190675946229383	0.00918003892336504	0	0.0168316165084495	0.0188902998310368	0.00409219720298321	0.0179617862996475	0.0465681541973808	0.00252496559734374	0.0692580728941217	0.0551456396342741	0	0.0313730670475467	0.000876723858286356	0.0097318865262031	0.0154081808376612	0.00443341017910977	0	0	0.0160487883164821	0	0	0	0	0	0.00369306903269289	0.00140741991780668	0.0033612598001731	0.00399456738835184	0.00763941940412529	0.0049765273791948	0.0103781091085204	0.00248611916797879	0.00187056908946932
ASV_2412	0.00757197158996259	0.00341588385994876	0	0	0.00780741704619388	0	0	0	0	0	0.00402657539762432	0	0.00267029827231702	0	0	0	0	0	0	0	0	0	0	0	0	0.00373113445142996	0	0.0134864364981504	0.00531745187706051	0.00855087157812443	0	0.00437024735600035	0	0	0	0	0	0.00327485890816204	0	0	0.00303911338932056	0	0.00186518446674376	0.0120242890639091	0	0	0.00145823611759216	0.00456527197607797	0	0	0	0	0	0	0	0	0	0	0.00744726406136546	0.0165193689601057	0	0	0	0	0	0	0	0	0.0037874483960156	0	0	0.00351623622074931	0.000825607027567019	0	0	0	0	0.00521177165491123	0	0	0	0	0	0	0	0	0	0.00168062990008655	0.00399456738835184	0	0.004147106149329	0	0.000828706389326262	0.00124704605964621
ASV_2450	1.71883755092151	0.00683176771989752	2.11061361268339	2.0780007156029	0.801561483409239	1.03719599427754	4.2285200179937	8.8406457163099	1.24757832854566	6.1987284659557	2.99979867123012	5.09656652360515	1.71967208737216	0.719305224078494	0.175862826994944	1.10190879038851	0.542835270373721	9.98503314090229	6.24801608295418	2.30307526301592	1.10942742721074	0.908402725208176	1.43544028357842	0.349701724999265	2.44025614609216	1.53349625953771	2.70880361173815	0.668541923551171	2.8820589173668	3.69641962791493	3.23849933815663	2.85726772135303	2.88819207476406	1.02748484347028	1.3107202680067	4.11220677405525	6.76458062362596	3.05871822022335	3.0545121392579	1.29335082397311	0.905655790017526	1.06249826161934	0.815085611967024	0.712439127036614	1.13340310405487	0.765919736675529	1.67842977134858	2.8395991691205	2.44749723669667	1.56236090091694	4.10277879533204	4.44693477319614	4.23371113920254	3.09957827299334	3.22817314746882	3.50687825827343	3.86410481177	4.26649465536307	4.42367485245108	4.06101153602599	1.28388470461118	0.934527962398561	1.25786163522013	0.436499921452456	0.437625279419018	0.992357821723429	0.365971395855318	0.40207625819202	1.97578557992147	0.86356159639858	0.638586506964894	0.221522881907207	0.25758939260091	0.0175344771657271	0.408044099348659	0.224778167514117	0.833481113672637	0.90511101073625	0	0.108852651190053	1.04775283412221	1.36170658839562	1.17143443043166	0.547485279479003	0.857073569204064	0.886336567846294	3.86970106400946	1.17980218986076	1.49157146281058	3.98450289206592	2.87643282517459	3.4847384139943	1.35079141460181	0.526876960200525
ASV_2505	0	0	0	0.0495417389150359	0.0104098893949252	0.0111766809728183	0.0249912530614285	0.0253023632407267	0	0	0	0	0.0240326844508532	0.0430920180323522	0.00507296616331569	0.0106636334553727	0.00695942654325284	0	0.0370331181885515	0.0472079848934448	0	0.056775170325511	0.0807215807391289	0.00881600987393106	0.00808031836454356	0.0149245378057198	0	0.0250462392108508	0.0283597433443227	0	0	0.00611834629840049	0	0	0.00628140703517588	0	0	0.00873295708843211	0.0293174530462666	0.0245962121833238	0.0243129071145644	0	0	0.00601214453195455	0.00222672515531408	0.0063299151791366	0.0685370975268315	0	0	0	0	0	0	0	0	0	0	0	0	0	0	0	0	0	0	0	0.00299363104994125	0	0	0.0021643147779413	0.00992621513416934	0	0.0181633546064744	0.0254249918903043	0.00903675177433145	0.00453181789342977	0	0	0	0	0.00626325349176382	0.0241102783164736	0.0102532554085922	0.00337433146057937	0.00765814060346148	0.0138490088725984	0.0119630693013568	0.0100837794005193	0.0119837021650555	0.00763941940412529	0.004147106149329	0	0	0
ASV_267	0.081777293171596	0	0	0.00825695648583932	0	0	0.119958014694857	0	0	0.189704675963905	0.0684517817596134	0.114002145922747	0.320435792678042	0.321532749933705	0.00338197744221046	1.57110866242491	0.160066810494815	0.235193500106906	2.68754629139774	0.603587806851902	0.0487065699751055	1.10711582134746	0.923033727582213	0	0.036361432640446	0	0	0.030826140567201	0	0.00732931849553522	0.0489582766686613	0.012236692596801	0.0707061391373851	0.165480721495946	0.00209380234505863	0.00979971825810008	0.0207184705164654	0.0633139388911328	0.349977095739808	0.256210543576289	0.00303911338932056	0.0528467721747837	0	0.0390789394577046	0.0334008773297112	0	0	0.130110251318222	0	0	0.00261656810926788	0	0.0407087609538705	0.0115225958103842	0.0171191000244559	0.0114829019589831	0	0.00368595650571323	0.0484072163988755	0	0	0	0	0	0	0.00920744370671223	0.00149681552497062	0.0181729382233681	0.0441868979535154	0.0681759155051511	0.0132349535122258	0.0193392992141212	0	0	0	0	0.0517231187562807	0.0277961154928599	0.0136037969708879	0	0.179844850263504	0.0178206404947848	0.157643801907106	0.350930471900255	0.0306325624138459	0.269594039386581	0.641079772560941	0.300832752115493	0.21650555244867	0.0141874931790898	0.0514241162516796	0.146446650753566	0.0207176597331565	0.0798109478173576
ASV_2739	0	0	0	0.0110092753144524	0	0	0	0	0	0	0.0241594523857459	0	0	0	0	0	0	0	0	0	0	0	0	0	0	0	0	0	0.010634903754121	0	0	0	0.003074179962495	0	0	0	0.00690615683882181	0	0	0.00204968434861031	0.00911734016796167	0	0	0.00901821679793182	0	0	0	0	0	0	0	0	0	0	0	0	0	0	0	0.00275322816001762	0	0	0	0	0	0	0	0	0.0113623451880468	0	0	0.00263717716556198	0	0	0	0	0.00443341017910977	0	0	0	0	0.00209654594056292	0.00256331385214806	0	0.00255271353448716	0	0.00211112987671002	0	0.00639130782136295	0	0.0049765273791948	0	0.00331482555730505	0
ASV_2821	0	0	0	0	0	0	0	0	0	0	0	0	0.00534059654463404	0	0	0.00355454448512423	0	0	0	0	0	0	0.0105289018355386	0	0	0	0	0	0	0	0	0	0	0	0	0	0	0	0	0	0	0	0	0	0	0	0	0	0	0	0	0	0	0	0	0	0	0	0	0	0	0	0	0	0	0	0.00523885433739719	0.00795066047272355	0	0.00324647216691196	0.00110291279268548	0	0	0	0	0	0	0	0	0	0	0	0	0	0	0	0	0	0	0	0.0232237944362424	0	0	0
ASV_3107	0	0.0227725590663251	0.00704007209033821	0	0	0	0	0	0.0233816554212038	0	0	0	0	0	0	0	0	0	0	0	0	0	0	0	0	0.00746226890285991	0.0284388830628677	0.00770653514180025	0	0	0	0	0	0	0	0	0	0	0.00732936326156665	0.0163974747888825	0	0	0	0.00150303613298864	0	0	0.0174988334111059	0	0	0.00445117065788302	0	0	0	0	0	0	0	0.00368595650571323	0.00372363203068273	0	0.00635586487431277	0	0	0	0	0	0.00374203881242656	0.00340742591688152	0	0	0.00220582558537096	0	0.0140353194686393	0	0.00347567375935825	0.00543818147211572	0	0	0	0	0.0116317564847042	0.0125792756433775	0.00640828463037014	0.000843582865144843	0	0	0.00422225975342003	0.00420157475021638	0.0119837021650555	0.0109134562916076	0	0.00691873940568028	0.00911577028258888	0.00685875332805417
ASV_3137	0	0	0	0	0	0	0	0	0.0033402364887434	0	0	0	0	0	0	0	0	0	0	0	0	0	0	0	0	0	0	0.00385326757090012	0	0	0	0	0	0	0	0	0	0.00327485890816204	0	0	0	0	0	0	0	0.0063299151791366	0	0	0	0.00148372355262767	0	0	0	0	0	0	0	0	0	0	0	0	0	0	0.00314838330517279	0	0	0	0	0	0	0	0	0	0	0	0.00591121357214636	0	0	0	0	0	0	0.00253074859543453	0	0	0	0.00168062990008655	0	0	0.0049765273791948	0	0	0.00623523029823107
ASV_3140	0.00302878863598504	0	0	0	0	0.00670600858369099	0	0	0	0.0974159146841674	0.245621099255084	0	0.0320435792678042	0.00331477061787324	0	0	0.0313174194446378	0	0.0105808909110147	0	0	0	0	0	0.0686827060986203	0.0298490756114397	0	0.0346794081381011	0	0.0574129948816926	0.0308255816061941	0	0.003074179962495	0	0	0.00979971825810008	0.00920820911842908	0	0.00916170407695831	0.0163974747888825	0.0476127764326887	0	0.0951244078039318	0.0120242890639091	0.0100202631989134	0	0	0.178045607067041	0.0410547923574925	0.0148372355262767	0.787587000889633	0.191019534931106	0.0749898228097615	0.14518470721084	0.178527757397897	0.0390418666605425	0.0995048449382833	0.0645042388499816	0.229003369886988	0.377192257922414	0	0.00918003892336504	0	0	0.0178408387293125	0.0184148874134245	0	0	0.0694365539269527	0	0	0.242620299231702	0	0	0	0	0.177336407164391	0.0243216010562524	0	0	0.0241582634682319	0.00314481891084438	0	0	0.00063817838362179	0	0.00140741991780668	0	0.00798913477670368	0.00327403688748227	0.004147106149329	0	0.00331482555730505	0.0311761514911553
ASV_3281	0.00757197158996259	0	0.0267522739432852	0.0165139129716786	0.00520494469746259	0.0402360515021459	0.0649772579597141	0.00506047264814534	0.0150310641993453	0.0512715340442986	0.0885846587477351	0.230239628040057	0.0774386498971935	0.0662954123574649	0	0.0959727010983542	0.0765536919757812	0.342099636519136	0.111099354565654	0.00337199892096035	0.405888083125879	0.151400454201363	0.0315867055066157	0.19689088718446	0.0505019897783973	0.216405798182938	0.0639874868914523	0.00385326757090012	0.0496295508525648	0.0622992072120494	0.0163194255562204	0.0410803251464033	0.0292047096437025	0.048139846253366	0.125628140703518	0.00367489434678753	0.0172653920970545	0.139727313414914	0	0	0.0992777040511381	0.0037085454157743	0	0.174352191426682	0.00668017546594224	0.00210997172637887	0.166238917405506	0	0	0	0	0	0	0	0	0.00688974117538984	0	0.0571323258385551	0.0577162964755823	0	0.0444910541201894	0.111996474865053	0	0.0291748019479791	0.0230881442379338	0.00204609860149161	0.0261942716869859	0.00908646911168406	0.0542867603428903	0.0108215738897065	0.0463223372927903	0.0975755551257934	0.166772619568538	0.0175344771657271	0.159185858178608	0.130516355330777	0.0502453153632441	0.00521177165491123	0.217660751534206	0.0600085128355418	0.0241582634682319	0.0387860999004141	0.0115349123346663	0.000843582865144843	0.00127635676724358	0	0.00140741991780668	0	0.0319565391068147	0.0414711339081087	0.0655242771593982	0.145293527519286	0.0223750725118091	0.00374113817893864
ASV_3305	0	0	0	0	0	0	0	0	0	0	0	0	0	0	0	0	0	0	0	0	0	0	0	0	0	0	0	0	0	0	0	0	0	0	0	0	0	0	0.00732936326156665	0	0	0	0	0	0	0	0	0	0	0	0	0	0	0	0	0	0	0	0	0	0	0	0	0	0	0	0	0.0136297036675261	0	0	0	0	0	0	0	0.0498499968277275	0	0	0	0	0	0	0	0	0.012125389288814	0	0	0	0	0	0	0	0	0
ASV_3475	0	0	0.0323843316155557	0.00825695648583932	0.127521145087833	0.272711015736767	0	0	0.07849555748547	0	0	0.0424713876967096	0	0	0.0118369210477366	0	0	0.042762454564892	0	0	0	0	0	0	0	0.0335802100628696	0.122642683208617	0.0443125770653514	0.0496295508525648	0.0109939777433028	0.0326388511124408	0.0104885936544008	0.00768544990623751	0.0120349615633415	0.0157035175879397	0.00244992956452502	0.00115102613980363	0.00436647854421605	0	0	0.00911734016796167	0	0	0.0120242890639091	0	0.0063299151791366	0.0204153056462902	0.00913054395215595	0.0410547923574925	0.0237395768420428	0	0.0356569798538064	0.0171405309279455	0.0184361532966147	0.012227928588897	0.0229658039179661	0.0118458148736052	0.0442314780685588	0.0651635605369477	0	0.00317793243715639	0.00550802335401902	0	0.00448843106891986	0.00104946110172426	0	0.00224522328745594	0.00454323455584203	0	0.00757510172279456	0.0143378663049113	0	0.0569668849021243	0.0490965360640359	0.0653426666759351	0.0489436332490415	0	0	0.00453459899029596	0.150021282088854	0.00268425149647021	0.00209654594056292	0.0115349123346663	0	0	0.00276980177451967	0	0.00588220465030293	0.000798913477670368	0.00218269125832151	0.016588424597316	0.0161437252799207	0.00580094472528383	0.00561170726840796
ASV_3725	0	0	0.0126721297626088	0	0	0	0	0	0	0	0	0	0	0	0	0	0	0	0	0	0	0	0	0	0	0	0	0	0	0	0	0	0	0	0	0	0	0	0	0	0	0	0	0	0	0	0	0	0	0	0	0	0	0	0	0	0	0	0	0	0	0	0	0	0	0	0	0	0	0	0	0	0.00908167730323721	0	0.0013902695037433	0	0	0	0.0302306599353064	0.0125599212911599	0	0	0	0	0	0	0	0	0	0	0	0	0	0.00187056908946932
ASV_3912	0	0	0	0	0.0182173064411191	0	0	0	0	0	0	0	0	0	0	0	0	0	0	0	0	0	0	0	0	0	0	0.00385326757090012	0	0	0.0181326950624671	0	0	0	0	0	0	0	0	0	0	0	0	0	0	0	0	0	0	0.00296744710525535	0	0	0	0	0	0	0	0	0	0	0	0	0	0	0	0	0	0	0	0	0	0	0	0	0	0	0	0	0	0	0	0	0	0	0	0	0	0	0	0	0	0	0	0
ASV_4139	0	0	0	0	0	0	0	0	0	0	0	0	0	0	0	0	0	0	0	0	0	0	0	0	0	0	0	0	0	0	0	0	0	0	0	0	0	0	0	0	0	0	0	0	0	0	0	0	0	0	0	0	0	0	0	0	0	0	0	0	0	0	0	0	0	0	0	0	0	0	0	0	0.00495364216540211	0	0	0	0	0	0	0	0	0	0	0	0	0	0	0.0109240943505626	0	0	0	0	0	0
ASV_4351	0	0	0	0	0	0	0	0	0	0	0	0	0	0	0	0	0	0	0	0	0	0	0	0	0	0	0	0	0	0	0	0	0	0	0	0	0	0	0	0	0	0	0	0	0	0	0	0	0	0	0	0	0	0	0	0	0	0	0	0	0	0.00183600778467301	0	0.00448843106891986	0.00629676661034559	0	0	0	0	0	0	0	0	0.00175344771657271	0	0	0	0	0	0	0	0	0	0	0	0	0	0	0	0	0	0.00461249293712019	0	0
ASV_4527	0	0	0	0	0.00260247234873129	0	0	0	0.0016701182443717	0	0	0	0	0	0	0	0	0	0	0	0	0	0	0	0	0	0	0.00577990135635019	0.00177248395902017	0	0	0	0	0.00451311058625307	0.00209380234505863	0	0	0	0	0	0	0	0	0	0	0	0	0	0	0	0	0	0.00428513273198637	0	0.00489117143555882	0	0	0.00368595650571323	0.00372363203068273	0	0	0	0	0	0	0	0	0	0	0	0	0	0	0	0	0	0	0	0	0	0	0	0	0	0	0	0	0	0	0	0	0	0	0
ASV_4830	0	0	0	0	0	0	0	0	0	0	0	0	0	0	0	0	0	0	0.0158713363665221	0.0337199892096035	0	0	0	0	0	0	0	0	0	0	0	0	0	0	0	0	0	0	0	0	0	0	0	0	0	0	0	0	0	0	0	0	0	0	0	0	0	0	0	0	0	0	0	0	0	0	0	0	0	0	0	0	0	0	0	0	0	0	0	0	0	0	0	0	0	0	0	0	0	0	0	0	0	0
ASV_4851	0	0	0	0	0	0	0	0	0	0	0	0	0	0	0	0	0	0	0	0	0	0	0	0	0	0	0	0	0	0	0	0	0	0	0	0.00367489434678753	0	0	0	0	0	0	0	0	0	0	0	0	0	0	0	0	0	0	0	0	0	0	0	0	0	0	0	0	0	0	0	0	0	0	0	0	0	0	0	0	0	0	0	0	0	0	0	0	0	0	0	0	0.00798913477670368	0	0	0	0	0
ASV_4974	0	0	0	0.0110092753144524	0.00780741704619388	0	0	0	0.0050103547331151	0	0	0	0	0	0	0	0	0	0	0	0	0	0	0	0	0	0	0.00385326757090012	0.00354496791804034	0	0	0	0	0	0	0.00244992956452502	0.0034530784194109	0	0	0	0	0	0	0	0	0	0	0	0	0	0	0	0	0	0	0	0	0	0	0	0	0	0	0	0	0	0	0	0	0	0	0	0	0	0	0	0	0	0	0	0	0	0	0	0	0	0	0	0	0	0	0	0	0
ASV_5153	0	0	0	0.00825695648583932	0	0	0	0	0	0	0	0.00447067238912733	0	0	0.0118369210477366	0	0	0.042762454564892	0	0.0168599946048017	0	0	0	0	0	0	0	0	0	0	0	0	0	0	0	0	0	0	0	0	0	0	0	0	0	0	0	0	0	0	0	0	0	0	0	0	0	0	0	0	0	0	0	0	0	0	0	0	0	0	0	0	0	0	0	0	0	0	0	0	0	0	0	0	0	0	0	0	0	0	0	0	0	0
ASV_5175	0	0	0	0	0	0	0	0	0	0	0	0	0	0	0	0	0	0	0	0	0.0108236822166901	0	0	0.0323253695377472	0	0	0	0	0	0	0	0	0	0	0	0	0	0	0	0	0	0	0	0	0	0	0	0	0	0	0	0	0	0	0	0	0	0	0	0	0	0	0	0	0	0	0	0	0	0	0	0	0	0	0	0	0	0	0	0	0	0	0	0	0	0	0	0	0	0	0	0	0	0
ASV_539	0.0318022806778429	0.354113293481355	0.00140801441806764	0	0	0.00670600858369099	0	0.0101209452962907	0	0.00512715340442986	0.0322126031809946	0.020118025751073	0.00534059654463404	0.00331477061787324	0.0101459323266314	0.00355454448512423	0.00347971327162642	0	0.00529044545550735	0.00337199892096035	0	0.0189250567751703	0.0526445091776928	0.0382027094537013	0.0121204775468153	0.0149245378057198	0.0195517321057215	0.00770653514180025	0.0389946470984438	0.0280957208995517	0.0199459645687138	0.0262214841360021	0.021519259737465	0.0165480721495946	0.0177973199329983	0.00367489434678753	0.0207184705164654	0.0458480247142686	0.0549702244617499	0.0840370582930229	0.0790169481223344	0.0509924994668966	0.00559555340023128	0.0811639511813864	0.055668128882852	0.031649575895683	0.0437470835277648	0	0	0	0	0	0	0	0	0	0	0.00184297825285662	0	0.00275322816001762	0	0	0	0	0	0.00409219720298321	0	0	0	0	0	0	0.00743046324810317	0.00526034314971813	0	0.0135954536802893	0	0.0104235433098225	0	0	0.073369540903519	0.0387860999004141	0.0128165692607403	0.00927941151659327	0.0191453515086537	0.00369306903269289	0.0239261386027135	0.0210078737510819	0.030358712151474	0.0272836407290189	0.0265414793557056	0.0599624081825625	0.10193088588713	0.132810405352322
ASV_5489	0	0	0	0	0	0	0	0	0	0	0	0	0	0	0	0	0	0	0	0	0	0	0	0	0	0	0	0	0	0	0	0	0	0	0	0	0	0	0	0	0	0	0	0	0	0	0	0	0	0	0	0	0	0	0	0	0	0	0	0	0	0	0	0	0	0	0	0	0	0	0	0.00879059055187328	0	0	0	0	0	0	0	0	0	0	0	0	0	0	0	0	0	0	0	0	0	0
ASV_5527	0	0	0	0	0	0	0	0	0	0	0	0	0	0	0	0	0	0	0	0	0	0	0	0	0	0	0	0	0	0	0	0	0	0	0	0	0	0	0	0	0	0	0	0	0	0	0	0	0	0	0	0	0	0	0	0	0	0	0	0	0	0	0	0	0	0	0	0	0	0	0	0	0	0	0	0	0	0	0	0	0	0.00209654594056292	0	0.00421791432572422	0.00191453515086537	0	0	0	0	0	0	0	0	0
ASV_5535	0	0	0	0	0	0	0	0	0	0	0	0	0	0	0	0	0	0	0	0	0	0	0	0	0	0	0	0	0	0	0	0	0	0	0	0	0	0	0	0	0	0	0	0	0	0	0	0	0	0	0	0	0	0	0	0	0.00473832594944206	0	0	0	0	0	0	0	0	0	0	0	0	0	0	0	0	0	0	0	0	0	0	0	0	0	0	0	0	0	0	0	0.00798913477670368	0	0	0	0	0
ASV_5770	0	0	0	0	0	0	0	0	0	0	0	0	0	0	0	0	0	0	0	0	0	0	0	0	0	0	0	0	0	0	0	0	0	0	0	0	0	0	0	0	0	0	0	0	0	0	0	0	0	0	0	0	0	0	0	0	0	0	0	0	0	0	0	0.00561053883614982	0	0	0	0	0	0	0	0	0	0.00175344771657271	0	0	0	0	0	0.00627996064557995	0	0	0	0	0	0	0	0	0	0	0	0	0	0
ASV_6113	0	0	0	0	0	0	0	0	0.0050103547331151	0	0	0	0	0	0	0	0	0	0	0	0	0	0	0	0	0	0	0	0	0	0	0	0	0	0	0	0	0	0	0	0	0	0	0	0	0	0	0	0	0	0	0	0	0	0	0	0	0	0	0	0	0	0	0.00224421553445993	0	0	0	0	0	0.0021643147779413	0	0	0	0	0	0	0	0	0	0	0	0	0	0	0	0	0	0	0	0	0	0	0	0
ASV_6132	0	0.171932820950754	0	0	0	0	0	0	0	0	0	0	0	0.00994431185361973	0	0	0	0	0	0	0	0	0	0	0	0.00559670167714494	0.00355486038285846	0	0	0	0	0	0	0	0.00209380234505863	0.00122496478226251	0	0.00218323927210803	0	0.00204968434861031	0.00101303779644019	0.00834422718549217	0	0	0.00222672515531408	0	0.00291647223518432	0	0	0.00741861776313837	0	0	0	0	0.00244558571777941	0	0	0	0	0.132154951680846	0	0	0	0	0	0.0184148874134245	0	0	0.0037874483960156	0	0	0.0228555354348705	0.00247682108270106	0	0	0	0	0.00868628609151871	0	0.0188398819367399	0	0	0	0	0	0.00184653451634645	0.0133704892191634	0	0.0143804425980666	0.00218269125832151	0.0049765273791948	0	0.0124305958398939	0.00623523029823107
ASV_6177	0	0	0	0	0	0	0	0	0	0	0	0	0	0	0	0	0	0	0	0	0	0	0	0	0	0	0	0	0	0.00488621233035682	0	0	0.0015370899812475	0	0	0.00244992956452502	0.0034530784194109	0	0	0	0	0	0	0	0	0.00421994345275773	0	0	0.00315806095057635	0	0	0	0	0	0	0	0	0	0	0	0	0	0	0.00224421553445993	0	0	0	0	0	0	0	0	0	0	0	0	0	0	0	0	0	0	0	0	0	0	0	0	0	0	0	0	0	0
ASV_6597	0	0	0	0	0	0	0	0	0	0	0	0	0	0	0	0	0	0	0	0	0	0	0	0	0	0	0	0	0	0	0	0	0	0	0	0	0	0	0	0	0	0	0	0	0	0	0	0	0	0.00890234131576605	0	0	0	0	0	0	0	0	0	0	0	0	0	0	0	0	0	0	0	0	0	0	0	0	0	0	0	0	0	0	0	0	0	0	0	0	0	0	0	0	0	0	0	0
ASV_6624	0	0	0	0	0	0	0	0	0	0	0	0	0	0	0	0	0	0	0	0	0	0	0	0	0	0	0	0	0	0	0	0	0	0	0	0	0	0	0	0	0	0	0	0	0	0	0	0	0	0	0	0	0	0.013827114972461	0	0	0	0	0	0	0	0	0	0	0	0	0	0	0	0	0	0	0	0	0	0	0	0	0	0	0	0	0	0	0	0	0	0	0	0	0	0	0	0
ASV_6667	0	0	0	0	0	0	0	0	0	0	0	0	0	0	0	0	0	0	0	0	0	0	0	0	0	0	0	0	0	0	0	0	0	0	0	0	0	0	0	0	0	0	0	0	0	0	0	0	0	0	0	0	0	0	0	0	0	0	0	0	0	0	0	0	0	0.00613829580447482	0	0	0	0	0	0	0	0	0	0	0	0	0	0	0	0	0	0	0	0	0	0	0	0	0	0	0	0
ASV_6785	0	0	0	0	0	0	0	0	0	0	0	0	0	0	0	0	0	0	0	0	0	0	0	0	0	0	0	0	0	0	0	0	0	0	0	0	0	0	0	0	0	0	0	0	0	0	0	0	0	0	0	0	0	0	0	0	0	0	0	0	0	0	0	0	0	0	0	0	0	0	0	0	0	0	0	0	0	0	0	0	0	0	0	0	0	0	0	0	0	0	0.0049765273791948	0	0	0
ASV_681	0	0	0	0	0	0	0	0	0	0	0	0	0	0	0	0	0	0	0	0	0	0	0	0	0	0	0	0	0	0	0	0	0	0	0	0	0	0	0	0	0	0	0	0	0	0	0	0	0.0505289752092215	0.0623163892103623	0	0.361663652802893	0.192830972939387	0.082962689834766	0.136952800195647	0.266403325448407	0.00710748892416309	0.0884629561371176	0.154530729273333	0	0.00794483109289097	0.0367201556934601	0	0.0123431854395296	0.0136429943224154	0	0	0.00227161727792102	0	0	0	0	0	0	0	0	0.00591121357214636	0	0	0	0	0	0.00384497077822209	0	0	0	0	0	0	0	0.0016588424597316	0	0	0
ASV_7028	0	0	0	0	0	0	0	0	0	0	0	0	0	0	0	0	0	0	0	0	0	0	0	0	0	0	0	0	0	0	0	0	0	0	0	0	0	0	0	0	0	0	0	0	0	0	0	0	0	0.00741861776313837	0	0	0	0	0	0	0	0	0	0	0	0	0	0	0	0	0	0	0	0	0	0	0	0	0	0	0	0	0	0	0	0	0	0	0	0	0	0	0	0	0	0	0	0
ASV_7093	0	0	0	0	0	0	0	0	0	0	0	0	0	0	0	0	0	0	0	0	0	0	0	0	0	0	0	0	0	0	0	0	0	0	0	0	0	0	0	0	0	0	0	0	0	0	0	0	0	0	0	0	0	0	0	0	0	0.00921489126428308	0	0	0	0	0	0	0	0	0	0	0	0	0	0	0	0	0	0	0	0	0	0	0	0	0	0	0	0	0	0	0	0	0	0	0	0
ASV_7199	0	0	0	0	0	0	0	0	0	0	0	0	0	0	0	0	0	0	0	0	0	0	0	0	0	0	0	0	0	0	0	0	0	0	0	0	0	0	0	0	0	0	0	0	0	0	0	0	0	0	0	0	0	0	0	0	0	0	0	0	0	0	0	0	0	0	0	0	0	0	0	0	0	0	0	0	0	0	0	0.0034888670253222	0	0	0	0	0	0	0	0	0	0	0	0	0	0
ASV_7208	0	0	0	0	0	0	0	0	0	0	0	0	0	0	0	0	0	0	0	0	0	0	0	0	0	0	0	0	0	0	0	0	0	0	0	0	0	0	0	0	0	0	0	0	0	0	0	0	0	0	0	0	0	0	0	0	0	0	0	0	0	0	0	0	0	0	0	0	0	0	0	0	0	0	0	0	0	0	0	0	0.00447375249411702	0	0	0	0	0	0	0	0	0	0	0	0	0
ASV_7243	0	0.00227725590663251	0	0	0	0	0	0	0	0	0	0	0	0	0	0	0	0	0	0	0	0	0	0	0	0	0	0	0	0	0	0	0	0	0	0	0	0	0	0	0	0	0	0	0	0	0	0	0	0	0	0	0	0	0	0	0	0	0	0	0	0	0	0	0.00209892220344853	0	0	0	0	0	0	0	0	0	0	0	0	0	0	0	0	0	0	0	0	0	0	0	0.00399456738835184	0	0	0	0	0
ASV_7342	0	0	0	0	0	0	0	0	0	0	0	0	0	0.013259082471493	0	0	0	0	0	0	0	0	0	0	0	0	0	0	0	0	0	0	0	0	0	0	0	0	0	0	0	0	0	0	0	0	0	0	0	0	0	0	0	0	0	0	0	0	0	0	0	0	0	0	0	0	0	0	0	0	0	0	0	0	0	0	0	0	0	0	0	0	0	0	0	0	0	0	0	0	0	0	0	0
ASV_7404	0	0	0	0	0	0	0	0	0	0	0	0	0	0	0	0	0	0	0	0	0	0	0	0	0	0	0.00710972076571693	0	0	0	0	0	0	0	0	0	0	0	0	0	0	0	0	0	0	0	0	0	0	0	0	0	0	0	0	0	0	0	0	0	0	0	0	0	0	0	0	0	0	0	0	0	0	0	0	0	0	0	0	0	0	0	0	0	0	0	0	0	0	0	0	0	0	0
ASV_7528	0	0	0	0	0	0	0	0	0	0	0	0	0	0	0	0	0	0	0	0	0	0	0	0	0	0	0	0	0	0	0	0	0	0	0	0	0	0	0	0	0	0	0	0	0	0	0.00583294447036864	0	0	0	0	0	0	0	0	0	0	0	0	0	0	0	0	0	0	0	0	0	0	0	0	0	0	0	0	0	0	0	0	0	0	0	0	0	0	0	0	0	0	0	0	0	0	0
ASV_7909	0	0	0	0	0	0	0	0	0.0050103547331151	0	0	0	0	0	0	0	0	0	0	0	0	0	0	0	0	0	0	0	0	0	0	0	0	0	0	0	0	0	0	0	0	0	0	0	0	0	0	0	0	0	0	0	0	0	0	0	0	0	0	0	0	0	0	0	0	0	0	0	0	0	0	0	0	0	0	0	0	0	0	0	0	0	0	0	0	0	0	0	0	0	0	0	0	0
ASV_8067	0	0	0	0	0	0	0	0	0	0	0	0	0	0	0	0	0	0	0	0	0	0	0	0	0	0	0	0	0	0	0	0.00262214841360021	0	0	0	0	0	0	0	0	0	0	0	0	0	0	0	0	0	0	0	0	0	0	0	0	0	0	0	0	0	0	0	0	0	0	0	0	0	0	0	0	0	0	0	0	0	0	0	0	0	0	0	0	0	0	0	0	0	0	0	0	0	0
ASV_8375	0	0	0	0	0	0	0	0	0	0	0	0	0	0	0	0	0	0	0	0	0	0	0	0	0	0	0	0	0	0	0	0	0	0	0	0	0	0	0	0	0	0	0	0	0	0	0	0	0	0	0	0	0	0	0	0	0	0	0	0	0	0	0	0	0	0	0	0	0	0	0	0	0.00247682108270106	0	0	0	0	0	0	0	0	0	0	0	0	0	0	0	0	0	0	0	0	0
ASV_8384	0	0	0	0	0	0	0	0	0	0	0	0	0	0	0	0	0	0	0	0	0	0	0	0	0	0	0	0	0	0	0	0	0	0	0	0	0	0	0	0	0	0	0	0	0	0	0	0	0	0	0	0	0	0	0	0	0	0	0	0	0	0	0	0	0	0	0	0	0	0	0	0	0.00165121405513404	0.00175344771657271	0	0	0	0	0	0	0	0	0	0	0	0.00184653451634645	0	0	0	0	0	0	0	0
ASV_8441	0	0	0	0	0	0	0	0	0	0	0	0	0	0	0	0	0	0	0	0	0	0	0	0	0	0	0	0	0	0	0	0	0	0	0	0	0	0	0	0	0	0	0	0	0	0	0	0	0	0	0	0	0	0	0	0	0	0	0	0	0	0	0	0	0	0	0	0	0	0	0	0	0	0	0	0	0	0	0	0	0	0.00314481891084438	0	0	0	0	0	0	0	0	0	0	0	0
ASV_8555	0	0	0	0	0.00520494469746259	0	0	0	0	0	0	0	0	0	0	0	0	0	0	0	0	0	0	0	0	0	0	0	0	0	0	0	0	0	0	0	0	0	0	0	0	0	0	0	0	0	0	0	0	0	0	0	0	0	0	0	0	0	0	0	0	0	0	0	0	0	0	0	0	0	0	0	0	0	0	0	0	0	0	0	0	0	0	0	0	0	0	0	0	0	0	0	0	0
ASV_8605	0	0	0	0	0	0	0	0	0	0	0	0	0	0.00662954123574649	0	0	0	0	0	0	0	0	0	0	0	0	0	0.00385326757090012	0	0	0	0	0	0	0	0	0	0	0	0	0	0	0	0	0	0	0	0	0	0	0	0	0	0	0	0	0	0	0	0	0	0	0	0	0	0	0	0	0	0	0	0	0	0	0	0	0	0	0	0	0	0	0	0	0	0	0	0	0	0	0	0	0	0
ASV_8663	0	0	0	0	0	0	0	0	0	0	0	0	0	0	0	0	0	0	0	0	0	0	0	0	0	0	0	0	0.00354496791804034	0	0	0	0	0	0	0	0	0	0	0	0	0	0	0	0	0	0	0	0	0	0	0	0	0	0	0	0	0	0	0	0	0	0	0	0	0	0	0	0	0	0	0	0	0	0	0	0	0	0	0	0	0	0	0	0	0	0	0	0	0	0	0	0	0
ASV_8676	0	0	0	0	0	0	0	0	0	0	0	0	0	0	0	0	0	0	0	0	0	0	0	0	0	0	0	0	0	0	0	0.00174809894240014	0	0	0	0	0	0	0	0	0	0	0	0	0	0	0	0	0	0	0	0	0	0	0	0	0	0	0	0	0	0	0	0	0	0	0	0	0	0	0	0	0	0	0	0	0	0	0	0	0	0	0	0	0	0	0	0	0	0	0	0	0	0
ASV_8781	0	0	0	0	0	0	0	0	0	0	0	0	0	0	0	0	0	0	0	0	0	0	0	0	0	0	0	0	0	0	0	0	0	0	0	0	0	0	0	0	0	0	0	0	0	0	0	0	0	0	0.00523313621853577	0	0	0	0	0	0	0	0	0	0	0	0	0	0.00209892220344853	0	0	0	0	0	0	0	0	0	0	0	0	0	0	0	0	0	0	0	0	0	0	0	0	0	0	0	0	0
ASV_8951	0	0	0	0	0	0	0	0	0	0	0	0	0	0	0	0	0	0	0	0	0	0	0	0	0	0	0	0	0	0	0	0	0	0	0	0	0	0	0	0	0	0	0	0	0	0	0	0	0	0	0	0	0	0	0	0	0	0	0	0	0	0	0	0	0	0	0	0	0	0	0	0	0	0	0	0	0	0	0	0	0	0.00209654594056292	0	0	0	0	0	0	0	0	0	0	0	0
