{"chunk_definitions":[{"row":39,"row_count":1,"visible":true,"expansion_state":0,"options":{"engine":"r","label":"unnamed-chunk-154","dev":"png"},"document_id":"DE905601","chunk_id":"cmec11yd0knty","chunk_label":"unnamed-chunk-2"},{"row":64,"row_count":1,"visible":true,"expansion_state":0,"options":{"engine":"r","label":"unnamed-chunk-157","dev":"png"},"document_id":"DE905601","chunk_id":"cxqxdj79dyyqq","chunk_label":"unnamed-chunk-4"},{"row":94,"row_count":1,"visible":true,"expansion_state":0,"options":{"engine":"r","label":"unnamed-chunk-159","dev":"png"},"document_id":"DE905601","chunk_id":"cllfe40s4a14m","chunk_label":"unnamed-chunk-5"},{"row":136,"row_count":1,"visible":true,"expansion_state":0,"options":{"engine":"r","label":"unnamed-chunk-166","dev":"png"},"document_id":"DE905601","chunk_id":"cs0mpxjysv9ta","chunk_label":"unnamed-chunk-7"},{"row":204,"row_count":1,"visible":true,"expansion_state":0,"options":{"engine":"r","label":"unnamed-chunk-167","dev":"png"},"document_id":"DE905601","chunk_id":"cxa3s0r0tiudj","chunk_label":"unnamed-chunk-8"}],"doc_write_time":1722966240,"chunk_rendered_width":700}