time (UTC),pressure,latitude (degrees_north),longitude (degrees_east),BTLID,salinity_ch1 (PSU),salinity_ch2 (PSU),sigma_t_ch1 (kg m-3),sigma_t_ch2 (kg m-3),chlor_fluorescence (ugrams/l),par (umol m-2 s-1),temperature_ch1 (degree_C),oxy_percentsat_ch1 (percent),oxy_percentsat_ch2 (percent),oxy_conc_ch1 (umol/kg),oxy_conc_ch2 (umol/kg),temperature_ch2 (degree_C),Water_Depth (dbar),air_pressure_at_sealevel (mbar),wind_direction (degrees),wind_speed (m s-1),air_temperature (degree_C),Station_Name,profile_id,SI (uM/l),PO4 (uM/l),NO2 (uM/l),NO3 (uM/l),NH4 (uM/l),PO4_WOCE_FLAG,SI_WOCE_FLAG,NO3_WOCE_FLAG,NO2_WOCE_FLAG,NH4_WOCE_FLAG
2022-09-21T05:10:00Z,1,64.00383,-163.06616,NaN,31.5963,31.5947,24.782082,24.780745,1.8156,NaN,6.6633,97.55638,97.326355,295.81714,295.119,6.6639,38,1012,213,12.8,4.9,M14,dy2209c001,NaN,NaN,NaN,NaN,NaN,NaN,NaN,NaN,NaN,NaN
2022-09-21T05:10:00Z,2,64.00383,-163.06616,NaN,31.5963,31.5947,24.782082,24.780745,1.8156,NaN,6.6633,97.55638,97.326355,295.81714,295.119,6.6639,38,1012,213,12.8,4.9,M14,dy2209c001,NaN,NaN,NaN,NaN,NaN,NaN,NaN,NaN,NaN,NaN
2022-09-21T05:10:00Z,3,64.00383,-163.06616,4,31.5963,31.5947,24.782082,24.780745,1.8156,NaN,6.6633,97.55638,97.326355,295.81714,295.119,6.6639,38,1012,213,12.8,4.9,M14,dy2209c001,NaN,NaN,NaN,NaN,NaN,2,2,2,2,2
2022-09-21T05:10:00Z,3,64.00383,-163.06616,5,31.5963,31.5947,24.782082,24.780745,1.8156,NaN,6.6633,97.55638,97.326355,295.81714,295.119,6.6639,38,1012,213,12.8,4.9,M14,dy2209c001,9.1,1.002,0.04,0.4,0.64,2,2,2,2,2
2022-09-21T05:10:00Z,3,64.00383,-163.06616,6,31.5963,31.5947,24.782082,24.780745,1.8156,NaN,6.6633,97.55638,97.326355,295.81714,295.119,6.6639,38,1012,213,12.8,4.9,M14,dy2209c001,NaN,NaN,NaN,NaN,NaN,2,2,2,2,2
2022-09-21T05:10:00Z,4,64.00383,-163.06616,NaN,31.5963,31.5947,24.782082,24.780745,1.8156,NaN,6.6633,97.55639,97.326355,295.81714,295.119,6.6639,38,1012,213,12.8,4.9,M14,dy2209c001,NaN,NaN,NaN,NaN,NaN,NaN,NaN,NaN,NaN,NaN
2022-09-21T05:10:00Z,5,64.00383,-163.06616,NaN,31.5963,31.5947,24.782082,24.780745,1.8156,2.7162,6.6633,97.55639,97.326355,295.81714,295.119,6.6639,38,1012,213,12.8,4.9,M14,dy2209c001,NaN,NaN,NaN,NaN,NaN,NaN,NaN,NaN,NaN,NaN
2022-09-21T05:10:00Z,6,64.00383,-163.06616,NaN,31.5975,31.5965,24.783434,24.782864,1.3962,1.9105,6.6601,97.3855,97.31858,295.31818,295.129,6.6584,38,1012,213,12.8,4.9,M14,dy2209c001,NaN,NaN,NaN,NaN,NaN,NaN,NaN,NaN,NaN,NaN
2022-09-21T05:10:00Z,7,64.00383,-163.06616,NaN,31.5994,31.5973,24.78483,24.783188,1.478,1.3327,6.6609,97.33849,97.36544,295.16602,295.253,6.6608,38,1012,213,12.8,4.9,M14,dy2209c001,NaN,NaN,NaN,NaN,NaN,NaN,NaN,NaN,NaN,NaN
2022-09-21T05:10:00Z,8,64.00383,-163.06616,NaN,31.5992,31.5986,24.784506,24.784441,1.5651,0.93563,6.6622,97.41419,97.36562,295.38715,295.263,6.659,38,1012,213,12.8,4.9,M14,dy2209c001,NaN,NaN,NaN,NaN,NaN,NaN,NaN,NaN,NaN,NaN
2022-09-21T05:10:00Z,9,64.00383,-163.06616,NaN,31.5997,31.5984,24.785767,24.784513,1.3728,0.69742,6.6554,97.41203,97.29153,295.4259,295.051,6.6572,38,1012,213,12.8,4.9,M14,dy2209c001,NaN,NaN,NaN,NaN,NaN,NaN,NaN,NaN,NaN,NaN
2022-09-21T05:10:00Z,10,64.00383,-163.06616,3,31.6003,31.599,24.787458,24.786434,1.5351,0.5561,6.6458,97.28962,97.24195,295.11877,294.977,6.6458,38,1012,213,12.8,4.9,M14,dy2209c001,9.2,1.019,0.04,0.4,0.67,2,2,2,2,2
2022-09-21T05:10:00Z,11,64.00383,-163.06616,NaN,31.6006,31.599,24.787619,24.786385,1.3088,0.42422,6.6464,97.27436,97.20922,295.06775,294.875,6.6462,38,1012,213,12.8,4.9,M14,dy2209c001,NaN,NaN,NaN,NaN,NaN,NaN,NaN,NaN,NaN,NaN
2022-09-21T05:10:00Z,12,64.00383,-163.06616,NaN,31.6005,31.5993,24.788647,24.78742,1.3811,0.36288,6.6377,97.100555,97.11816,294.59998,294.641,6.6399,38,1012,213,12.8,4.9,M14,dy2209c001,NaN,NaN,NaN,NaN,NaN,NaN,NaN,NaN,NaN,NaN
2022-09-21T05:10:00Z,13,64.00383,-163.06616,NaN,31.5989,31.5995,24.78839,24.788607,1.1645,0.31239,6.6298,96.98453,97.07937,294.3051,294.578,6.6318,38,1012,213,12.8,4.9,M14,dy2209c001,NaN,NaN,NaN,NaN,NaN,NaN,NaN,NaN,NaN,NaN
2022-09-21T05:10:00Z,14,64.00383,-163.06616,NaN,31.6004,31.5985,24.791498,24.788645,1.4167,0.2852,6.6146,96.719925,96.7896,293.60205,293.745,6.6253,38,1012,213,12.8,4.9,M14,dy2209c001,NaN,NaN,NaN,NaN,NaN,NaN,NaN,NaN,NaN,NaN
2022-09-21T05:10:00Z,15,64.00383,-163.06616,NaN,31.6001,31.5991,24.796297,24.794916,1.1139,0.2833,6.5748,96.34833,96.526955,292.744,293.257,6.5795,38,1012,213,12.8,4.9,M14,dy2209c001,NaN,NaN,NaN,NaN,NaN,NaN,NaN,NaN,NaN,NaN
2022-09-21T05:10:00Z,16,64.00383,-163.06616,NaN,31.6008,31.5995,24.798792,24.797604,1.1774,0.28329,6.5594,96.3372,96.44907,292.813,293.147,6.5607,38,1012,213,12.8,4.9,M14,dy2209c001,NaN,NaN,NaN,NaN,NaN,NaN,NaN,NaN,NaN,NaN
2022-09-21T05:10:00Z,17,64.00383,-163.06616,NaN,31.6013,31.5996,24.798973,24.797394,1.1451,0.28328,6.5611,96.28258,96.39604,292.63437,292.97,6.563,38,1012,213,12.8,4.9,M14,dy2209c001,NaN,NaN,NaN,NaN,NaN,NaN,NaN,NaN,NaN,NaN
2022-09-21T05:10:00Z,18,64.00383,-163.06616,NaN,31.6031,31.6013,24.800959,24.799477,1.044,0.28329,6.5566,96.20575,96.29888,292.42743,292.711,6.5571,38,1012,213,12.8,4.9,M14,dy2209c001,NaN,NaN,NaN,NaN,NaN,NaN,NaN,NaN,NaN,NaN
2022-09-21T05:10:00Z,19,64.00383,-163.06616,NaN,31.6083,31.607,24.806581,24.80562,1.1183,0.28328,6.5445,95.97021,96.07672,291.78198,292.112,6.544,38,1012,213,12.8,4.9,M14,dy2209c001,NaN,NaN,NaN,NaN,NaN,NaN,NaN,NaN,NaN,NaN
2022-09-21T05:10:00Z,20,64.00383,-163.06616,NaN,31.6274,31.6243,24.822037,24.819607,0.9367,0.28328,6.5413,95.57283,95.64692,290.5544,290.787,6.5412,38,1012,213,12.8,4.9,M14,dy2209c001,NaN,NaN,NaN,NaN,NaN,NaN,NaN,NaN,NaN,NaN
2022-09-21T05:10:00Z,21,64.00383,-163.06616,2,31.6477,31.6461,24.839308,24.838085,1.0721,0.28328,6.5312,95.29251,95.292175,289.7266,289.731,6.5309,38,1012,213,12.8,4.9,M14,dy2209c001,10.5,1.026,0.05,0.7,1.09,2,2,2,2,2
2022-09-21T05:10:00Z,22,64.00383,-163.06616,NaN,31.6533,31.6518,24.844414,24.843283,0.8917,0.28329,6.5257,95.24391,95.31868,289.60376,289.837,6.5253,38,1012,213,12.8,4.9,M14,dy2209c001,NaN,NaN,NaN,NaN,NaN,NaN,NaN,NaN,NaN,NaN
2022-09-21T05:10:00Z,23,64.00383,-163.06616,NaN,31.6555,31.6541,24.846424,24.845385,1.0593,0.28329,6.5235,95.2922,95.331665,289.76062,289.887,6.523,38,1012,213,12.8,4.9,M14,dy2209c001,NaN,NaN,NaN,NaN,NaN,NaN,NaN,NaN,NaN,NaN
2022-09-21T05:10:00Z,24,64.00383,-163.06616,NaN,31.6635,31.6619,24.854805,24.853506,0.7312,0.2833,6.507,94.75035,94.79752,288.2061,288.351,6.5073,38,1012,213,12.8,4.9,M14,dy2209c001,NaN,NaN,NaN,NaN,NaN,NaN,NaN,NaN,NaN,NaN
2022-09-21T05:10:00Z,25,64.00383,-163.06616,NaN,31.6719,31.6701,24.87405,24.872095,0.4864,0.28331,6.4061,94.345146,94.389465,287.62775,287.738,6.4104,38,1012,213,12.8,4.9,M14,dy2209c001,NaN,NaN,NaN,NaN,NaN,NaN,NaN,NaN,NaN,NaN
2022-09-21T05:10:00Z,26,64.00383,-163.06616,NaN,31.684,31.6824,24.90766,24.905725,0.8718,0.2833,6.2111,94.37802,94.45909,289.00934,289.224,6.2166,38,1012,213,12.8,4.9,M14,dy2209c001,NaN,NaN,NaN,NaN,NaN,NaN,NaN,NaN,NaN,NaN
2022-09-21T05:10:00Z,27,64.00383,-163.06616,NaN,31.6912,31.6895,24.928976,24.927404,0.6077,0.2833,6.0825,94.094,94.14046,288.9895,289.123,6.0844,38,1012,213,12.8,4.9,M14,dy2209c001,NaN,NaN,NaN,NaN,NaN,NaN,NaN,NaN,NaN,NaN
2022-09-21T05:10:00Z,28,64.00383,-163.06616,NaN,31.6941,31.6923,24.950249,24.948303,0.8955,0.28331,5.9242,92.47252,92.65847,285.05643,285.604,5.9286,38,1012,213,12.8,4.9,M14,dy2209c001,NaN,NaN,NaN,NaN,NaN,NaN,NaN,NaN,NaN,NaN
2022-09-21T05:10:00Z,29,64.00383,-163.06616,NaN,31.7292,31.7297,25.033413,25.033798,0.976,0.28332,5.4474,92.41543,93.06316,288.01804,290.035,5.4475,38,1012,213,12.8,4.9,M14,dy2209c001,NaN,NaN,NaN,NaN,NaN,NaN,NaN,NaN,NaN,NaN
2022-09-21T05:10:00Z,30,64.00383,-163.06616,NaN,31.7865,31.7836,25.126345,25.123919,0.7648,0.28332,5.0188,92.58571,93.38526,291.3728,293.887,5.02,38,1012,213,12.8,4.9,M14,dy2209c001,NaN,NaN,NaN,NaN,NaN,NaN,NaN,NaN,NaN,NaN
2022-09-21T05:10:00Z,31,64.00383,-163.06616,NaN,31.796,31.7935,25.13952,25.137411,0.8331,0.28335,4.9666,92.292435,92.78381,290.79068,292.336,4.9678,38,1012,213,12.8,4.9,M14,dy2209c001,NaN,NaN,NaN,NaN,NaN,NaN,NaN,NaN,NaN,NaN
2022-09-21T05:10:00Z,32,64.00383,-163.06616,NaN,31.8041,31.8019,25.1503,25.148567,0.4388,0.28336,4.9261,92.25986,92.62489,290.95132,292.108,4.926,38,1012,213,12.8,4.9,M14,dy2209c001,NaN,NaN,NaN,NaN,NaN,NaN,NaN,NaN,NaN,NaN
2022-09-21T05:10:00Z,33,64.00383,-163.06616,NaN,31.8099,31.8077,25.157139,25.15544,0.4926,0.28343,4.9052,92.29363,92.48191,291.1904,291.792,4.9048,38,1012,213,12.8,4.9,M14,dy2209c001,NaN,NaN,NaN,NaN,NaN,NaN,NaN,NaN,NaN,NaN
2022-09-21T05:10:00Z,34,64.00383,-163.06616,NaN,31.8188,31.8166,25.16446,25.162748,0.6417,0.28356,4.9027,92.106766,91.872955,290.59885,289.868,4.9024,38,1012,213,12.8,4.9,M14,dy2209c001,NaN,NaN,NaN,NaN,NaN,NaN,NaN,NaN,NaN,NaN
2022-09-21T09:17:00Z,0,64.67333,-168.21834,NaN,31.1099,31.123,24.300232,24.310255,1.3084,NaN,7.4202,82.15032,95.20123,245.68866,284.68,7.4222,38,1008,189,17.7,4.8,DBO 2.3,dy2209c002,NaN,NaN,NaN,NaN,NaN,NaN,NaN,NaN,NaN,NaN
2022-09-21T09:17:00Z,1,64.67333,-168.21834,NaN,31.1099,31.123,24.300232,24.310255,1.3084,NaN,7.4202,82.15032,95.20123,245.68866,284.68,7.4222,38,1008,189,17.7,4.8,DBO 2.3,dy2209c002,NaN,NaN,NaN,NaN,NaN,NaN,NaN,NaN,NaN,NaN
2022-09-21T09:17:00Z,2,64.67333,-168.21834,NaN,31.1099,31.123,24.300232,24.310255,1.3084,NaN,7.4202,82.15032,95.20123,245.68866,284.68,7.4222,38,1008,189,17.7,4.8,DBO 2.3,dy2209c002,NaN,NaN,NaN,NaN,NaN,NaN,NaN,NaN,NaN,NaN
2022-09-21T09:17:00Z,3,64.67333,-168.21834,4,31.1099,31.123,24.300232,24.310255,1.3084,NaN,7.4202,82.15033,95.20123,245.68866,284.68,7.4222,38,1008,189,17.7,4.8,DBO 2.3,dy2209c002,NaN,NaN,NaN,NaN,NaN,2,2,2,2,2
2022-09-21T09:17:00Z,3,64.67333,-168.21834,5,31.1099,31.123,24.300232,24.310255,1.3084,NaN,7.4202,82.15033,95.20123,245.68866,284.68,7.4222,38,1008,189,17.7,4.8,DBO 2.3,dy2209c002,9.8,0.997,0.02,0.3,0.41,2,2,2,2,2
2022-09-21T09:17:00Z,3,64.67333,-168.21834,6,31.1099,31.123,24.300232,24.310255,1.3084,NaN,7.4202,82.15033,95.20123,245.68866,284.68,7.4222,38,1008,189,17.7,4.8,DBO 2.3,dy2209c002,NaN,NaN,NaN,NaN,NaN,2,2,2,2,2
2022-09-21T09:17:00Z,4,64.67333,-168.21834,NaN,31.1099,31.123,24.300232,24.310255,1.3084,NaN,7.4202,82.15033,95.20123,245.68866,284.68,7.4222,38,1008,189,17.7,4.8,DBO 2.3,dy2209c002,NaN,NaN,NaN,NaN,NaN,NaN,NaN,NaN,NaN,NaN
2022-09-21T09:17:00Z,5,64.67333,-168.21834,NaN,31.1099,31.123,24.300232,24.310255,1.3084,0.73359,7.4202,82.15033,95.20123,245.68866,284.68,7.4222,38,1008,189,17.7,4.8,DBO 2.3,dy2209c002,NaN,NaN,NaN,NaN,NaN,NaN,NaN,NaN,NaN,NaN
2022-09-21T09:17:00Z,6,64.67333,-168.21834,NaN,31.1264,31.1287,24.315285,24.317831,1.5812,0.51731,7.4047,81.609665,95.03931,244.12846,284.333,7.3992,38,1008,189,17.7,4.8,DBO 2.3,dy2209c002,NaN,NaN,NaN,NaN,NaN,NaN,NaN,NaN,NaN,NaN
2022-09-21T09:17:00Z,7,64.67333,-168.21834,NaN,31.1506,31.1383,24.338657,24.330574,1.4314,0.32679,7.3723,86.86361,94.91436,259.99124,284.19,7.3605,38,1008,189,17.7,4.8,DBO 2.3,dy2209c002,NaN,NaN,NaN,NaN,NaN,NaN,NaN,NaN,NaN,NaN
2022-09-21T09:17:00Z,8,64.67333,-168.21834,NaN,31.142,31.1383,24.333347,24.330492,1.6033,0.285,7.3615,91.88743,94.77538,275.11313,283.77,7.3611,38,1008,189,17.7,4.8,DBO 2.3,dy2209c002,NaN,NaN,NaN,NaN,NaN,NaN,NaN,NaN,NaN,NaN
2022-09-21T09:17:00Z,9,64.67333,-168.21834,3,31.1479,31.1444,24.341133,24.338943,1.571,0.28324,7.338,93.59868,94.51897,280.37488,283.166,7.3338,38,1008,189,17.7,4.8,DBO 2.3,dy2209c002,9.7,1.022,0.02,0.3,0.47,2,2,2,2,2
2022-09-21T09:17:00Z,10,64.67333,-168.21834,NaN,31.1631,31.1557,24.36156,24.355091,1.5649,0.28328,7.2745,93.76516,94.36972,281.24997,283.047,7.2794,38,1008,189,17.7,4.8,DBO 2.3,dy2209c002,NaN,NaN,NaN,NaN,NaN,NaN,NaN,NaN,NaN,NaN
2022-09-21T09:17:00Z,11,64.67333,-168.21834,NaN,31.1702,31.1665,24.373205,24.369963,1.3928,0.28328,7.2289,93.079346,94.38358,279.46957,283.377,7.2314,38,1008,189,17.7,4.8,DBO 2.3,dy2209c002,NaN,NaN,NaN,NaN,NaN,NaN,NaN,NaN,NaN,NaN
2022-09-21T09:17:00Z,12,64.67333,-168.21834,NaN,31.1726,31.168,24.376259,24.372257,1.4152,0.28328,7.2201,93.193474,94.15502,279.86365,282.742,7.223,38,1008,189,17.7,4.8,DBO 2.3,dy2209c002,NaN,NaN,NaN,NaN,NaN,NaN,NaN,NaN,NaN,NaN
2022-09-21T09:17:00Z,13,64.67333,-168.21834,NaN,31.1772,31.1726,24.382645,24.37916,1.4057,0.28328,7.1992,93.04322,93.84484,279.53668,281.961,7.1982,38,1008,189,17.7,4.8,DBO 2.3,dy2209c002,NaN,NaN,NaN,NaN,NaN,NaN,NaN,NaN,NaN,NaN
2022-09-21T09:17:00Z,14,64.67333,-168.21834,NaN,31.201,31.1932,24.414139,24.40707,1.3481,0.28329,7.1023,92.64062,93.46399,278.8969,281.346,7.1094,38,1008,189,17.7,4.8,DBO 2.3,dy2209c002,NaN,NaN,NaN,NaN,NaN,NaN,NaN,NaN,NaN,NaN
2022-09-21T09:17:00Z,15,64.67333,-168.21834,NaN,31.2182,31.2141,24.435713,24.432173,1.3326,0.28328,7.0409,91.995224,92.68481,277.3093,279.381,7.0433,38,1008,189,17.7,4.8,DBO 2.3,dy2209c002,NaN,NaN,NaN,NaN,NaN,NaN,NaN,NaN,NaN,NaN
2022-09-21T09:17:00Z,16,64.67333,-168.21834,NaN,31.2291,31.2274,24.447538,24.446697,1.3121,0.28329,7.016,91.2876,91.91222,275.31158,277.223,7.0122,38,1008,189,17.7,4.8,DBO 2.3,dy2209c002,NaN,NaN,NaN,NaN,NaN,NaN,NaN,NaN,NaN,NaN
2022-09-21T09:17:00Z,17,64.67333,-168.21834,NaN,31.256,31.2536,24.477564,24.475739,1.2772,0.28329,6.9479,90.71572,91.21433,273.96118,275.475,6.9474,38,1008,189,17.7,4.8,DBO 2.3,dy2209c002,NaN,NaN,NaN,NaN,NaN,NaN,NaN,NaN,NaN,NaN
2022-09-21T09:17:00Z,18,64.67333,-168.21834,NaN,31.2779,31.2747,24.502731,24.500084,1.412,0.28328,6.8866,89.74896,90.24288,271.38037,272.874,6.8876,38,1008,189,17.7,4.8,DBO 2.3,dy2209c002,NaN,NaN,NaN,NaN,NaN,NaN,NaN,NaN,NaN,NaN
2022-09-21T09:17:00Z,19,64.67333,-168.21834,NaN,31.312,31.3092,24.541828,24.539778,1.471,0.28328,6.7913,88.933304,89.53253,269.43747,271.266,6.7901,38,1008,189,17.7,4.8,DBO 2.3,dy2209c002,NaN,NaN,NaN,NaN,NaN,NaN,NaN,NaN,NaN,NaN
2022-09-21T09:17:00Z,20,64.67333,-168.21834,2,31.3411,31.3384,24.573849,24.572014,1.6705,0.28328,6.72,88.89336,89.584564,269.70206,271.819,6.7177,38,1008,189,17.7,4.8,DBO 2.3,dy2209c002,13,1.097,0.05,0.8,1.36,2,2,2,2,2
2022-09-21T09:17:00Z,21,64.67333,-168.21834,NaN,31.3639,31.3642,24.599476,24.600815,1.8158,0.28329,6.6596,89.01298,89.57039,270.39664,272.144,6.6509,38,1008,189,17.7,4.8,DBO 2.3,dy2209c002,NaN,NaN,NaN,NaN,NaN,NaN,NaN,NaN,NaN,NaN
2022-09-21T09:17:00Z,22,64.67333,-168.21834,NaN,31.4053,31.3994,24.644886,24.639595,1.705,0.28329,6.5582,89.059715,89.49702,271.09122,272.402,6.5633,38,1008,189,17.7,4.8,DBO 2.3,dy2209c002,NaN,NaN,NaN,NaN,NaN,NaN,NaN,NaN,NaN,NaN
2022-09-21T09:17:00Z,23,64.67333,-168.21834,NaN,31.4477,31.4509,24.690948,24.695412,1.7073,0.28328,6.4571,89.22145,89.80893,272.13544,274.02,6.4415,38,1008,189,17.7,4.8,DBO 2.3,dy2209c002,NaN,NaN,NaN,NaN,NaN,NaN,NaN,NaN,NaN,NaN
2022-09-21T09:17:00Z,24,64.67333,-168.21834,NaN,31.494,31.4919,24.74099,24.739754,1.7712,0.2833,6.3479,89.78459,90.26596,274.45447,275.952,6.3445,38,1008,189,17.7,4.8,DBO 2.3,dy2209c002,NaN,NaN,NaN,NaN,NaN,NaN,NaN,NaN,NaN,NaN
2022-09-21T09:17:00Z,25,64.67333,-168.21834,NaN,31.4974,31.495,24.744892,24.742989,1.7688,0.28329,6.338,89.83109,90.23203,274.65292,275.883,6.3381,38,1008,189,17.7,4.8,DBO 2.3,dy2209c002,NaN,NaN,NaN,NaN,NaN,NaN,NaN,NaN,NaN,NaN
2022-09-21T09:17:00Z,26,64.67333,-168.21834,NaN,31.4982,31.4961,24.745462,24.743868,1.8087,0.28331,6.3385,89.79249,90.122665,274.53006,275.547,6.338,38,1008,189,17.7,4.8,DBO 2.3,dy2209c002,NaN,NaN,NaN,NaN,NaN,NaN,NaN,NaN,NaN,NaN
2022-09-21T09:17:00Z,27,64.67333,-168.21834,NaN,31.4988,31.4969,24.745935,24.744436,1.7523,0.28332,6.3385,89.94094,90.066025,274.98273,275.369,6.3385,38,1008,189,17.7,4.8,DBO 2.3,dy2209c002,NaN,NaN,NaN,NaN,NaN,NaN,NaN,NaN,NaN,NaN
2022-09-21T09:17:00Z,28,64.67333,-168.21834,NaN,31.499,31.4971,24.746265,24.74478,1.7553,0.28331,6.3371,89.932274,90.146416,274.96475,275.624,6.337,38,1008,189,17.7,4.8,DBO 2.3,dy2209c002,NaN,NaN,NaN,NaN,NaN,NaN,NaN,NaN,NaN,NaN
2022-09-21T09:17:00Z,29,64.67333,-168.21834,NaN,31.499,31.4971,24.74661,24.74505,1.7842,0.28331,6.3343,89.99627,90.164375,275.17834,275.693,6.3348,38,1008,189,17.7,4.8,DBO 2.3,dy2209c002,NaN,NaN,NaN,NaN,NaN,NaN,NaN,NaN,NaN,NaN
2022-09-21T09:17:00Z,30,64.67333,-168.21834,NaN,31.4984,31.4972,24.746138,24.745129,1.8464,0.28333,6.3343,90.02925,90.20009,275.2804,275.802,6.3348,38,1008,189,17.7,4.8,DBO 2.3,dy2209c002,NaN,NaN,NaN,NaN,NaN,NaN,NaN,NaN,NaN,NaN
2022-09-21T09:17:00Z,31,64.67333,-168.21834,NaN,31.4987,31.4974,24.746338,24.745312,1.802,0.28334,6.3346,89.90553,90.170044,274.89957,275.711,6.3346,38,1008,189,17.7,4.8,DBO 2.3,dy2209c002,NaN,NaN,NaN,NaN,NaN,NaN,NaN,NaN,NaN,NaN
2022-09-21T09:17:00Z,32,64.67333,-168.21834,NaN,31.4974,31.4966,24.745361,24.74473,1.8024,0.28338,6.3342,90.00922,90.17685,275.2218,275.736,6.3342,38,1008,189,17.7,4.8,DBO 2.3,dy2209c002,NaN,NaN,NaN,NaN,NaN,NaN,NaN,NaN,NaN,NaN
2022-09-21T09:17:00Z,33,64.67333,-168.21834,NaN,31.4968,31.4952,24.744875,24.743639,1.848,0.28339,6.3343,90.20899,90.20645,275.83322,275.83,6.3341,38,1008,189,17.7,4.8,DBO 2.3,dy2209c002,NaN,NaN,NaN,NaN,NaN,NaN,NaN,NaN,NaN,NaN
2022-09-21T09:17:00Z,34,64.67333,-168.21834,1,31.4987,31.497,24.746819,24.745514,1.8657,0.28348,6.3307,90.186325,90.26595,275.78314,276.032,6.3304,38,1008,189,17.7,4.8,DBO 2.3,dy2209c002,13.8,1.224,0.07,1.2,1.73,2,2,2,2,2
2022-09-21T12:00:00Z,0,64.67917,-169.1,NaN,31.4208,31.4197,24.558987,24.558203,1.0036,NaN,7.3131,96.613884,96.79088,288.9933,289.529,7.3125,45,1003,173,21,6,DBO 2.2,dy2209c003,NaN,NaN,NaN,NaN,NaN,NaN,NaN,NaN,NaN,NaN
2022-09-21T12:00:00Z,1,64.67917,-169.1,NaN,31.4208,31.4197,24.558987,24.558203,1.0036,NaN,7.3131,96.613884,96.79088,288.9933,289.529,7.3125,45,1003,173,21,6,DBO 2.2,dy2209c003,NaN,NaN,NaN,NaN,NaN,NaN,NaN,NaN,NaN,NaN
2022-09-21T12:00:00Z,2,64.67917,-169.1,7,31.4208,31.4197,24.558987,24.558203,1.0036,NaN,7.3131,96.613884,96.79088,288.9933,289.529,7.3125,45,1003,173,21,6,DBO 2.2,dy2209c003,NaN,NaN,NaN,NaN,NaN,2,2,2,2,2
2022-09-21T12:00:00Z,3,64.67917,-169.1,6,31.4208,31.4197,24.558987,24.558203,1.0036,NaN,7.3131,96.61389,96.79088,288.9933,289.529,7.3125,45,1003,173,21,6,DBO 2.2,dy2209c003,9.4,0.564,0.03,0.6,1,2,2,2,2,2
2022-09-21T12:00:00Z,4,64.67917,-169.1,NaN,31.4208,31.4197,24.558987,24.558203,1.0036,NaN,7.3131,96.61389,96.79088,288.9933,289.529,7.3125,45,1003,173,21,6,DBO 2.2,dy2209c003,NaN,NaN,NaN,NaN,NaN,NaN,NaN,NaN,NaN,NaN
2022-09-21T12:00:00Z,5,64.67917,-169.1,NaN,31.4208,31.4197,24.558987,24.558203,1.0036,1.4067,7.3131,96.61389,96.79088,288.9933,289.529,7.3125,45,1003,173,21,6,DBO 2.2,dy2209c003,NaN,NaN,NaN,NaN,NaN,NaN,NaN,NaN,NaN,NaN
2022-09-21T12:00:00Z,6,64.67917,-169.1,NaN,31.4208,31.4197,24.559002,24.558203,1.0081,0.98365,7.313,96.77511,96.86744,289.47617,289.758,7.3125,45,1003,173,21,6,DBO 2.2,dy2209c003,NaN,NaN,NaN,NaN,NaN,NaN,NaN,NaN,NaN,NaN
2022-09-21T12:00:00Z,7,64.67917,-169.1,NaN,31.4208,31.4198,24.558853,24.558214,1.012,0.76761,7.3141,96.7886,96.92912,289.50925,289.939,7.313,45,1003,173,21,6,DBO 2.2,dy2209c003,NaN,NaN,NaN,NaN,NaN,NaN,NaN,NaN,NaN,NaN
2022-09-21T12:00:00Z,8,64.67917,-169.1,NaN,31.4208,31.4197,24.558544,24.557734,0.9967,0.65915,7.3164,96.1444,96.80296,287.5673,289.542,7.316,45,1003,173,21,6,DBO 2.2,dy2209c003,NaN,NaN,NaN,NaN,NaN,NaN,NaN,NaN,NaN,NaN
2022-09-21T12:00:00Z,9,64.67917,-169.1,5,31.4204,31.4197,24.55815,24.557627,0.9824,0.55478,7.317,95.94797,96.894,286.97665,289.809,7.3168,45,1003,173,21,6,DBO 2.2,dy2209c003,9.9,0.575,0.03,0.6,0.99,2,2,2,2,2
2022-09-21T12:00:00Z,10,64.67917,-169.1,4,31.4206,31.4194,24.558334,24.557417,0.9815,0.43515,7.3168,96.38116,96.9221,288.2732,289.895,7.3166,45,1003,173,21,6,DBO 2.2,dy2209c003,NaN,NaN,NaN,NaN,NaN,2,2,2,2,2
2022-09-21T12:00:00Z,11,64.67917,-169.1,NaN,31.4207,31.4196,24.55829,24.557453,0.9938,0.3807,7.3177,96.60438,96.91554,288.9347,289.869,7.3175,45,1003,173,21,6,DBO 2.2,dy2209c003,NaN,NaN,NaN,NaN,NaN,NaN,NaN,NaN,NaN,NaN
2022-09-21T12:00:00Z,12,64.67917,-169.1,NaN,31.4208,31.4197,24.558315,24.557465,0.9843,0.35184,7.3181,96.708336,96.91805,289.24277,289.873,7.318,45,1003,173,21,6,DBO 2.2,dy2209c003,NaN,NaN,NaN,NaN,NaN,NaN,NaN,NaN,NaN,NaN
2022-09-21T12:00:00Z,13,64.67917,-169.1,NaN,31.4209,31.4198,24.558449,24.557745,0.9891,0.31035,7.3177,96.68889,96.97566,289.187,290.055,7.3165,45,1003,173,21,6,DBO 2.2,dy2209c003,NaN,NaN,NaN,NaN,NaN,NaN,NaN,NaN,NaN,NaN
2022-09-21T12:00:00Z,14,64.67917,-169.1,NaN,31.4208,31.4197,24.558249,24.557438,0.9906,0.29323,7.3186,96.604546,96.89041,288.92902,289.789,7.3182,45,1003,173,21,6,DBO 2.2,dy2209c003,NaN,NaN,NaN,NaN,NaN,NaN,NaN,NaN,NaN,NaN
2022-09-21T12:00:00Z,15,64.67917,-169.1,NaN,31.421,31.4197,24.558796,24.557747,0.9714,0.28559,7.3157,96.575226,96.856575,288.86005,289.703,7.3159,45,1003,173,21,6,DBO 2.2,dy2209c003,NaN,NaN,NaN,NaN,NaN,NaN,NaN,NaN,NaN,NaN
2022-09-21T12:00:00Z,16,64.67917,-169.1,NaN,31.4216,31.4206,24.559938,24.559462,0.9712,0.28334,7.3107,96.66509,96.90282,289.16055,289.889,7.3084,45,1003,173,21,6,DBO 2.2,dy2209c003,NaN,NaN,NaN,NaN,NaN,NaN,NaN,NaN,NaN,NaN
2022-09-21T12:00:00Z,17,64.67917,-169.1,NaN,31.4212,31.4201,24.559221,24.558598,0.9831,0.28329,7.3137,96.745674,96.91321,289.38263,289.898,7.3119,45,1003,173,21,6,DBO 2.2,dy2209c003,NaN,NaN,NaN,NaN,NaN,NaN,NaN,NaN,NaN,NaN
2022-09-21T12:00:00Z,18,64.67917,-169.1,NaN,31.4227,31.4208,24.562977,24.56143,0.9664,0.28328,7.2945,96.50129,96.59373,288.775,289.053,7.2949,45,1003,173,21,6,DBO 2.2,dy2209c003,NaN,NaN,NaN,NaN,NaN,NaN,NaN,NaN,NaN,NaN
2022-09-21T12:00:00Z,19,64.67917,-169.1,3,31.4226,31.4219,24.5646,24.564638,0.9836,0.2833,7.2818,96.45776,96.61604,288.7287,289.233,7.2774,45,1003,173,21,6,DBO 2.2,dy2209c003,9.9,0.537,0.03,0.6,1.03,2,2,2,2,2
2022-09-21T12:00:00Z,20,64.67917,-169.1,NaN,31.4302,31.4288,24.586033,24.584496,1.0053,0.28328,7.1658,96.56001,96.7019,289.78613,290.193,7.1691,45,1003,173,21,6,DBO 2.2,dy2209c003,NaN,NaN,NaN,NaN,NaN,NaN,NaN,NaN,NaN,NaN
2022-09-21T12:00:00Z,21,64.67917,-169.1,NaN,31.4359,31.4298,24.60109,24.592493,1.0147,0.28328,7.0858,92.07887,92.49797,276.83304,277.922,7.1146,45,1003,173,21,6,DBO 2.2,dy2209c003,NaN,NaN,NaN,NaN,NaN,NaN,NaN,NaN,NaN,NaN
2022-09-21T12:00:00Z,22,64.67917,-169.1,NaN,31.4354,31.4323,24.642942,24.633108,0.9679,0.28328,6.7605,92.57701,93.78738,280.4212,283.717,6.8181,45,1003,173,21,6,DBO 2.2,dy2209c003,NaN,NaN,NaN,NaN,NaN,NaN,NaN,NaN,NaN,NaN
2022-09-21T12:00:00Z,23,64.67917,-169.1,NaN,31.5883,31.5687,24.941298,24.910906,0.9263,0.28328,5.275,97.36177,98.1483,304.99402,306.535,5.4081,45,1003,173,21,6,DBO 2.2,dy2209c003,NaN,NaN,NaN,NaN,NaN,NaN,NaN,NaN,NaN,NaN
2022-09-21T12:00:00Z,24,64.67917,-169.1,NaN,31.7388,31.7263,25.12431,25.113218,0.7868,0.28328,4.6828,101.624565,102.716805,322.5115,325.92,4.6941,45,1003,173,21,6,DBO 2.2,dy2209c003,NaN,NaN,NaN,NaN,NaN,NaN,NaN,NaN,NaN,NaN
2022-09-21T12:00:00Z,25,64.67917,-169.1,NaN,31.7948,31.7893,25.170834,25.16638,0.7723,0.28329,4.6625,102.57648,103.58164,325.55438,328.751,4.6634,45,1003,173,21,6,DBO 2.2,dy2209c003,NaN,NaN,NaN,NaN,NaN,NaN,NaN,NaN,NaN,NaN
2022-09-21T12:00:00Z,26,64.67917,-169.1,NaN,31.8226,31.8135,25.201696,25.191809,1.1712,0.28328,4.5776,102.193474,102.5124,324.9326,325.767,4.6034,45,1003,173,21,6,DBO 2.2,dy2209c003,NaN,NaN,NaN,NaN,NaN,NaN,NaN,NaN,NaN,NaN
2022-09-21T12:00:00Z,27,64.67917,-169.1,NaN,31.8438,31.833,25.231125,25.222452,1.9092,0.28328,4.4547,101.79464,102.26251,324.57065,326.081,4.4557,45,1003,173,21,6,DBO 2.2,dy2209c003,NaN,NaN,NaN,NaN,NaN,NaN,NaN,NaN,NaN,NaN
2022-09-21T12:00:00Z,28,64.67917,-169.1,NaN,31.867,31.8624,25.258118,25.254396,2.3154,0.28328,4.3701,101.58942,101.944626,324.52057,325.661,4.3708,45,1003,173,21,6,DBO 2.2,dy2209c003,NaN,NaN,NaN,NaN,NaN,NaN,NaN,NaN,NaN,NaN
2022-09-21T12:00:00Z,29,64.67917,-169.1,NaN,31.8807,31.8738,25.274006,25.266428,2.5254,0.28328,4.3203,100.70783,100.89296,322.0579,322.504,4.3412,45,1003,173,21,6,DBO 2.2,dy2209c003,NaN,NaN,NaN,NaN,NaN,NaN,NaN,NaN,NaN,NaN
2022-09-21T12:00:00Z,30,64.67917,-169.1,2,31.8823,31.8796,25.277882,25.275698,2.7059,0.28331,4.2943,100.2965,100.55858,320.93994,321.782,4.2947,45,1003,173,21,6,DBO 2.2,dy2209c003,9.9,0.73,0.06,2.8,0.86,2,2,2,2,2
2022-09-21T12:00:00Z,31,64.67917,-169.1,NaN,31.881,31.8837,25.29255,25.29136,2.7977,0.28329,4.1358,98.31623,99.07216,315.81427,317.975,4.1697,45,1003,173,21,6,DBO 2.2,dy2209c003,NaN,NaN,NaN,NaN,NaN,NaN,NaN,NaN,NaN,NaN
2022-09-21T12:00:00Z,32,64.67917,-169.1,NaN,31.872,31.8581,25.401283,25.364061,2.9797,0.28329,2.8491,99.60499,100.77394,330.23026,331.576,3.1605,45,1003,173,21,6,DBO 2.2,dy2209c003,NaN,NaN,NaN,NaN,NaN,NaN,NaN,NaN,NaN,NaN
2022-09-21T12:00:00Z,33,64.67917,-169.1,NaN,31.9287,31.9256,25.49529,25.492085,2.8154,0.2833,2.2251,103.8028,105.52695,349.4005,355.125,2.2349,45,1003,173,21,6,DBO 2.2,dy2209c003,NaN,NaN,NaN,NaN,NaN,NaN,NaN,NaN,NaN,NaN
2022-09-21T12:00:00Z,34,64.67917,-169.1,NaN,31.9542,31.9455,25.544031,25.531199,2.2526,0.28329,1.8293,105.15168,106.61998,357.42075,361.664,1.9136,45,1003,173,21,6,DBO 2.2,dy2209c003,NaN,NaN,NaN,NaN,NaN,NaN,NaN,NaN,NaN,NaN
2022-09-21T12:00:00Z,35,64.67917,-169.1,NaN,32.0065,31.9944,25.606949,25.59598,1.4341,0.28332,1.5161,104.07785,104.78405,356.45117,358.726,1.5355,45,1003,173,21,6,DBO 2.2,dy2209c003,NaN,NaN,NaN,NaN,NaN,NaN,NaN,NaN,NaN,NaN
2022-09-21T12:00:00Z,36,64.67917,-169.1,NaN,32.0408,32.0371,25.64323,25.640337,0.9485,0.28331,1.3796,103.72777,104.42553,356.39636,358.815,1.3784,45,1003,173,21,6,DBO 2.2,dy2209c003,NaN,NaN,NaN,NaN,NaN,NaN,NaN,NaN,NaN,NaN
2022-09-21T12:00:00Z,37,64.67917,-169.1,NaN,32.0691,32.0571,25.670042,25.658747,0.8506,0.2833,1.3145,102.63821,103.01678,353.16257,354.258,1.341,45,1003,173,21,6,DBO 2.2,dy2209c003,NaN,NaN,NaN,NaN,NaN,NaN,NaN,NaN,NaN,NaN
2022-09-21T12:00:00Z,38,64.67917,-169.1,NaN,32.0754,32.0703,25.67533,25.671291,0.732,0.28334,1.3108,102.38687,102.295074,352.31396,352.02,1.3099,45,1003,173,21,6,DBO 2.2,dy2209c003,NaN,NaN,NaN,NaN,NaN,NaN,NaN,NaN,NaN,NaN
2022-09-21T12:00:00Z,39,64.67917,-169.1,NaN,32.0779,32.0726,25.677437,25.673132,0.6691,0.28332,1.3092,102.263275,102.08966,351.89627,351.306,1.31,45,1003,173,21,6,DBO 2.2,dy2209c003,NaN,NaN,NaN,NaN,NaN,NaN,NaN,NaN,NaN,NaN
2022-09-21T12:00:00Z,40,64.67917,-169.1,NaN,32.0821,32.0771,25.681059,25.677044,0.7017,0.28335,1.3052,102.295395,101.88105,352.0314,350.619,1.3052,45,1003,173,21,6,DBO 2.2,dy2209c003,NaN,NaN,NaN,NaN,NaN,NaN,NaN,NaN,NaN,NaN
2022-09-21T12:00:00Z,41,64.67917,-169.1,NaN,32.0838,32.0788,25.682379,25.678385,0.6783,0.28344,1.3059,102.26617,101.83519,351.9199,350.453,1.3056,45,1003,173,21,6,DBO 2.2,dy2209c003,NaN,NaN,NaN,NaN,NaN,NaN,NaN,NaN,NaN,NaN
2022-09-21T12:00:00Z,42,64.67917,-169.1,1,32.0845,32.0807,25.68279,25.679647,0.7349,0.28351,1.3083,102.24278,101.534904,351.81595,349.377,1.3098,45,1003,173,21,6,DBO 2.2,dy2209c003,20.1,1.23,0.1,5.6,2.63,2,2,2,2,2
2022-09-21T14:05:00Z,0,64.9915,-169.14633,NaN,31.4364,31.4352,24.602945,24.602106,1.3635,NaN,7.0747,98.765465,98.88161,297.01065,297.368,7.0739,48,1001,154,20.8,5.6,DBO 2.5,dy2209c004,NaN,NaN,NaN,NaN,NaN,NaN,NaN,NaN,NaN,NaN
2022-09-21T14:05:00Z,1,64.9915,-169.14633,NaN,31.4364,31.4352,24.602945,24.602106,1.3635,NaN,7.0747,98.765465,98.88161,297.01065,297.368,7.0739,48,1001,154,20.8,5.6,DBO 2.5,dy2209c004,NaN,NaN,NaN,NaN,NaN,NaN,NaN,NaN,NaN,NaN
2022-09-21T14:05:00Z,2,64.9915,-169.14633,NaN,31.4364,31.4352,24.602945,24.602106,1.3635,NaN,7.0747,98.76547,98.88161,297.01065,297.368,7.0739,48,1001,154,20.8,5.6,DBO 2.5,dy2209c004,NaN,NaN,NaN,NaN,NaN,NaN,NaN,NaN,NaN,NaN
2022-09-21T14:05:00Z,3,64.9915,-169.14633,6,31.4364,31.4352,24.602945,24.602106,1.3635,NaN,7.0747,98.76547,98.881615,297.01065,297.368,7.0739,48,1001,154,20.8,5.6,DBO 2.5,dy2209c004,9.1,0.518,0.02,0.6,0.56,2,2,2,2,2
2022-09-21T14:05:00Z,3,64.9915,-169.14633,7,31.4364,31.4352,24.602945,24.602106,1.3635,NaN,7.0747,98.76547,98.881615,297.01065,297.368,7.0739,48,1001,154,20.8,5.6,DBO 2.5,dy2209c004,NaN,NaN,NaN,NaN,NaN,2,2,2,2,2
2022-09-21T14:05:00Z,4,64.9915,-169.14633,NaN,31.4364,31.4352,24.602945,24.602106,1.3635,NaN,7.0747,98.76547,98.881615,297.01065,297.368,7.0739,48,1001,154,20.8,5.6,DBO 2.5,dy2209c004,NaN,NaN,NaN,NaN,NaN,NaN,NaN,NaN,NaN,NaN
2022-09-21T14:05:00Z,5,64.9915,-169.14633,NaN,31.4364,31.4352,24.602945,24.602106,1.3635,1.5055,7.0747,98.76547,98.881615,297.01065,297.368,7.0739,48,1001,154,20.8,5.6,DBO 2.5,dy2209c004,NaN,NaN,NaN,NaN,NaN,NaN,NaN,NaN,NaN,NaN
2022-09-21T14:05:00Z,6,64.9915,-169.14633,NaN,31.4361,31.4349,24.602682,24.601778,1.3614,1.0172,7.0749,98.691864,98.91258,296.7886,297.457,7.0746,48,1001,154,20.8,5.6,DBO 2.5,dy2209c004,NaN,NaN,NaN,NaN,NaN,NaN,NaN,NaN,NaN,NaN
2022-09-21T14:05:00Z,7,64.9915,-169.14633,NaN,31.4363,31.4352,24.602655,24.601961,1.4129,0.56744,7.0763,98.63484,98.86781,296.60715,297.319,7.075,48,1001,154,20.8,5.6,DBO 2.5,dy2209c004,NaN,NaN,NaN,NaN,NaN,NaN,NaN,NaN,NaN,NaN
2022-09-21T14:05:00Z,8,64.9915,-169.14633,NaN,31.4361,31.4348,24.60238,24.601423,1.3519,0.51141,7.0772,98.64333,98.867386,296.62698,297.307,7.0767,48,1001,154,20.8,5.6,DBO 2.5,dy2209c004,NaN,NaN,NaN,NaN,NaN,NaN,NaN,NaN,NaN,NaN
2022-09-21T14:05:00Z,9,64.9915,-169.14633,NaN,31.4362,31.435,24.602486,24.60162,1.4365,0.36106,7.077,98.83905,98.904434,297.21667,297.42,7.0764,48,1001,154,20.8,5.6,DBO 2.5,dy2209c004,NaN,NaN,NaN,NaN,NaN,NaN,NaN,NaN,NaN,NaN
2022-09-21T14:05:00Z,10,64.9915,-169.14633,4,31.4366,31.4351,24.602787,24.601803,1.3872,0.36343,7.0771,98.82668,98.854805,297.17792,297.276,7.0756,48,1001,154,20.8,5.6,DBO 2.5,dy2209c004,8.6,0.507,0.02,0.5,0.57,2,2,2,2,2
2022-09-21T14:05:00Z,10,64.9915,-169.14633,5,31.4366,31.4351,24.602787,24.601803,1.3872,0.36343,7.0771,98.82668,98.854805,297.17792,297.276,7.0756,48,1001,154,20.8,5.6,DBO 2.5,dy2209c004,NaN,NaN,NaN,NaN,NaN,2,2,2,2,2
2022-09-21T14:05:00Z,11,64.9915,-169.14633,NaN,31.4362,31.4349,24.602432,24.601633,1.3542,0.35705,7.0774,98.732796,98.83959,296.89444,297.23,7.0757,48,1001,154,20.8,5.6,DBO 2.5,dy2209c004,NaN,NaN,NaN,NaN,NaN,NaN,NaN,NaN,NaN,NaN
2022-09-21T14:05:00Z,12,64.9915,-169.14633,NaN,31.4362,31.4348,24.602524,24.601305,1.3476,0.29526,7.0767,98.82517,98.8681,297.17697,297.303,7.0776,48,1001,154,20.8,5.6,DBO 2.5,dy2209c004,NaN,NaN,NaN,NaN,NaN,NaN,NaN,NaN,NaN,NaN
2022-09-21T14:05:00Z,13,64.9915,-169.14633,NaN,31.4363,31.4351,24.60259,24.601711,1.326,0.28679,7.0768,98.81793,98.89464,297.1543,297.391,7.0763,48,1001,154,20.8,5.6,DBO 2.5,dy2209c004,NaN,NaN,NaN,NaN,NaN,NaN,NaN,NaN,NaN,NaN
2022-09-21T14:05:00Z,14,64.9915,-169.14633,NaN,31.4365,31.4351,24.602997,24.601988,1.3283,0.28365,7.0749,98.72484,98.89986,296.88687,297.421,7.0742,48,1001,154,20.8,5.6,DBO 2.5,dy2209c004,NaN,NaN,NaN,NaN,NaN,NaN,NaN,NaN,NaN,NaN
2022-09-21T14:05:00Z,15,64.9915,-169.14633,NaN,31.4368,31.4348,24.604483,24.60224,1.3452,0.28328,7.0654,98.76797,98.87196,297.0806,297.363,7.0705,48,1001,154,20.8,5.6,DBO 2.5,dy2209c004,NaN,NaN,NaN,NaN,NaN,NaN,NaN,NaN,NaN,NaN
2022-09-21T14:05:00Z,16,64.9915,-169.14633,NaN,31.4369,31.4363,24.604824,24.604877,1.3442,0.2833,7.0634,98.79398,98.859856,297.17227,297.399,7.0594,48,1001,154,20.8,5.6,DBO 2.5,dy2209c004,NaN,NaN,NaN,NaN,NaN,NaN,NaN,NaN,NaN,NaN
2022-09-21T14:05:00Z,17,64.9915,-169.14633,NaN,31.4373,31.436,24.604574,24.604248,1.3413,0.28328,7.0677,98.81753,98.85281,297.2129,297.358,7.0624,48,1001,154,20.8,5.6,DBO 2.5,dy2209c004,NaN,NaN,NaN,NaN,NaN,NaN,NaN,NaN,NaN,NaN
2022-09-21T14:05:00Z,18,64.9915,-169.14633,NaN,31.437,31.4353,24.603865,24.602434,1.3713,0.2833,7.0713,98.827034,98.76601,297.21762,297.033,7.072,48,1001,154,20.8,5.6,DBO 2.5,dy2209c004,NaN,NaN,NaN,NaN,NaN,NaN,NaN,NaN,NaN,NaN
2022-09-21T14:05:00Z,19,64.9915,-169.14633,NaN,31.4365,31.4354,24.603115,24.603224,1.344,0.28328,7.074,98.81551,98.914764,297.16565,297.517,7.0666,48,1001,154,20.8,5.6,DBO 2.5,dy2209c004,NaN,NaN,NaN,NaN,NaN,NaN,NaN,NaN,NaN,NaN
2022-09-21T14:05:00Z,20,64.9915,-169.14633,3,31.4373,31.4368,24.605375,24.605377,1.3867,0.28328,7.0616,98.67554,98.86506,296.82733,297.419,7.0586,48,1001,154,20.8,5.6,DBO 2.5,dy2209c004,8.5,0.535,0.02,0.5,0.55,2,2,2,2,2
2022-09-21T14:05:00Z,21,64.9915,-169.14633,NaN,31.4375,31.4373,24.606256,24.606874,1.327,0.28328,7.0561,98.6937,98.87296,296.919,297.499,7.0502,48,1001,154,20.8,5.6,DBO 2.5,dy2209c004,NaN,NaN,NaN,NaN,NaN,NaN,NaN,NaN,NaN,NaN
2022-09-21T14:05:00Z,22,64.9915,-169.14633,NaN,31.4389,31.4369,24.60884,24.606821,1.3156,0.28328,7.0448,98.72159,98.88642,297.0768,297.554,7.0482,48,1001,154,20.8,5.6,DBO 2.5,dy2209c004,NaN,NaN,NaN,NaN,NaN,NaN,NaN,NaN,NaN,NaN
2022-09-21T14:05:00Z,23,64.9915,-169.14633,NaN,31.4396,31.438,24.609734,24.608435,1.2893,0.2833,7.0422,98.759544,98.86931,297.2072,297.539,7.0425,48,1001,154,20.8,5.6,DBO 2.5,dy2209c004,NaN,NaN,NaN,NaN,NaN,NaN,NaN,NaN,NaN,NaN
2022-09-21T14:05:00Z,24,64.9915,-169.14633,NaN,31.438,31.4372,24.606714,24.60627,1.2971,0.28329,7.0556,98.648964,98.79688,296.7867,297.243,7.0542,48,1001,154,20.8,5.6,DBO 2.5,dy2209c004,NaN,NaN,NaN,NaN,NaN,NaN,NaN,NaN,NaN,NaN
2022-09-21T14:05:00Z,25,64.9915,-169.14633,NaN,31.4384,31.4378,24.606714,24.606926,1.314,0.28328,7.058,98.7329,98.81608,297.022,297.309,7.0528,48,1001,154,20.8,5.6,DBO 2.5,dy2209c004,NaN,NaN,NaN,NaN,NaN,NaN,NaN,NaN,NaN,NaN
2022-09-21T14:05:00Z,26,64.9915,-169.14633,NaN,31.4387,31.4376,24.608566,24.607819,1.2964,0.28328,7.0457,98.75583,98.90547,297.17416,297.633,7.0448,48,1001,154,20.8,5.6,DBO 2.5,dy2209c004,NaN,NaN,NaN,NaN,NaN,NaN,NaN,NaN,NaN,NaN
2022-09-21T14:05:00Z,27,64.9915,-169.14633,NaN,31.4402,31.4385,24.61157,24.610008,1.3175,0.28328,7.0318,98.160965,98.33166,295.47504,295.981,7.0335,48,1001,154,20.8,5.6,DBO 2.5,dy2209c004,NaN,NaN,NaN,NaN,NaN,NaN,NaN,NaN,NaN,NaN
2022-09-21T14:05:00Z,28,64.9915,-169.14633,NaN,31.4367,31.4405,24.619436,24.623781,1.3258,0.2833,6.9505,97.564255,97.78825,294.2352,294.973,6.9401,48,1001,154,20.8,5.6,DBO 2.5,dy2209c004,NaN,NaN,NaN,NaN,NaN,NaN,NaN,NaN,NaN,NaN
2022-09-21T14:05:00Z,29,64.9915,-169.14633,NaN,31.4559,31.4584,24.661568,24.663626,1.315,0.28328,6.7411,98.61885,98.65938,298.81088,298.933,6.7404,48,1001,154,20.8,5.6,DBO 2.5,dy2209c004,NaN,NaN,NaN,NaN,NaN,NaN,NaN,NaN,NaN,NaN
2022-09-21T14:05:00Z,30,64.9915,-169.14633,2,31.4752,31.4609,24.711578,24.681273,1.2865,0.2833,6.4655,97.47366,97.59472,297.18738,296.545,6.6171,48,1001,154,20.8,5.6,DBO 2.5,dy2209c004,8.4,0.588,0.03,1,0.73,2,2,2,2,2
2022-09-21T14:05:00Z,31,64.9915,-169.14633,NaN,31.5432,31.5414,24.843184,24.836761,1.1896,0.28328,5.8217,99.47902,99.56223,307.73642,307.691,5.8642,48,1001,154,20.8,5.6,DBO 2.5,dy2209c004,NaN,NaN,NaN,NaN,NaN,NaN,NaN,NaN,NaN,NaN
2022-09-21T14:05:00Z,32,64.9915,-169.14633,NaN,31.6021,31.6066,24.94051,24.944519,1.0447,0.28328,5.3798,102.24006,102.72674,319.44873,320.989,5.3758,48,1001,154,20.8,5.6,DBO 2.5,dy2209c004,NaN,NaN,NaN,NaN,NaN,NaN,NaN,NaN,NaN,NaN
2022-09-21T14:05:00Z,33,64.9915,-169.14633,NaN,31.6497,31.6288,25.003555,24.97558,1.1991,0.2833,5.1513,101.71611,102.41762,319.4251,320.888,5.2549,48,1001,154,20.8,5.6,DBO 2.5,dy2209c004,NaN,NaN,NaN,NaN,NaN,NaN,NaN,NaN,NaN,NaN
2022-09-21T14:05:00Z,34,64.9915,-169.14633,NaN,31.6492,31.6476,25.006315,25.005213,1.3766,0.28328,5.1225,102.15162,102.40652,321.01367,321.83,5.121,48,1001,154,20.8,5.6,DBO 2.5,dy2209c004,NaN,NaN,NaN,NaN,NaN,NaN,NaN,NaN,NaN,NaN
2022-09-21T14:05:00Z,35,64.9915,-169.14633,NaN,31.6547,31.6524,25.014774,25.01302,1.4026,0.2833,5.0849,102.11797,102.35516,321.1819,321.938,5.0843,48,1001,154,20.8,5.6,DBO 2.5,dy2209c004,NaN,NaN,NaN,NaN,NaN,NaN,NaN,NaN,NaN,NaN
2022-09-21T14:05:00Z,36,64.9915,-169.14633,NaN,31.6602,31.6572,25.020992,25.018333,1.4551,0.28328,5.0678,101.77426,101.93181,320.218,320.701,5.0704,48,1001,154,20.8,5.6,DBO 2.5,dy2209c004,NaN,NaN,NaN,NaN,NaN,NaN,NaN,NaN,NaN,NaN
2022-09-21T14:05:00Z,37,64.9915,-169.14633,NaN,31.6653,31.6624,25.027225,25.024864,1.4151,0.28329,5.0476,101.45871,101.58996,319.36652,319.782,5.0482,48,1001,154,20.8,5.6,DBO 2.5,dy2209c004,NaN,NaN,NaN,NaN,NaN,NaN,NaN,NaN,NaN,NaN
2022-09-21T14:05:00Z,38,64.9915,-169.14633,NaN,31.6775,31.6747,25.045128,25.042532,1.4105,0.2833,4.9714,101.13884,101.25581,318.90915,319.258,4.9749,48,1001,154,20.8,5.6,DBO 2.5,dy2209c004,NaN,NaN,NaN,NaN,NaN,NaN,NaN,NaN,NaN,NaN
2022-09-21T14:05:00Z,39,64.9915,-169.14633,NaN,31.7057,31.7017,25.08654,25.08243,1.3323,0.28331,4.7926,100.53179,100.744,318.28452,318.898,4.8015,48,1001,154,20.8,5.6,DBO 2.5,dy2209c004,NaN,NaN,NaN,NaN,NaN,NaN,NaN,NaN,NaN,NaN
2022-09-21T14:05:00Z,40,64.9915,-169.14633,NaN,31.7336,31.7304,25.134953,25.131521,1.2272,0.2833,4.5401,100.264786,100.61238,319.30038,320.348,4.5488,48,1001,154,20.8,5.6,DBO 2.5,dy2209c004,NaN,NaN,NaN,NaN,NaN,NaN,NaN,NaN,NaN,NaN
2022-09-21T14:05:00Z,41,64.9915,-169.14633,NaN,31.757,31.7543,25.170383,25.168633,1.2537,0.28331,4.3742,100.0887,100.411606,319.95905,321.028,4.3703,48,1001,154,20.8,5.6,DBO 2.5,dy2209c004,NaN,NaN,NaN,NaN,NaN,NaN,NaN,NaN,NaN,NaN
2022-09-21T14:05:00Z,42,64.9915,-169.14633,NaN,31.7635,31.7609,25.179531,25.177717,1.1696,0.28337,4.3345,99.87551,100.08416,319.5678,320.261,4.332,48,1001,154,20.8,5.6,DBO 2.5,dy2209c004,NaN,NaN,NaN,NaN,NaN,NaN,NaN,NaN,NaN,NaN
2022-09-21T14:05:00Z,43,64.9915,-169.14633,NaN,31.7699,31.7674,25.187763,25.185848,1.0178,0.28344,4.303,99.65506,99.619446,319.08963,318.987,4.3023,48,1001,154,20.8,5.6,DBO 2.5,dy2209c004,NaN,NaN,NaN,NaN,NaN,NaN,NaN,NaN,NaN,NaN
2022-09-21T14:05:00Z,44,64.9915,-169.14633,1,31.7757,31.7737,25.194113,25.192944,1.0237,0.28344,4.2855,99.33171,99.206245,318.1749,317.81,4.2813,48,1001,154,20.8,5.6,DBO 2.5,dy2209c004,14.3,0.848,0.06,2.7,1.46,2,2,2,2,2
2022-09-21T14:05:00Z,45,64.9915,-169.14633,NaN,31.776,31.7683,25.193644,25.184814,0.9514,0.2836,4.2926,99.11704,98.66993,317.43213,315.811,4.3198,48,1001,154,20.8,5.6,DBO 2.5,dy2209c004,NaN,NaN,NaN,NaN,NaN,NaN,NaN,NaN,NaN,NaN
2022-09-21T19:11:00Z,0,64.855835,-168.43266,NaN,31.7215,31.7202,24.99953,24.998482,1.4197,NaN,5.6893,94.62849,94.642784,293.25525,293.301,5.6895,44,995,144,26.3,NaN,NM1,dy2209c005,NaN,NaN,NaN,NaN,NaN,NaN,NaN,NaN,NaN,NaN
2022-09-21T19:11:00Z,1,64.855835,-168.43266,NaN,31.7215,31.7202,24.99953,24.998482,1.4197,NaN,5.6893,94.62849,94.642784,293.25525,293.301,5.6895,44,995,144,26.3,NaN,NM1,dy2209c005,NaN,NaN,NaN,NaN,NaN,NaN,NaN,NaN,NaN,NaN
2022-09-21T19:11:00Z,2,64.855835,-168.43266,NaN,31.7215,31.7202,24.99953,24.998482,1.4197,NaN,5.6893,94.62849,94.64279,293.25525,293.301,5.6895,44,995,144,26.3,NaN,NM1,dy2209c005,NaN,NaN,NaN,NaN,NaN,NaN,NaN,NaN,NaN,NaN
2022-09-21T19:11:00Z,3,64.855835,-168.43266,NaN,31.7215,31.7202,24.99953,24.998482,1.4197,NaN,5.6893,94.62849,94.64279,293.25525,293.301,5.6895,44,995,144,26.3,NaN,NM1,dy2209c005,NaN,NaN,NaN,NaN,NaN,NaN,NaN,NaN,NaN,NaN
2022-09-21T19:11:00Z,4,64.855835,-168.43266,NaN,31.7215,31.7202,24.99953,24.998482,1.4197,NaN,5.6893,94.628494,94.64279,293.25525,293.301,5.6895,44,995,144,26.3,NaN,NM1,dy2209c005,NaN,NaN,NaN,NaN,NaN,NaN,NaN,NaN,NaN,NaN
2022-09-21T19:11:00Z,5,64.855835,-168.43266,NaN,31.7215,31.7202,24.99953,24.998482,1.4197,43.888,5.6893,94.628494,94.64279,293.25525,293.301,5.6895,44,995,144,26.3,NaN,NM1,dy2209c005,NaN,NaN,NaN,NaN,NaN,NaN,NaN,NaN,NaN,NaN
2022-09-21T19:11:00Z,6,64.855835,-168.43266,NaN,31.7215,31.7202,24.99959,24.998585,1.318,32.662,5.6888,94.62311,94.54076,293.242,292.991,5.6886,44,995,144,26.3,NaN,NM1,dy2209c005,NaN,NaN,NaN,NaN,NaN,NaN,NaN,NaN,NaN,NaN
2022-09-21T19:11:00Z,7,64.855835,-168.43266,NaN,31.7217,31.7203,24.999725,24.998665,1.3256,25.28,5.689,94.42945,94.56858,292.64005,293.077,5.6886,44,995,144,26.3,NaN,NM1,dy2209c005,NaN,NaN,NaN,NaN,NaN,NaN,NaN,NaN,NaN,NaN
2022-09-21T19:11:00Z,8,64.855835,-168.43266,NaN,31.7204,31.7204,24.998638,24.998674,1.3381,17.329,5.6895,94.45435,94.59032,292.71658,293.14,5.6892,44,995,144,26.3,NaN,NM1,dy2209c005,NaN,NaN,NaN,NaN,NaN,NaN,NaN,NaN,NaN,NaN
2022-09-21T19:11:00Z,9,64.855835,-168.43266,NaN,31.722,31.7204,24.99995,24.998697,1.3936,14.776,5.6891,94.635414,94.59955,293.27698,293.17,5.689,44,995,144,26.3,NaN,NM1,dy2209c005,NaN,NaN,NaN,NaN,NaN,NaN,NaN,NaN,NaN,NaN
2022-09-21T19:11:00Z,10,64.855835,-168.43266,NaN,31.7219,31.7205,24.999882,24.9988,1.4547,10.181,5.689,94.543945,94.57659,292.99442,293.1,5.6888,44,995,144,26.3,NaN,NM1,dy2209c005,NaN,NaN,NaN,NaN,NaN,NaN,NaN,NaN,NaN,NaN
2022-09-21T19:11:00Z,11,64.855835,-168.43266,NaN,31.7223,31.7207,25.000362,24.99905,1.4344,7.8334,5.6876,94.540504,94.55237,292.99252,293.03,5.688,44,995,144,26.3,NaN,NM1,dy2209c005,NaN,NaN,NaN,NaN,NaN,NaN,NaN,NaN,NaN,NaN
2022-09-21T19:11:00Z,12,64.855835,-168.43266,NaN,31.7233,31.7215,25.001535,25.00002,1.5235,5.6915,5.6843,94.42441,94.44355,292.65326,292.711,5.6851,44,995,144,26.3,NaN,NM1,dy2209c005,NaN,NaN,NaN,NaN,NaN,NaN,NaN,NaN,NaN,NaN
2022-09-21T19:11:00Z,13,64.855835,-168.43266,NaN,31.7236,31.722,25.002087,25.000788,1.4829,4.3237,5.6816,94.32228,94.4639,292.35464,292.795,5.6819,44,995,144,26.3,NaN,NM1,dy2209c005,NaN,NaN,NaN,NaN,NaN,NaN,NaN,NaN,NaN,NaN
2022-09-21T19:11:00Z,14,64.855835,-168.43266,NaN,31.7237,31.7226,25.002176,25.001505,1.4436,3.2625,5.6815,94.39134,94.46675,292.56915,292.817,5.6798,44,995,144,26.3,NaN,NM1,dy2209c005,NaN,NaN,NaN,NaN,NaN,NaN,NaN,NaN,NaN,NaN
2022-09-21T19:11:00Z,15,64.855835,-168.43266,NaN,31.7233,31.7219,25.001698,25.000662,1.4504,2.4206,5.6829,94.45119,94.49149,292.74588,292.878,5.6823,44,995,144,26.3,NaN,NM1,dy2209c005,NaN,NaN,NaN,NaN,NaN,NaN,NaN,NaN,NaN,NaN
2022-09-21T19:11:00Z,16,64.855835,-168.43266,NaN,31.7241,31.7226,25.00268,25.001553,1.4152,2.3146,5.6799,94.41246,94.44038,292.64478,292.738,5.6794,44,995,144,26.3,NaN,NM1,dy2209c005,NaN,NaN,NaN,NaN,NaN,NaN,NaN,NaN,NaN,NaN
2022-09-21T19:11:00Z,17,64.855835,-168.43266,NaN,31.7239,31.7227,25.002462,25.00162,1.4186,1.7185,5.6804,94.33416,94.40938,292.39908,292.641,5.6795,44,995,144,26.3,NaN,NM1,dy2209c005,NaN,NaN,NaN,NaN,NaN,NaN,NaN,NaN,NaN,NaN
2022-09-21T19:11:00Z,18,64.855835,-168.43266,NaN,31.7252,31.7237,25.00428,25.003107,1.4801,1.1379,5.6736,94.12276,94.23031,291.78766,292.125,5.6735,44,995,144,26.3,NaN,NM1,dy2209c005,NaN,NaN,NaN,NaN,NaN,NaN,NaN,NaN,NaN,NaN
2022-09-21T19:11:00Z,19,64.855835,-168.43266,NaN,31.7323,31.7296,25.014425,25.011608,1.519,1.0536,5.6345,93.5243,93.56282,290.184,290.269,5.6404,44,995,144,26.3,NaN,NM1,dy2209c005,NaN,NaN,NaN,NaN,NaN,NaN,NaN,NaN,NaN,NaN
2022-09-21T19:11:00Z,20,64.855835,-168.43266,NaN,31.7407,31.7372,25.024,25.02062,1.5249,0.83615,5.6091,93.234344,93.24635,289.43933,289.448,5.6144,44,995,144,26.3,NaN,NM1,dy2209c005,NaN,NaN,NaN,NaN,NaN,NaN,NaN,NaN,NaN,NaN
2022-09-21T19:11:00Z,21,64.855835,-168.43266,NaN,31.7553,31.7543,25.045965,25.045574,1.2806,0.63552,5.5184,92.94568,92.992165,289.12936,289.3,5.5149,44,995,144,26.3,NaN,NM1,dy2209c005,NaN,NaN,NaN,NaN,NaN,NaN,NaN,NaN,NaN,NaN
2022-09-21T19:11:00Z,22,64.855835,-168.43266,NaN,31.7647,31.7629,25.059093,25.057737,1.1503,0.51872,5.4685,92.31476,92.51514,287.48508,288.117,5.4679,44,995,144,26.3,NaN,NM1,dy2209c005,NaN,NaN,NaN,NaN,NaN,NaN,NaN,NaN,NaN,NaN
2022-09-21T19:11:00Z,23,64.855835,-168.43266,NaN,31.7663,31.7644,25.063631,25.061823,1.0567,0.45403,5.4397,91.76091,92.00316,285.95132,286.692,5.4424,44,995,144,26.3,NaN,NM1,dy2209c005,NaN,NaN,NaN,NaN,NaN,NaN,NaN,NaN,NaN,NaN
2022-09-21T19:11:00Z,24,64.855835,-168.43266,NaN,31.7731,31.7716,25.075201,25.074093,0.9461,0.42706,5.385,91.89169,91.98693,286.7149,287.02,5.3843,44,995,144,26.3,NaN,NM1,dy2209c005,NaN,NaN,NaN,NaN,NaN,NaN,NaN,NaN,NaN,NaN
2022-09-21T19:11:00Z,25,64.855835,-168.43266,NaN,31.7764,31.7747,25.07921,25.077932,0.9235,0.37946,5.3726,92.035965,92.07668,287.2422,287.377,5.372,44,995,144,26.3,NaN,NM1,dy2209c005,NaN,NaN,NaN,NaN,NaN,NaN,NaN,NaN,NaN,NaN
2022-09-21T19:11:00Z,26,64.855835,-168.43266,NaN,31.7781,31.7759,25.080915,25.079165,0.9371,0.32655,5.3694,92.19638,92.13518,287.76102,287.574,5.3695,44,995,144,26.3,NaN,NM1,dy2209c005,NaN,NaN,NaN,NaN,NaN,NaN,NaN,NaN,NaN,NaN
2022-09-21T19:11:00Z,27,64.855835,-168.43266,NaN,31.7791,31.7794,25.082134,25.082901,0.9257,0.31491,5.3656,92.56025,92.48625,288.92053,288.721,5.3609,44,995,144,26.3,NaN,NM1,dy2209c005,NaN,NaN,NaN,NaN,NaN,NaN,NaN,NaN,NaN,NaN
2022-09-21T19:11:00Z,28,64.855835,-168.43266,NaN,31.7848,31.7843,25.090322,25.089422,0.9102,0.28838,5.3329,92.90672,92.76925,290.21423,289.755,5.3374,44,995,144,26.3,NaN,NM1,dy2209c005,NaN,NaN,NaN,NaN,NaN,NaN,NaN,NaN,NaN,NaN
2022-09-21T19:11:00Z,29,64.855835,-168.43266,NaN,31.7915,31.7905,25.100563,25.100107,0.847,0.28383,5.2888,92.95189,92.827484,290.6442,290.278,5.2858,44,995,144,26.3,NaN,NM1,dy2209c005,NaN,NaN,NaN,NaN,NaN,NaN,NaN,NaN,NaN,NaN
2022-09-21T19:11:00Z,30,64.855835,-168.43266,NaN,31.7935,31.7907,25.105082,25.101673,0.871,0.28331,5.2625,92.4873,92.47478,289.3675,289.261,5.2732,44,995,144,26.3,NaN,NM1,dy2209c005,NaN,NaN,NaN,NaN,NaN,NaN,NaN,NaN,NaN,NaN
2022-09-21T19:11:00Z,31,64.855835,-168.43266,NaN,31.7972,31.7953,25.110147,25.108644,0.8082,0.2833,5.2433,92.31461,92.32329,288.95078,288.982,5.2433,44,995,144,26.3,NaN,NM1,dy2209c005,NaN,NaN,NaN,NaN,NaN,NaN,NaN,NaN,NaN,NaN
2022-09-21T19:11:00Z,32,64.855835,-168.43266,NaN,31.7976,31.7955,25.111721,25.109926,0.7431,0.2833,5.232,92.25695,92.35944,288.8468,289.164,5.2332,44,995,144,26.3,NaN,NM1,dy2209c005,NaN,NaN,NaN,NaN,NaN,NaN,NaN,NaN,NaN,NaN
2022-09-21T19:11:00Z,33,64.855835,-168.43266,NaN,31.802,31.801,25.117567,25.117031,0.8632,0.28329,5.2107,92.347626,92.30603,289.26733,289.155,5.2084,44,995,144,26.3,NaN,NM1,dy2209c005,NaN,NaN,NaN,NaN,NaN,NaN,NaN,NaN,NaN,NaN
2022-09-21T19:11:00Z,34,64.855835,-168.43266,NaN,31.8014,31.8002,25.117281,25.115988,0.8799,0.28331,5.209,92.319954,92.23761,289.19363,288.917,5.2121,44,995,144,26.3,NaN,NM1,dy2209c005,NaN,NaN,NaN,NaN,NaN,NaN,NaN,NaN,NaN,NaN
2022-09-21T19:11:00Z,35,64.855835,-168.43266,NaN,31.8059,31.8035,25.123192,25.120848,0.9191,0.28332,5.1878,92.30586,92.25895,289.28528,289.116,5.1918,44,995,144,26.3,NaN,NM1,dy2209c005,NaN,NaN,NaN,NaN,NaN,NaN,NaN,NaN,NaN,NaN
2022-09-21T19:11:00Z,36,64.855835,-168.43266,NaN,31.804,31.8025,25.120924,25.119448,0.9305,0.28327,5.1947,92.18909,92.33159,288.8761,289.308,5.1973,44,995,144,26.3,NaN,NM1,dy2209c005,NaN,NaN,NaN,NaN,NaN,NaN,NaN,NaN,NaN,NaN
2022-09-21T19:11:00Z,37,64.855835,-168.43266,NaN,31.8084,31.8075,25.127016,25.126778,0.9163,0.28332,5.1711,92.32525,92.313484,289.45538,289.45,5.1668,44,995,144,26.3,NaN,NM1,dy2209c005,NaN,NaN,NaN,NaN,NaN,NaN,NaN,NaN,NaN,NaN
2022-09-21T19:11:00Z,38,64.855835,-168.43266,NaN,31.8094,31.8078,25.12794,25.126894,0.9291,0.28338,5.1699,92.359474,92.25295,289.5688,289.252,5.1679,44,995,144,26.3,NaN,NM1,dy2209c005,NaN,NaN,NaN,NaN,NaN,NaN,NaN,NaN,NaN,NaN
2022-09-21T19:11:00Z,39,64.855835,-168.43266,NaN,31.8077,31.8062,25.125975,25.12482,0.9493,0.28344,5.1755,92.46042,92.33005,289.8504,289.447,5.1752,44,995,144,26.3,NaN,NM1,dy2209c005,NaN,NaN,NaN,NaN,NaN,NaN,NaN,NaN,NaN,NaN
2022-09-21T19:11:00Z,40,64.855835,-168.43266,NaN,31.8096,31.8082,25.128395,25.127508,0.9137,0.28346,5.1672,92.44109,92.40039,289.84283,289.732,5.1652,44,995,144,26.3,NaN,NM1,dy2209c005,NaN,NaN,NaN,NaN,NaN,NaN,NaN,NaN,NaN,NaN
2022-09-21T19:11:00Z,41,64.855835,-168.43266,NaN,31.8102,31.8086,25.129158,25.128035,0.9623,0.28356,5.1646,92.38186,92.34452,289.67368,289.569,5.1633,44,995,144,26.3,NaN,NM1,dy2209c005,NaN,NaN,NaN,NaN,NaN,NaN,NaN,NaN,NaN,NaN
2022-09-21T19:11:00Z,42,64.855835,-168.43266,NaN,31.8048,31.8084,25.121965,25.126574,0.9372,0.28364,5.191,92.47436,92.396416,289.7937,289.651,5.1751,44,995,144,26.3,NaN,NM1,dy2209c005,NaN,NaN,NaN,NaN,NaN,NaN,NaN,NaN,NaN,NaN