,Sample_Name,Biological_Replicate,Technical_Replicate,Negative_control,Cruise_ID_short,Cruise_ID_long,Collection_Date_UTC,Collection_Date_local,Collection_Time_UTC,Collection_Time_local,Field_Sample_Name,Cast,Rosette_position,Field_collection_method,Preservation,Area.within.region,Station,Depth_m,Lat,Lon,Sample_volume_ml,Personnel_responsible_for_Collecting_Sample,Field_Notes,Lat_dec,Lon_dec,local_timezone,local_date_combined,utc_date_combined,btl_bottle,btl_oxy_concM_ch1.ml/l,btl_oxy_percentsat_ch1.percent,btl_oxy_conc_ch1.micromole/kg,btl_salinity_ch1.PSU,btl_salinity_ch2.PSU,btl_sigma_t_ch1,btl_sigma_t_ch2,btl_chlor_fluorescence.ugrams/l,btl_temperature_ch1.degree_C,btl_temperature_ch2.degree_C,btl_turbidity,btl_pressure.decibar,btl_latitude.degrees_north,btl_longitude.degrees_east,btl_time.UTC,btl_profile_id,btl_pressure_rounded,ctd_pressure,ctd_latitude (degrees_north),ctd_longitude (degrees_east),ctd_BTLID,ctd_salinity_ch1 (PSU),ctd_salinity_ch2 (PSU),ctd_sigma_t_ch1 (kg m-3),ctd_sigma_t_ch2 (kg m-3),ctd_chlor_fluorescence (ugrams/l),ctd_par (umol m-2 s-1),ctd_temperature_ch1 (degree_C),ctd_oxy_percentsat_ch1 (percent),ctd_oxy_percentsat_ch2 (percent),ctd_oxy_conc_ch1 (umol/kg),ctd_oxy_conc_ch2 (umol/kg),ctd_temperature_ch2 (degree_C),ctd_Water_Depth (dbar),ctd_air_pressure_at_sealevel (mbar),ctd_wind_direction (degrees),ctd_wind_speed (m s-1),ctd_air_temperature (degree_C),ctd_Station_Name,ctd_profile_id,ctd_SI (uM/l),ctd_PO4 (uM/l),ctd_NO2 (uM/l),ctd_NO3 (uM/l),ctd_NH4 (uM/l),ctd_PO4_WOCE_FLAG,ctd_SI_WOCE_FLAG,ctd_NO3_WOCE_FLAG,ctd_NO2_WOCE_FLAG,ctd_NH4_WOCE_FLAG,ctd_time (UTC),ctd_pressure_rounded,nutr_EXPOCODE.n.a.,nutr_Cruise.n.a.,nutr_Station.n.a.,nutr_Section_ID.n.a.,nutr_Station_ID.n.a.,nutr_Cast_number.n.a.,nutr_Rosette_position.n.a.,nutr_Niskin_ID.n.a.,nutr_Niskin_flag.n.a.,nutr_Sample_ID.n.a.,nutr_Date and Time (UTC).n.a.,nutr_Year_UTC.n.a.,nutr_Month_UTC.n.a.,nutr_Day_UTC.n.a.,nutr_Time_UTC.hh:mm:ss,nutr_Latitude.decimal degrees,nutr_Longitude.decimal degrees,nutr_CTDPRES.dbar,nutr_CTDTEMP_ITS90.deg_C,nutr_CTDTEMP_flag.n.a.,nutr_CTDSAL_PSS78.n.a.,nutr_CTDSAL_flag.n.a.,nutr_CTDOXY.umol/kg,nutr_CTDOXY_flag.n.a.,nutr_DIC.umol/kg,nutr_DIC_flag.n.a.,nutr_TA.umol/kg,nutr_TA_flag.n.a.,nutr_Silicate.umol/kg,nutr_Silicate_flag.n.a.,nutr_Phosphate.umol/kg,nutr_Phosphate_flag.n.a.,nutr_Nitrate.umol/kg,nutr_Nitrate_flag.n.a.,nutr_Nitrite.umol/kg,nutr_Nitrite_flag.n.a.,nutr_Ammonium.umol/kg,nutr_Ammonium_flag.n.a.
0,E1087.SKQ2021,1.0,1.0,False,SKQ2021,SKQ21 EcoFOCI DBO,2021-11-12,11/11/21,5:26,20:26,,13,16,Niskin; Sterivex 0.22µm filter,95% EtOH,Chukchi Sea,DBO3.3,9.6,68˚ 11.431' N,167˚ 17.47' W,1000.0,Matt Galaska,,68.19051666666667,-167.29116666666667,Etc/GMT+11,2021-11-11T20:26:00,2021-11-12T07:26:00Z,16,8.3808,96.604,365.538,29.7753,29.7697,23.9315,23.927,0.2625,-1.6097,-1.6105,,9.651,68.1905,-167.29133333333334,2021-11-12T05:25:50Z,13,10.0,10.0,68.1905,-167.29134,13.0,29.7024,29.7055,23.872551,23.875069,0.2746,,-1.6208,96.598,,365.834,,-1.6209,46.0,,,,,,13,11.2,0.829,0.15,0.7,1.5,,,,,,2021-11-12T05:25:50Z,10.0,33BI20211108,SKQ202115s,DBO3-3,DBO3,3,13,13,13,2,31313,2021-11-12T05:35,2021,11,12,5:35:53,68.1916,-167.28992,9.648,-1.6097,2,29.7754,2,365.94,2,1939.3,2,2057.99,2,10.94,2,0.81,2,0.68,2,0.15,2,1.46,2
1,E1105.SKQ2021,1.0,1.0,False,SKQ2021,SKQ21 EcoFOCI DBO,2021-11-14,11/14/21,12:06,3:06,,19,18,Niskin; Sterivex 0.22µm filter,95% EtOH,Bering Sea,DBO1.1,9.8,62˚ 0.00' N,175˚ 04' W,1000.0,Matt Galaska,,62.0,-175.06666666666666,Etc/GMT+12,2021-11-14T03:06:00,2021-11-14T15:06:00Z,18,6.9167,89.506,301.044,32.6553,32.6522,26.0909,26.0885,0.2923,2.0344,2.0333,,9.516,62.0115,-175.06016666666667,2021-11-14T12:08:40Z,19,10.0,10.0,62.0115,-175.06017,,32.6578,32.6531,26.092958,26.089321,0.3168,,2.0337,89.614,,301.411,,2.032,79.0,,,,,,19,,,,,,,,,,,2021-11-14T12:08:40Z,10.0,33BI20211108,SKQ202115s,DBO1-1,DBO1,1,19,16,16,2,11916,2021-11-14T12:28,2021,11,14,12:28:12,62.01364,-175.0583,10.695,2.0344,2,32.6553,2,301.06,2,2100.41,2,2211.22,2,32.35,2,1.63,2,16.47,2,0.08,2,0.14,2
2,E1117.SKQ2021,1.0,1.0,False,SKQ2021,SKQ21 EcoFOCI DBO,2021-11-14,11/14/21,22:19,13:19,,23,18,Niskin; Sterivex 0.22µm filter,95% EtOH,Bering Sea,DBO1.5,9.8,62˚ 28.1' N,174˚ 5.07' W,1000.0,Matt Galaska,,62.468333333333334,-174.0845,Etc/GMT+12,2021-11-14T13:19:00,2021-11-15T01:19:00Z,18,7.3993,92.555,322.217,31.8985,32.1447,25.5571,25.7551,0.8402,0.9095,0.9091,,9.903,62.468333333333334,-174.08483333333334,2021-11-14T22:16:55Z,23,10.0,10.0,62.468334,-174.08484,16.0,32.1408,32.1347,25.754272,25.749453,0.8054,,0.8683,93.056,,323.7,,0.8668,67.0,,,,,,23,25.7,1.599,0.16,8.2,3.77,,,,,,2021-11-14T22:16:55Z,10.0,33BI20211108,SKQ202115s,DBO1-5,DBO1,5,23,16,16,2,52316,2021-11-14T22:31,2021,11,14,22:31:59,62.469,-174.08402,10.134,0.9119,2,31.8955,2,322.38,2,2080.12,2,2175,2,25.06,2,1.56,2,8,2,0.16,2,3.68,2
3,E1084.SKQ2021,1.0,1.0,False,SKQ2021,SKQ21 EcoFOCI DBO,2021-11-12,11/11/21,3:15,18:15,,11,11,Niskin; Sterivex 0.22µm filter,95% EtOH,Arctic Ocean,DBO3.2,9.9,68˚ 15.04' N,167˚ 7.305' W,1000.0,Matt Galaska,,68.25066666666666,-167.12175,America/Anchorage,2021-11-11T18:15:00,2021-11-12T03:15:00Z,11,8.4031,96.745,366.54,29.6759,29.6651,23.8512,23.8424,0.3634,-1.6278,-1.6288,,9.924,68.24933333333334,-167.12333333333333,2021-11-12T03:14:11Z,11,10.0,10.0,68.24934,-167.12334,10.0,29.7071,29.6879,23.876392,23.860825,0.3094,,-1.6227,96.503,,365.481,,-1.6242,43.0,,,,,,11,10.2,0.748,0.14,0.6,1.47,,,,,,2021-11-12T03:14:11Z,10.0,33BI20211108,SKQ202115s,DBO3-2,DBO3,2,11,10,10,2,21110,2021-11-12T03:23,2021,11,12,3:23:39,68.25122,-167.12066,9.921,-1.6277,2,29.6781,2,366.61,2,1942.38,2,2051.13,2,9.96,2,0.73,2,0.59,2,0.14,2,1.44,2
4,E1111.SKQ2021,1.0,1.0,False,SKQ2021,SKQ21 EcoFOCI DBO,2021-11-14,11/14/21,17:01,8:01,,21,18,Niskin; Sterivex 0.22µm filter,95% EtOH,Bering Sea,DBO1.3,9.9,62˚ 13.2' N,174˚ 52.67' W,1000.0,Matt Galaska,,62.22,-174.87783333333334,Etc/GMT+12,2021-11-14T08:01:00,2021-11-14T20:01:00Z,18,7.1709,91.967,312.132,32.5381,32.5347,26.0201,26.0175,0.4556,1.7116,1.7094,,10.258,62.220166666666664,-174.878,2021-11-14T17:01:40Z,21,10.0,10.0,62.220165,-174.878,16.0,32.5418,32.536,26.022879,26.018396,0.4169,,1.7142,92.081,,312.492,,1.7118,75.0,,,,,,21,27.2,1.507,0.08,11.6,0.67,,,,,,2021-11-14T17:01:40Z,10.0,33BI20211108,SKQ202115s,DBO1-3,DBO1,3,21,16,16,2,32116,2021-11-14T17:17,2021,11,14,17:17:23,62.22062,-174.87708,10.412,1.7129,2,32.5385,2,311.7,2,2088.09,2,2206.08,2,26.51,2,1.47,2,11.31,2,0.08,2,0.65,2
5,E1081.SKQ2021,1.0,1.0,False,SKQ2021,SKQ21 EcoFOCI DBO,2021-11-12,11/11/21,1:21,16:21,,10,6,Niskin; Sterivex 0.22µm filter,95% EtOH,Chukchi Sea,DBO3.1,10.0,68˚ 18.240' N,166˚ 55.762' W,1000.0,Matt Galaska,,68.304,-166.92936666666668,America/Anchorage,2021-11-11T16:21:00,2021-11-12T01:21:00Z,6,8.3482,96.307,364.122,29.7578,29.743,23.9169,23.9051,0.4551,-1.575,-1.5887,,10.204,68.304,-166.92883333333333,2021-11-12T01:18:18Z,10,10.0,10.0,68.304,-166.92883,5.0,29.7205,29.7064,23.886913,23.875523,0.3925,,-1.5965,96.419,,364.861,,-1.6005,33.0,,,,,,10,15.9,1.019,0.21,2.2,2.1,,,,,,2021-11-12T01:18:18Z,10.0,33BI20211108,SKQ202115s,DBO3-1,DBO3,1,10,5,5,2,11005,2021-11-12T01:25,2021,11,12,1:25:40,68.30438,-166.93262,10.258,-1.5808,2,29.723,2,363.13,2,1982.32,2,2084.42,2,15.53,2,1,2,2.15,2,0.21,2,2.05,2
6,E1070.SKQ2021,1.0,1.0,False,SKQ2021,SKQ21 EcoFOCI DBO,2021-11-10,11/10/21,12:18,3:18,,6,14,Niskin; Sterivex 0.22µm filter,95% EtOH,Chukchi Sea,CEO,10.0,71˚ 35.45' N,161˚ 31.49' W,1000.0,Matt Galaska,,71.59083333333334,-161.52483333333333,Etc/GMT+11,2021-11-10T03:18:00,2021-11-10T14:18:00Z,14,7.9022,91.498,344.434,30.615,30.6103,24.6142,24.6104,0.1215,-1.6639,-1.6649,,10.203,71.59116666666667,-161.523,2021-11-10T12:13:45Z,6,10.0,10.0,71.59116,-161.523,13.0,30.6217,30.6095,24.619558,24.609682,0.144,,-1.6587,94.754,,356.619,,-1.6607,46.0,,,,,,6,6.2,0.851,0.11,1.6,1.59,,,,,,2021-11-10T12:13:45Z,10.0,33BI20211108,SKQ202115s,CEO,CEO,,6,13,13,2,613,2021-11-10T12:26,2021,11,10,12:26:08,71.59002,-161.5297,10.192,-1.6639,2,30.6167,2,347.63,2,2005.81,2,2113.08,2,6.05,2,0.83,2,1.56,2,0.11,2,1.55,2
7,E1090.SKQ2021,1.0,1.0,False,SKQ2021,SKQ21 EcoFOCI DBO,2021-11-12,11/11/21,,,,14,20,Niskin; Sterivex 0.22µm filter,95% EtOH,Chukchi Sea,DBO3.4,10.0,68˚ 7.00' N,167˚ 29' W,1000.0,Matt Galaska,,68.11666666666666,-167.48333333333332,Etc/GMT+11,,,20,8.4023,96.912,366.495,29.7175,29.7089,23.8841,23.8773,0.1892,-1.5721,-1.581,,9.936,68.1325,-167.48783333333333,2021-11-12T07:05:36Z,14,10.0,10.0,68.1325,-167.48784,17.0,29.7225,29.7054,23.88888,23.875015,0.1906,,-1.6217,96.955,,367.137,,-1.623,49.0,,,,,,14,12.2,0.864,0.16,1.3,1.65,,,,,,2021-11-12T07:05:36Z,10.0,33BI20211108,SKQ202115s,DBO3-4,DBO3,4,14,17,17,2,41417,2021-11-12T07:17,2021,11,12,7:17:54,68.13266,-167.48838,9.933,-1.6187,2,29.7144,2,366.9,2,1950.45,2,2057.87,2,11.91,2,0.84,2,1.27,2,0.16,2,1.61,2
8,E1067.SKQ2021,1.0,1.0,False,SKQ2021,SKQ21 EcoFOCI DBO,2021-11-10,11/10/21,10:26,1:26,,5,11,Niskin; Sterivex 0.22µm filter,95% EtOH,Chukchi Sea,DBO4.4,10.0,71˚ 35.34' N,161˚ 24.35' W,1000.0,Matt Galaska,,71.589,-161.40583333333333,Etc/GMT+11,2021-11-10T01:26:00,2021-11-10T12:26:00Z,11,8.2295,95.335,358.677,30.6967,30.6906,24.6806,24.6757,0.0831,-1.667,-1.6681,,10.315,71.589,-161.4065,2021-11-10T10:27:49Z,5,10.0,10.0,71.589,-161.4065,10.0,30.6949,30.6866,24.679108,24.672386,0.0768,,-1.665,95.22,,358.224,,-1.6662,48.0,,,,,,5,6.5,0.853,0.12,1.6,1.85,,,,,,2021-11-10T10:27:49Z,10.0,33BI20211108,SKQ202115s,DBO4-4,DBO4,4,5,10,10,2,40510,2021-11-10T10:39,2021,11,10,10:39:04,71.58884,-161.41152,10.33,-1.6667,2,30.6918,2,357.89,2,2002.78,2,2122.75,2,6.34,2,0.83,2,1.56,2,0.12,2,1.81,2
9,E1102.SKQ2021,1.0,1.0,False,SKQ2021,SKQ21 EcoFOCI DBO,2021-11-14,11/14/21,9:51,0:51,,18,17,Niskin; Sterivex 0.22µm filter,95% EtOH,Bering Sea,M8,10.0,62˚ 12.08' N,174˚ 40.80' W,1000.0,Matt Galaska,,62.20133333333333,-174.68,Etc/GMT+12,2021-11-14T00:51:00,2021-11-14T12:51:00Z,17,7.2551,92.324,315.821,32.4203,32.4168,25.9441,25.9413,0.5766,1.4375,1.4362,,10.142,62.20133333333333,-174.68,2021-11-14T09:53:49Z,18,10.0,10.0,62.201332,-174.68,16.0,32.4281,32.4205,25.948563,25.942537,0.5306,,1.4641,92.0,,314.483,,1.463,73.0,,,,,,18,27.9,1.51,0.09,10.9,1.57,,,,,,2021-11-14T09:53:49Z,10.0,33BI20211108,SKQ202115s,M8,M8,,18,16,16,2,1816,2021-11-14T10:11,2021,11,14,10:11:45,62.20178,-174.67922,10.127,1.4392,2,32.4206,2,315.45,2,2085.85,2,2202.91,2,27.19,2,1.47,2,10.62,2,0.09,2,1.53,2
10,E1064.SKQ2021,1.0,1.0,False,SKQ2021,SKQ21 EcoFOCI DBO,2021-11-10,11/9/21,7:19,22:19,,4,11,Niskin; Sterivex 0.22µm filter,95% EtOH,Chukchi Sea,DBO4.3,10.0,71˚ 27.26' N,161˚ 2.363' W,1000.0,Matt Galaska,,71.45433333333334,-161.03938333333335,Etc/GMT+11,2021-11-09T22:19:00,2021-11-10T09:19:00Z,11,8.2945,96.567,361.495,30.7504,30.7382,24.7212,24.7117,0.1095,-1.4981,-1.5196,,10.307,71.45433333333334,-161.03933333333333,2021-11-10T07:21:59Z,4,10.0,10.0,71.45433,-161.03934,10.0,30.7468,30.7336,24.718752,24.70808,0.0744,,-1.5209,96.387,,361.053,,-1.5232,47.0,,,,,,4,8.2,0.912,0.16,1.8,2.23,,,,,,2021-11-10T07:21:59Z,10.0,33BI20211108,SKQ202115s,DBO4-3,DBO4,3,4,10,10,2,30410,2021-11-10T07:33,2021,11,10,7:33:02,71.4544,-161.03938,10.284,-1.5217,2,30.7434,2,361.61,2,2008.03,2,2123.96,2,8,2,0.89,2,1.76,2,0.16,2,2.18,2
11,E1099.SKQ2021,1.0,1.0,False,SKQ2021,SKQ21 EcoFOCI DBO,2021-11-12,11/12/21,15:39,6:39,,17,20,Niskin; Sterivex 0.22µm filter,95% EtOH,Chukchi Sea,DBO3.7,10.0,67˚ 46.97' N,168˚ 35.698' W,1000.0,Matt Galaska,,67.78283333333333,-168.59496666666666,Etc/GMT+11,2021-11-12T06:39:00,2021-11-12T17:39:00Z,20,7.8748,92.246,343.221,30.697,30.6912,24.673,24.6683,0.3376,-1.2567,-1.2577,,10.216,67.783,-168.59516666666667,2021-11-12T15:38:01Z,17,10.0,10.0,67.783,-168.59517,17.0,30.6864,30.6754,24.662867,24.653994,0.2684,,-1.1895,92.689,,344.269,,-1.1913,50.0,,,,,,17,24.1,1.218,0.23,5.3,3.53,,,,,,2021-11-12T15:38:01Z,10.0,33BI20211108,SKQ202115s,DBO3-7,DBO3,7,17,17,17,2,71717,2021-11-12T15:49,2021,11,12,15:49:35,67.78304,-168.5963,10.213,-1.2614,2,30.6905,2,343.61,2,2034.37,2,2122.68,2,23.52,2,1.19,2,5.17,2,0.22,2,3.44,2
12,E1108.SKQ2021,1.0,1.0,False,SKQ2021,SKQ21 EcoFOCI DBO,2021-11-14,11/14/21,14:06,5:06,,20,18,Niskin; Sterivex 0.22µm filter,95% EtOH,Bering Sea,DBO1.2,10.0,62˚ 2.957' N,175˚ 12.518' W,1000.0,Matt Galaska,,62.049283333333335,-175.20863333333332,Etc/GMT+12,2021-11-14T05:06:00,2021-11-14T17:06:00Z,18,6.7195,86.902,292.448,32.7087,32.7057,26.1365,26.1342,0.2487,1.9962,1.9952,,9.925,62.048833333333334,-175.209,2021-11-14T14:08:01Z,20,10.0,10.0,62.048832,-175.209,16.0,32.7143,32.7038,26.142641,26.13437,0.2358,,1.9733,86.984,,292.883,,1.9714,80.0,,,,,,20,37.9,1.889,0.04,20.1,0.1,,,,,,2021-11-14T14:08:01Z,10.0,33BI20211108,SKQ202115s,DBO1-2,DBO1,2,20,16,16,2,22016,2021-11-14T14:23,2021,11,14,14:23:00,62.05122,-175.20654,9.757,1.9974,2,32.7088,2,292.57,2,2116.48,2,2210.97,2,36.93,2,1.84,2,19.59,2,0.04,2,0.1,2
13,E1061.SKQ2021,1.0,1.0,False,SKQ2021,SKQ21 EcoFOCI DBO,2021-11-10,11/9/21,4:55,19:55,,3,11,Niskin; Sterivex 0.22µm filter,95% EtOH,Chukchi Sea,DBO4.2,10.0,71˚ 19.308' N,160˚ 39.4' W,1000.0,Matt Galaska,,71.3218,-160.65666666666667,Etc/GMT+11,2021-11-09T19:55:00,2021-11-10T06:55:00Z,11,8.0981,98.183,352.974,30.664,30.6593,24.6053,24.6016,0.1691,0.043,0.0427,,10.251,71.32183333333333,-160.65683333333334,2021-11-10T04:54:19Z,3,10.0,10.0,71.32183,-160.65683,10.0,30.6929,30.6825,24.632223,24.624063,0.1671,,-0.0461,95.909,,345.538,,-0.0519,48.0,,,,,,3,15.4,1.075,0.42,1.9,3.11,,,,,,2021-11-10T04:54:19Z,10.0,33BI20211108,SKQ202115s,DBO4-2,DBO4,2,3,10,10,2,20310,2021-11-10T05:07,2021,11,10,5:07:19,71.32166,-160.65658,10.238,0.0427,2,30.663,2,351.84,2,2031,2,-999,9,15.03,2,1.05,2,1.85,2,0.41,2,3.04,2
14,E1058.SKQ2021,1.0,1.0,False,SKQ2021,SKQ21 EcoFOCI DBO,2021-11-10,11/9/21,2:39,17:39,,2,14,Niskin; Sterivex 0.22µm filter,95% EtOH,Chukchi Sea,DBO4.1,10.0,71˚ 11.589' N,160˚ 15.884' W,1000.0,Matt Galaska,,71.19315,-160.26473333333334,Etc/GMT+11,2021-11-09T17:39:00,2021-11-10T04:39:00Z,14,7.5784,92.471,330.31,30.7272,30.7227,24.6467,24.6431,0.3726,0.2692,0.2665,,9.922,71.1935,-160.26483333333334,2021-11-10T02:43:21Z,2,10.0,10.0,71.1935,-160.26483,13.0,30.7358,30.7211,24.653498,24.641777,0.2986,,0.2719,93.229,,332.973,,0.2691,53.0,,,,,,2,16.5,1.038,0.44,1.6,3.05,,,,,,2021-11-10T02:43:21Z,10.0,33BI20211108,SKQ202115s,DBO4-1,DBO4,1,2,13,13,2,10213,2021-11-10T02:55,2021,11,10,2:55:47,71.19408,-160.26516,9.947,0.2655,2,30.7273,2,330.93,2,2041.1,2,2146.94,2,16.1,2,1.01,2,1.56,2,0.43,2,2.98,2
15,E1138.SKQ2021,1.0,1.0,False,SKQ2021,SKQ21 EcoFOCI DBO,2021-11-16,11/15/21,0:44,15:44,,30,12,Niskin; Sterivex 0.22µm filter,95% EtOH,Bering Sea,DBO2.2,10.0,64˚ 40.8' N,169˚ 6.04' W,1000.0,Matt Galaska,,64.68,-169.10066666666665,Etc/GMT+11,2021-11-15T15:44:00,2021-11-16T02:44:00Z,12,7.8232,93.326,340.588,32.1302,32.1257,25.8263,25.8228,0.5651,-0.9565,-0.9574,,10.022,64.68033333333334,-169.10066666666665,2021-11-16T00:44:10Z,30,10.0,10.0,64.680336,-169.10066,10.0,32.1327,32.1193,25.828503,25.8177,0.5317,,-0.96,93.903,,342.719,,-0.9616,44.0,,,,,,30,29.9,1.817,0.16,12.4,3.28,,,,,,2021-11-16T00:44:10Z,10.0,33BI20211108,SKQ202115s,DBO2-2,DBO2,2,30,10,10,2,23010,2021-11-16T00:52,2021,11,16,0:52:53,64.68028,-169.10058,10.104,-0.9504,2,32.1314,2,341.91,2,2081.54,2,2188.06,2,29.15,2,1.77,2,12.09,2,0.16,2,3.2,2
16,E1055.SKQ2021,1.0,1.0,False,SKQ2021,SKQ21 EcoFOCI DBO,2021-11-08,11/8/21,22:04,13:04,,1,16,Niskin; Sterivex 0.22µm filter,95% EtOH,Chukchi Sea,DBO3.8,10.0,67˚ 40.598' N,168˚ 56.97' W,1000.0,Matt Galaska,,67.67663333333333,-168.9495,Etc/GMT+11,2021-11-08T13:04:00,2021-11-09T00:04:00Z,,,,,,,,,,,,,,,,,,,,,,,,,,,,,,,,,,,,,,,,,,,,,,,,,,,,,,33BI20211108,SKQ202115s,DBO3-8,DBO3,8,1,15,15,2,80115,2021-11-08T22:13,2021,11,8,22:13:31,67.6768,-168.94844,10.312,-0.3404,2,30.6082,2,351.32,2,2019.03,2,2115.12,2,16.59,2,1.05,2,3.42,2,0.19,2,3.19,2
17,E1073.SKQ2021,1.0,1.0,False,SKQ2021,SKQ21 EcoFOCI DBO,2021-11-10,11/10/21,14:34,5:34,,7,11,Niskin; Sterivex 0.22µm filter,95% EtOH,Arctic Ocean,DBO4.5,10.0,71˚ 43.12' N,161˚ 46.483' W,1000.0,Matt Galaska,,71.71866666666666,-161.77471666666668,Etc/GMT+11,2021-11-10T05:34:00,2021-11-10T16:34:00Z,11,8.0945,93.567,352.882,30.3778,30.3724,24.4216,24.4172,0.1485,-1.6638,-1.6647,,9.983,71.71916666666667,-161.77433333333335,2021-11-10T14:33:01Z,7,10.0,10.0,71.71917,-161.77434,10.0,30.5317,30.5288,24.54665,24.54432,0.092,,-1.6704,94.092,,354.494,,-1.672,44.0,,,,,,7,3.7,0.747,0.05,1.1,0.93,,,,,,2021-11-10T14:33:01Z,10.0,33BI20211108,SKQ202115s,DBO4-5,DBO4,5,7,10,10,2,50710,2021-11-10T14:42,2021,11,10,14:42:39,71.7184,-161.77926,9.97,-1.6633,2,30.3774,2,355.73,2,1962.14,2,2096.93,2,3.61,2,0.73,2,1.07,2,0.05,2,0.91,2
18,E1079.SKQ2021,1.0,1.0,False,SKQ2021,SKQ21 EcoFOCI DBO,2021-11-11,11/10/21,5:10,20:10,,9,11,Niskin; Sterivex 0.22µm filter,95% EtOH,Chukchi Sea,C2,10.0,71˚ 0.00' N,164˚ 0.00' W,1000.0,Matt Galaska,,71.0,-164.0,Etc/GMT+11,2021-11-10T20:10:00,2021-11-11T07:10:00Z,11,7.7277,92.732,336.708,31.1133,31.1091,24.9873,24.9839,0.1485,-0.4661,-0.4665,,10.227,71.21833333333333,-164.24283333333332,2021-11-11T05:08:13Z,9,10.0,10.0,71.21833,-164.24283,10.0,31.1364,31.1254,25.005898,24.997068,0.1465,,-0.4631,92.333,,335.168,,-0.4648,44.0,,,,,,9,15.0,1.043,0.46,1.9,3.05,,,,,,2021-11-11T05:08:13Z,10.0,,,,,,,,,,,,,,,,,,,,,,,,,,,,,,,,,,,,,,
19,E1093.SKQ2021,1.0,1.0,False,SKQ2021,SKQ21 EcoFOCI DBO,2021-11-12,11/12/21,9:37,0:37,,15,20,Niskin; Sterivex 0.22µm filter,95% EtOH,Chukchi Sea,DBO3.5,10.2,68˚ 0.78' N,167˚ 53.12' W,1000.0,Matt Galaska,,68.013,-167.88533333333334,Etc/GMT+11,2021-11-12T00:37:00,2021-11-12T11:37:00Z,20,8.1761,94.711,356.369,30.6313,30.6248,24.6272,24.622,0.3324,-1.6523,-1.6541,,10.211,68.01316666666666,-167.87933333333334,2021-11-12T09:39:57Z,15,10.0,10.0,68.01317,-167.87933,,30.4355,30.4351,24.468372,24.468063,0.3264,,-1.6605,95.679,,360.648,,-1.6616,52.0,,,,,,15,,,,,,,,,,,2021-11-12T09:39:57Z,10.0,,,,,,,,,,,,,,,,,,,,,,,,,,,,,,,,,,,,,,
20,E1114.SKQ2021,1.0,1.0,False,SKQ2021,SKQ21 EcoFOCI DBO,2021-11-14,11/14/21,18:58,9:58,,22,18,Niskin; Sterivex 0.22µm filter,95% EtOH,Bering Sea,DBO1.4,10.2,62˚ 23.42' N,174˚ 34.296' W,1000.0,Matt Galaska,,62.39033333333333,-174.5716,Etc/GMT+12,2021-11-14T09:58:00,2021-11-14T21:58:00Z,18,7.3642,92.127,320.595,32.2735,32.1256,25.8641,25.7451,0.7634,0.8128,0.8145,,10.146,62.39033333333333,-174.57166666666666,2021-11-14T19:01:37Z,22,10.0,10.0,62.390335,-174.57167,16.0,32.2777,32.2722,25.866755,25.862398,0.6489,,0.8262,92.101,,320.386,,0.825,70.0,,,,,,22,30.4,1.733,0.09,11.3,3.46,,,,,,2021-11-14T19:01:37Z,10.0,33BI20211108,SKQ202115s,DBO1-4,DBO1,4,22,16,16,2,42216,2021-11-14T19:16,2021,11,14,19:16:47,62.39048,-174.57154,10.0,0.8147,2,32.274,2,320.69,2,2096.22,2,2190.65,2,29.63,2,1.69,2,11.01,2,0.09,2,3.37,2
21,E1144.SKQ2021,1.0,1.0,False,SKQ2021,SKQ21 EcoFOCI DBO,2021-11-16,11/16/21,10:31,1:31,,33,12,Niskin; Sterivex 0.22µm filter,95% EtOH,Bering Sea,DBO2.4,10.2,64˚ 57.53' N,169˚ 52.82' W,1000.0,Matt Galaska,,64.95883333333333,-169.88033333333334,Etc/GMT+11,2021-11-16T01:31:00,2021-11-16T12:31:00Z,12,7.2751,87.02,316.818,31.7609,31.7563,25.521,25.5174,0.4396,-0.7583,-0.7604,,10.269,64.9585,-169.88,2021-11-16T10:30:20Z,33,10.0,10.0,64.9585,-169.88,10.0,31.7672,31.7566,25.525799,25.51727,0.437,,-0.7494,87.032,,316.77,,-0.7509,48.0,,,,,,33,23.1,1.686,0.18,7.9,3.44,,,,,,2021-11-16T10:30:20Z,10.0,33BI20211108,SKQ202115s,DBO2-4,DBO2,4,33,10,10,2,43310,2021-11-16T10:41,2021,11,16,10:41:34,64.96015,-169.88294,10.41,-0.7593,2,31.7609,2,315.74,2,2083.21,2,2168.78,2,22.52,2,1.64,2,7.7,2,0.18,2,3.35,2
22,E1146.SKQ2021,1.0,1.0,False,SKQ2021,SKQ21 EcoFOCI DBO,2021-11-16,11/16/21,16:31,7:31,,34,9,Niskin; Sterivex 0.22µm filter,95% EtOH,Bering Sea,DBO2.3,10.2,64˚ 40.19' N,168˚ 14.14' W,1000.0,Matt Galaska,,64.66983333333333,-168.23566666666667,Etc/GMT+11,2021-11-16T07:31:00,2021-11-16T18:31:00Z,9,7.5916,93.547,330.541,32.0632,32.0586,25.7224,25.7187,0.4172,0.2878,0.2871,,10.198,64.66983333333333,-168.23583333333335,2021-11-16T16:33:52Z,34,10.0,10.0,64.66983,-168.23584,7.0,32.0659,32.0579,25.724808,25.718433,0.5167,,0.2831,93.638,,330.894,,0.2816,38.0,,,,,,34,17.3,1.305,0.13,6.3,2.17,,,,,,2021-11-16T16:33:52Z,10.0,33BI20211108,SKQ202115s,DBO2-3,DBO2,3,34,7,7,2,33407,2021-11-16T16:40,2021,11,16,16:40:36,64.66986,-168.23568,10.136,0.2792,2,32.0631,2,331.17,2,2057.25,2,2187.73,2,16.87,2,1.27,2,6.14,2,0.13,2,2.12,2
23,E1096.SKQ2021,1.0,1.0,False,SKQ2021,SKQ21 EcoFOCI DBO,2021-11-12,11/12/21,12:56,3:56,,16,20,Niskin; Sterivex 0.22µm filter,95% EtOH,Chukchi Sea,DBO3.6,10.3,68˚ 53.00' N,167˚ 13' W,1000.0,Matt Galaska,,68.88333333333334,-167.21666666666667,Etc/GMT+11,2021-11-12T03:56:00,2021-11-12T14:56:00Z,20,8.1761,95.044,356.382,30.5944,30.5883,24.5949,24.5899,0.255,-1.5132,-1.5127,,10.297,67.90133333333333,-168.23633333333333,2021-11-12T12:57:06Z,16,10.0,10.0,67.90134,-168.23633,17.0,30.5901,30.5709,24.592676,24.577114,0.2125,,-1.5845,94.826,,356.261,,-1.586,57.0,,,,,,16,19.6,1.09,0.28,3.2,2.79,,,,,,2021-11-12T12:57:06Z,10.0,33BI20211108,SKQ202115s,DBO3-6,DBO3,6,16,17,17,2,61617,2021-11-12T13:09,2021,11,12,13:09:18,67.90128,-168.23746,10.292,-1.5319,2,30.5898,2,356.89,2,2004.07,2,2106.31,2,19.13,2,1.06,2,3.12,2,0.27,2,2.72,2
24,E1141.SKQ2021,1.0,1.0,False,SKQ2021,SKQ21 EcoFOCI DBO,2021-11-16,11/15/21,7:03,22:03,,32,12,Niskin; Sterivex 0.22µm filter,95% EtOH,Bering Sea,DBO2.5,10.4,64˚ 59.39' N,169˚ 8.39' W,1000.0,Matt Galaska,,64.98983333333334,-169.13983333333334,Etc/GMT+11,2021-11-15T22:03:00,2021-11-16T09:03:00Z,12,7.787,92.68,339.047,31.9925,31.987,25.7163,25.7119,0.4167,-1.0062,-1.0068,,10.457,64.98983333333334,-169.14016666666666,2021-11-16T07:01:37Z,32,10.0,10.0,64.98983,-169.14017,10.0,32.0041,31.9855,25.725433,25.710405,0.4335,,-0.9958,92.685,,338.938,,-0.9971,48.0,,,,,,32,26.3,1.79,0.19,11.4,3.24,,,,,,2021-11-16T07:01:37Z,10.0,33BI20211108,SKQ202115s,DBO2-5,DBO2,5,32,10,10,2,53210,2021-11-16T07:11,2021,11,16,7:11:02,64.99014,-169.1382,10.19,-1.006,2,31.9926,2,339.08,2,2087.03,2,2172.94,2,25.64,2,1.75,2,11.11,2,0.19,2,3.16,2
25,E1135.SKQ2021,1.0,1.0,False,SKQ2021,SKQ21 EcoFOCI DBO,2021-11-15,11/15/21,21:20,12:20,,29,12,Niskin; Sterivex 0.22µm filter,95% EtOH,Bering Sea,DBO2.1,10.4,64˚ 40.21' N,169˚ 55.122' W,1000.0,Matt Galaska,,64.67016666666666,-169.9187,Etc/GMT+11,2021-11-15T12:20:00,2021-11-15T23:20:00Z,12,7.1196,86.102,309.989,32.0262,32.0219,25.7233,25.7197,0.3359,-0.4152,-0.414,,10.459,64.67016666666666,-169.92033333333333,2021-11-15T21:21:25Z,29,10.0,10.0,64.670166,-169.92033,10.0,32.0349,32.021,25.72977,25.718607,0.3495,,-0.402,86.258,,310.421,,-0.4038,47.0,,,,,,29,28.6,1.785,0.18,11.2,3.37,,,,,,2021-11-15T21:21:25Z,10.0,33BI20211108,SKQ202115s,DBO2-1,DBO2,1,29,10,10,2,12910,2021-11-15T21:32,2021,11,15,21:32:25,64.66994,-169.9205,10.445,-0.4109,2,32.0268,2,309.1,2,2092.4,2,2177.65,2,27.88,2,1.74,2,10.92,2,0.18,2,3.29,2
26,E1076.SKQ2021,1.0,1.0,False,SKQ2021,SKQ21 EcoFOCI DBO,2021-11-10,11/10/21,18:39,9:39,,8,11,Niskin; Sterivex 0.22µm filter,95% EtOH,Arctic Ocean,DBO4.6,10.5,71˚ 51.042' N,162˚ 10.215' W,1000.0,Matt Galaska,,71.8507,-162.17025,Etc/GMT+11,2021-11-10T09:39:00,2021-11-10T20:39:00Z,11,8.1148,93.859,353.73,30.5039,30.4981,24.5241,24.5194,0.0831,-1.6738,-1.6747,,10.411,71.85066666666667,-162.16983333333334,2021-11-10T18:39:00Z,8,10.0,10.0,71.85067,-162.16983,10.0,30.5096,30.499,24.528755,24.520164,0.0818,,-1.6739,94.432,,355.869,,-1.675,42.0,,,,,,8,7.8,0.789,0.14,1.6,0.97,,,,,,2021-11-10T18:39:00Z,10.0,33BI20211108,SKQ202115s,DBO4-6,DBO4,6,8,10,10,2,60810,2021-11-10T18:48,2021,11,10,18:48:41,71.84998,-162.17527,10.4,-1.6739,2,30.504,2,355.07,2,1986.88,2,2109.85,2,7.61,2,0.77,2,1.56,2,0.14,2,0.95,2
27,E1132.SKQ2021,1.0,1.0,False,SKQ2021,SKQ21 EcoFOCI DBO,2021-11-15,11/15/21,12:54,3:54,,28,15,Niskin; Sterivex 0.22µm filter,95% EtOH,Bering Sea,DBO1.10,10.5,63˚ 36.29' N,172˚ 35.59' W,1000.0,Matt Galaska,,63.60483333333333,-172.59316666666666,Etc/GMT+12,2021-11-15T03:54:00,2021-11-15T15:54:00Z,15,7.586,94.224,330.355,31.8573,31.8551,25.5383,25.5366,0.1903,0.6483,0.6458,,10.279,63.60466666666667,-172.593,2021-11-15T12:53:28Z,28,10.0,10.0,63.604668,-172.593,,31.8563,31.8493,25.537018,25.531479,0.2184,,0.657,94.456,,331.095,,0.6552,53.0,,,,,,28,,,,,,,,,,,2021-11-15T12:53:28Z,10.0,33BI20211108,SKQ202115s,DBO1-10,DBO1,10,28,13,13,2,102813,2021-11-15T13:05,2021,11,15,13:05:30,63.60722,-172.59428,10.706,0.649,2,31.8544,2,331.41,2,2035.74,2,2176.64,2,9.46,2,1,2,3.8,2,0.1,2,1.62,2
28,E1129.SKQ2021,1.0,1.0,False,SKQ2021,SKQ21 EcoFOCI DBO,2021-11-15,11/15/21,9:34,0:34,,27,18,Niskin; Sterivex 0.22µm filter,95% EtOH,Bering Sea,DBO1.9,10.6,63˚ 16.7' N,173˚ 16.86' W,1000.0,Matt Galaska,,63.278333333333336,-173.281,Etc/GMT+12,2021-11-15T00:34:00,2021-11-15T12:34:00Z,18,7.6059,94.041,331.259,31.705,31.7011,25.4227,25.4196,0.3158,0.5134,0.5118,,10.526,63.279666666666664,-173.281,2021-11-15T09:34:19Z,27,11.0,11.0,63.279667,-173.281,16.0,31.7031,31.6972,25.421965,25.417318,0.25,,0.4971,94.345,,332.477,,0.495,70.0,,,,,,27,8.5,0.984,0.08,3.1,1.47,,,,,,2021-11-15T09:34:19Z,11.0,33BI20211108,SKQ202115s,DBO1-9,DBO1,9,27,16,16,2,92716,2021-11-15T09:53,2021,11,15,9:53:03,63.28046,-173.28082,10.848,0.5107,2,31.7044,2,330.52,2,2026.49,2,2154.26,2,8.29,2,0.96,2,3.02,2,0.08,2,1.43,2
29,E1126.SKQ2021,1.0,1.0,False,SKQ2021,SKQ21 EcoFOCI DBO,2021-11-15,11/14/21,5:50,20:50,,26,18,Niskin; Sterivex 0.22µm filter,95% EtOH,Bering Sea,DBO1.8,10.8,63˚ 1.81' N,173˚ 27.66' W,1000.0,Matt Galaska,,63.030166666666666,-173.461,Etc/GMT+12,2021-11-14T20:50:00,2021-11-15T08:50:00Z,18,7.654,94.527,333.355,31.6958,31.6922,25.4173,25.4145,0.2453,0.472,0.47,,10.547,63.030166666666666,-173.46116666666666,2021-11-15T05:52:47Z,26,11.0,11.0,63.030167,-173.46117,16.0,31.6969,31.6917,25.418156,25.414053,0.2369,,0.4735,94.617,,333.657,,0.4718,72.0,,,,,,26,11.8,1.151,0.1,4.5,1.81,,,,,,2021-11-15T05:52:47Z,11.0,33BI20211108,SKQ202115s,DBO1-8,DBO1,8,26,16,16,2,82616,2021-11-15T06:08,2021,11,15,6:08:36,63.0303,-173.4611,10.548,0.4694,2,31.6959,2,333.96,2,2038.1,2,2162.22,2,11.51,2,1.12,2,4.39,2,0.1,2,1.77,2
30,E1123.SKQ2021,1.0,1.0,False,SKQ2021,SKQ21 EcoFOCI DBO,2021-11-15,11/14/21,3:51,18:51,,25,18,Niskin; Sterivex 0.22µm filter,95% EtOH,Bering Sea,DBO1.7,10.9,62˚ 47.25' N,173˚ 30.025' W,1000.0,Matt Galaska,,62.7875,-173.50041666666667,Etc/GMT+12,2021-11-14T18:51:00,2021-11-15T06:51:00Z,18,7.6792,94.48,334.441,31.7336,31.73,25.4554,25.4525,0.7875,0.3166,0.3161,,10.64,62.7875,-173.5005,2021-11-15T03:53:15Z,25,11.0,11.0,62.7875,-173.5005,,31.7348,31.728,25.45653,25.451126,0.7737,,0.3133,94.442,,334.332,,0.3117,69.0,,,,,,25,,,,,,,,,,,2021-11-15T03:53:15Z,11.0,33BI20211108,SKQ202115s,DBO1-7,DBO1,7,25,16,16,2,72516,2021-11-15T04:06,2021,11,15,4:06:45,62.78853,-173.50018,10.035,0.3173,2,31.7339,2,333.79,2,2053.09,2,2156.86,2,13.75,2,1.27,2,5.27,2,0.2,2,2.49,2
31,E1120.SKQ2021,1.0,1.0,False,SKQ2021,SKQ21 EcoFOCI DBO,2021-11-15,11/14/21,0:00,15:00,,24,18,Niskin; Sterivex 0.22µm filter,95% EtOH,Bering Sea,DBO1.6,10.9,62˚ 33.63' N,173˚ 33.027' W,1000.0,Matt Galaska,,62.5605,-173.55045,Etc/GMT+12,2021-11-14T15:00:00,2021-11-15T03:00:00Z,18,7.5663,93.986,329.49,31.8792,31.8755,25.556,25.5532,0.8678,0.6453,0.6439,,10.658,62.56066666666667,-173.55016666666666,2021-11-15T00:37:00Z,24,11.0,11.0,62.560665,-173.55017,16.0,31.8813,31.8748,25.557528,25.552372,0.8286,,0.6496,93.981,,329.432,,0.6482,66.0,,,,,,24,18.8,1.395,0.27,5.5,3.53,,,,,,2021-11-15T00:37:00Z,11.0,33BI20211108,SKQ202115s,DBO1-6,DBO1,6,24,16,16,2,62416,2021-11-15T00:51,2021,11,15,0:51:04,62.5613,-173.54888,10.513,0.6445,2,31.8792,2,329.29,2,2071,2,2174.43,2,18.33,2,1.36,2,5.36,2,0.26,2,3.44,2
32,E1116.SKQ2021,1.0,1.0,False,SKQ2021,SKQ21 EcoFOCI DBO,2021-11-14,11/14/21,22:19,13:19,,23,12,Niskin; Sterivex 0.22µm filter,95% EtOH,Bering Sea,DBO1.5,29.5,62˚ 28.1' N,174˚ 5.07' W,1000.0,Matt Galaska,,62.468333333333334,-174.0845,Etc/GMT+12,2021-11-14T13:19:00,2021-11-15T01:19:00Z,12,7.3876,92.503,321.679,32.0059,32.1511,25.6429,25.7598,0.7646,0.9204,0.9174,,29.347,62.468333333333334,-174.08483333333334,2021-11-14T22:16:55Z,23,29.0,29.0,62.468334,-174.08484,,32.1409,32.1353,25.75408,25.749662,0.7781,,0.8731,93.088,,323.772,,0.8716,67.0,,,,,,23,,,,,,,,,,,2021-11-14T22:16:55Z,29.0,33BI20211108,SKQ202115s,DBO1-5,DBO1,5,23,10,10,2,52310,2021-11-14T22:28,2021,11,14,22:28:24,62.46894,-174.08406,29.841,0.912,2,31.9945,2,321.8,2,2074.06,2,2177.09,2,24.86,2,1.56,2,8.09,2,0.16,2,3.69,2
33,E1131.SKQ2021,1.0,1.0,False,SKQ2021,SKQ21 EcoFOCI DBO,2021-11-15,11/15/21,12:54,3:54,,28,9,Niskin; Sterivex 0.22µm filter,95% EtOH,Bering Sea,DBO1.10,29.7,63˚ 36.29' N,172˚ 35.59' W,1000.0,Matt Galaska,,63.60483333333333,-172.59316666666666,Etc/GMT+12,2021-11-15T03:54:00,2021-11-15T15:54:00Z,9,7.5215,93.618,327.501,32.0244,32.0212,25.6709,25.6683,0.129,0.684,0.6838,,30.148,63.60466666666667,-172.593,2021-11-15T12:53:28Z,28,30.0,30.0,63.604668,-172.593,,32.0007,31.9965,25.65231,25.649107,0.1238,,0.674,93.77,,328.18,,0.6707,53.0,,,,,,28,,,,,,,,,,,2021-11-15T12:53:28Z,30.0,33BI20211108,SKQ202115s,DBO1-10,DBO1,10,28,7,7,2,102807,2021-11-15T13:00,2021,11,15,13:00:26,63.60644,-172.59391,31.115,0.6932,2,32.0294,2,326.43,2,2044.95,2,2177.92,2,11.02,2,1.07,2,4.68,2,0.1,2,1.78,2
34,E1054.SKQ2021,1.0,1.0,False,SKQ2021,SKQ21 EcoFOCI DBO,2021-11-08,11/8/21,22:04,13:04,,1,10,Niskin; Sterivex 0.22µm filter,95% EtOH,Chukchi Sea,DBO3.8,30.0,67˚ 40.598' N,168˚ 56.97' W,1000.0,Matt Galaska,,67.67663333333333,-168.9495,Etc/GMT+11,2021-11-08T13:04:00,2021-11-09T00:04:00Z,,,,,,,,,,,,,,,,,,,,,,,,,,,,,,,,,,,,,,,,,,,,,,,,,,,,,,33BI20211108,SKQ202115s,DBO3-8,DBO3,8,1,9,9,2,80109,2021-11-08T22:08,2021,11,8,22:08:44,67.67672,-168.94874,30.531,0.5969,2,32.8781,2,79,2,2344.23,2,2270.04,2,88.94,2,2.52,2,14.71,2,0.8,2,11.7,2
35,E1057.SKQ2021,1.0,1.0,False,SKQ2021,SKQ21 EcoFOCI DBO,2021-11-10,11/9/21,2:39,17:39,,2,8,Niskin; Sterivex 0.22µm filter,95% EtOH,Chukchi Sea,DBO4.1,30.0,71˚ 11.589' N,160˚ 15.884' W,1000.0,Matt Galaska,,71.19315,-160.26473333333334,Etc/GMT+11,2021-11-09T17:39:00,2021-11-10T04:39:00Z,8,7.5233,91.819,327.91,30.7279,30.7226,24.6469,24.6428,0.3949,0.2772,0.2745,,30.177,71.1935,-160.26483333333334,2021-11-10T02:43:21Z,2,30.0,30.0,71.1935,-160.26483,7.0,30.7346,30.7218,24.652262,24.642023,0.3214,,0.278,93.546,,334.053,,0.2763,53.0,,,,,,2,20.9,1.232,0.38,3.7,3.29,,,,,,2021-11-10T02:43:21Z,30.0,33BI20211108,SKQ202115s,DBO4-1,DBO4,1,2,7,7,2,10207,2021-11-10T02:51,2021,11,10,2:51:05,71.1938,-160.26504,30.154,0.2789,2,30.7282,2,328.33,2,2067.18,2,2160.63,2,20.39,2,1.2,2,3.61,2,0.37,2,3.21,2
36,E1063.SKQ2021,1.0,1.0,False,SKQ2021,SKQ21 EcoFOCI DBO,2021-11-10,11/9/21,7:19,22:19,,4,5,Niskin; Sterivex 0.22µm filter,95% EtOH,Chukchi Sea,DBO4.3,30.0,71˚ 27.26' N,161˚ 2.363' W,1000.0,Matt Galaska,,71.45433333333334,-161.03938333333335,Etc/GMT+11,2021-11-09T22:19:00,2021-11-10T09:19:00Z,5,6.6121,80.373,287.873,32.1213,32.1167,25.7934,25.7897,0.1112,-0.2475,-0.2486,,30.407,71.45433333333334,-161.03933333333333,2021-11-10T07:21:59Z,4,30.0,30.0,71.45433,-161.03934,4.0,32.1261,32.1151,25.797718,25.788908,0.0902,,-0.2589,80.119,,287.039,,-0.2607,47.0,,,,,,4,25.5,1.702,0.63,6.2,5.36,,,,,,2021-11-10T07:21:59Z,30.0,33BI20211108,SKQ202115s,DBO4-3,DBO4,3,4,4,4,2,30404,2021-11-10T07:28,2021,11,10,7:28:30,71.4544,-161.03938,30.361,-0.2467,2,32.1214,2,288.39,2,2110.19,2,2193.75,2,24.86,2,1.66,2,6.04,2,0.61,2,5.22,2
37,E1098.SKQ2021,1.0,1.0,False,SKQ2021,SKQ21 EcoFOCI DBO,2021-11-12,11/12/21,15:39,6:39,,17,12,Niskin; Sterivex 0.22µm filter,95% EtOH,Chukchi Sea,DBO3.7,30.0,67˚ 46.97' N,168˚ 35.698' W,1000.0,Matt Galaska,,67.78283333333333,-168.59496666666666,Etc/GMT+11,2021-11-12T06:39:00,2021-11-12T17:39:00Z,12,2.2799,28.647,99.204,32.8894,32.8862,26.3593,26.3564,0.184,0.8178,0.8232,,30.395,67.783,-168.59516666666667,2021-11-12T15:38:01Z,17,30.0,30.0,67.783,-168.59517,9.0,32.8871,32.8806,26.357227,26.352203,0.1691,,0.821,30.242,,104.719,,0.8175,50.0,,,,,,17,77.7,2.603,0.74,16.7,11.26,,,,,,2021-11-12T15:38:01Z,30.0,33BI20211108,SKQ202115s,DBO3-7,DBO3,7,17,9,9,2,71709,2021-11-12T15:45,2021,11,12,15:45:07,67.78302,-168.59602,30.395,0.8221,2,32.8879,2,100.27,2,2328.79,2,2275.5,2,75.69,2,2.54,2,16.27,2,0.72,2,10.97,2
38,E1066.SKQ2021,1.0,1.0,False,SKQ2021,SKQ21 EcoFOCI DBO,2021-11-10,11/10/21,10:26,1:26,,5,5,Niskin; Sterivex 0.22µm filter,95% EtOH,Chukchi Sea,DBO4.4,30.0,71˚ 35.34' N,161˚ 24.35' W,1000.0,Matt Galaska,,71.589,-161.40583333333333,Etc/GMT+11,2021-11-10T01:26:00,2021-11-10T12:26:00Z,5,5.9107,69.945,257.228,32.6031,32.5983,26.2221,26.2183,0.0808,-1.3818,-1.3815,,30.379,71.589,-161.4065,2021-11-10T10:27:49Z,5,30.0,30.0,71.589,-161.4065,4.0,32.4746,32.4653,26.113531,26.105772,0.0736,,-1.224,73.828,,270.628,,-1.2164,48.0,,,,,,5,41.6,2.118,0.26,12.0,5.5,,,,,,2021-11-10T10:27:49Z,30.0,33BI20211108,SKQ202115s,DBO4-4,DBO4,4,5,4,4,2,40504,2021-11-10T10:34,2021,11,10,10:34:21,71.58886,-161.40989,30.376,-1.3764,2,32.5972,2,258.68,2,2212.55,2,2234.38,2,40.53,2,2.06,2,11.69,2,0.25,2,5.36,2
39,E1060.SKQ2021,1.0,1.0,False,SKQ2021,SKQ21 EcoFOCI DBO,2021-11-10,11/9/21,4:55,19:55,,3,6,Niskin; Sterivex 0.22µm filter,95% EtOH,Chukchi Sea,DBO4.2,30.0,71˚ 19.308' N,160˚ 39.4' W,1000.0,Matt Galaska,,71.3218,-160.65666666666667,Etc/GMT+11,2021-11-09T19:55:00,2021-11-10T06:55:00Z,6,6.6831,81.643,291.016,31.9058,31.9097,25.6089,25.6123,0.0339,-4.0E-4,-0.006,,30.387,71.32183333333333,-160.65683333333334,2021-11-10T04:54:19Z,3,30.0,30.0,71.32183,-160.65683,4.0,31.9194,31.9068,25.620317,25.61026,0.0006,,-0.0117,80.402,,286.649,,-0.0142,48.0,,,,,,3,22.8,1.62,0.59,6.3,5.18,,,,,,2021-11-10T04:54:19Z,30.0,33BI20211108,SKQ202115s,DBO4-2,DBO4,2,3,4,4,2,20304,2021-11-10T05:02,2021,11,10,5:02:28,71.32166,-160.65658,30.358,0.003,2,31.8785,2,289.26,2,2115.8,2,2195.67,2,22.23,2,1.58,2,6.14,2,0.58,2,5.05,2
40,E1080.SKQ2021,1.0,1.0,False,SKQ2021,SKQ21 EcoFOCI DBO,2021-11-12,11/11/21,1:21,16:21,,10,2,Niskin; Sterivex 0.22µm filter,95% EtOH,Chukchi Sea,DBO3.1,30.0,68˚ 18.240' N,166˚ 55.762' W,1000.0,Matt Galaska,,68.304,-166.92936666666668,America/Anchorage,2021-11-11T16:21:00,2021-11-12T01:21:00Z,2,7.8832,94.297,343.546,30.8719,30.8662,24.7941,24.7896,0.505,-0.5221,-0.5222,,30.03,68.304,-166.92883333333333,2021-11-12T01:18:18Z,10,30.0,30.0,68.304,-166.92883,1.0,30.8708,30.8633,24.793299,24.787266,0.4641,,-0.5236,94.354,,343.772,,-0.5245,33.0,,,,,,10,21.1,1.282,0.24,5.0,2.86,,,,,,2021-11-12T01:18:18Z,30.0,33BI20211108,SKQ202115s,DBO3-1,DBO3,1,10,1,1,2,11001,2021-11-12T01:21,2021,11,12,1:21:52,68.30422,-166.93133,30.03,-0.5228,2,30.871,2,343.27,2,2038.53,2,-999,9,20.59,2,1.25,2,4.88,2,0.23,2,2.79,2
41,E1072.SKQ2021,1.0,1.0,False,SKQ2021,SKQ21 EcoFOCI DBO,2021-11-10,11/10/21,14:34,5:34,,7,5,Niskin; Sterivex 0.22µm filter,95% EtOH,Arctic Ocean,DBO4.5,30.0,71˚ 43.12' N,161˚ 46.483' W,1000.0,Matt Galaska,,71.71866666666666,-161.77471666666668,Etc/GMT+11,2021-11-10T05:34:00,2021-11-10T16:34:00Z,5,5.2885,62.293,230.108,32.8233,32.8179,26.4068,26.4025,0.2373,-1.6117,-1.6128,,30.031,71.71916666666667,-161.77433333333335,2021-11-10T14:33:01Z,7,30.0,30.0,71.71917,-161.77434,4.0,32.8272,32.816,26.409986,26.400917,0.2118,,-1.6116,63.807,,235.692,,-1.6128,44.0,,,,,,7,52.1,2.234,0.07,15.2,5.39,,,,,,2021-11-10T14:33:01Z,30.0,33BI20211108,SKQ202115s,DBO4-5,DBO4,5,7,4,4,2,50704,2021-11-10T14:38,2021,11,10,14:38:43,71.71852,-161.77792,30.023,-1.6117,2,32.8239,2,228.86,2,2230.9,2,2244.51,2,50.75,2,2.18,2,14.81,2,0.07,2,5.25,2
42,E1089.SKQ2021,1.0,1.0,False,SKQ2021,SKQ21 EcoFOCI DBO,2021-11-12,11/11/21,,,,14,12,Niskin; Sterivex 0.22µm filter,95% EtOH,Chukchi Sea,DBO3.4,30.0,68˚ 7.00' N,167˚ 29' W,1000.0,Matt Galaska,,68.11666666666666,-167.48333333333332,Etc/GMT+11,,,12,6.6162,83.372,288.117,31.9147,31.9097,25.5536,25.5497,0.2482,1.1914,1.1901,,30.405,68.1325,-167.48783333333333,2021-11-12T07:05:36Z,14,30.0,30.0,68.1325,-167.48784,9.0,31.9301,31.9112,25.566217,25.551062,0.1826,,1.188,83.647,,289.059,,1.1876,49.0,,,,,,14,33.5,1.808,0.24,11.2,4.47,,,,,,2021-11-12T07:05:36Z,30.0,33BI20211108,SKQ202115s,DBO3-4,DBO3,4,14,9,9,2,41409,2021-11-12T07:13,2021,11,12,7:13:53,68.13264,-167.48824,30.392,1.192,2,31.9152,2,287.58,2,2109.81,2,2186.12,2,32.66,2,1.76,2,10.92,2,0.23,2,4.36,2
43,E1086.SKQ2021,1.0,1.0,False,SKQ2021,SKQ21 EcoFOCI DBO,2021-11-12,11/11/21,5:26,20:26,,13,8,Niskin; Sterivex 0.22µm filter,95% EtOH,Chukchi Sea,DBO3.3,30.0,68˚ 11.431' N,167˚ 17.47' W,1000.0,Matt Galaska,,68.19051666666667,-167.29116666666667,Etc/GMT+11,2021-11-11T20:26:00,2021-11-12T07:26:00Z,8,7.1118,88.757,309.717,31.8092,31.8061,25.4889,25.4864,0.298,0.8458,0.8453,,30.067,68.1905,-167.29133333333334,2021-11-12T05:25:50Z,13,30.0,30.0,68.1905,-167.29134,5.0,31.8226,31.8133,25.499554,25.492142,0.1805,,0.8478,88.517,,308.831,,0.8466,46.0,,,,,,13,30.8,1.662,0.23,10.6,3.96,,,,,,2021-11-12T05:25:50Z,30.0,33BI20211108,SKQ202115s,DBO3-3,DBO3,3,13,5,5,2,31305,2021-11-12T05:31,2021,11,12,5:31:33,68.19116,-167.29026,30.061,0.8456,2,31.8092,2,310.12,2,2081.64,2,2178.73,2,30.03,2,1.62,2,10.34,2,0.22,2,3.86,2
44,E1069.SKQ2021,1.0,1.0,False,SKQ2021,SKQ21 EcoFOCI DBO,2021-11-10,11/10/21,12:18,3:18,,6,8,Niskin; Sterivex 0.22µm filter,95% EtOH,Chukchi Sea,CEO,30.0,71˚ 35.45' N,161˚ 31.49' W,1000.0,Matt Galaska,,71.59083333333334,-161.52483333333333,Etc/GMT+11,2021-11-10T03:18:00,2021-11-10T14:18:00Z,8,6.0822,71.971,264.696,32.5841,32.5797,26.2066,26.2031,0.1444,-1.3787,-1.3793,,30.186,71.59116666666667,-161.523,2021-11-10T12:13:45Z,6,30.0,30.0,71.59116,-161.523,7.0,32.5629,32.5533,26.188961,26.181183,0.1129,,-1.3605,72.368,,266.067,,-1.3609,46.0,,,,,,6,35.1,2.045,0.3,11.2,5.25,,,,,,2021-11-10T12:13:45Z,30.0,33BI20211108,SKQ202115s,CEO,CEO,,6,7,7,2,607,2021-11-10T12:21,2021,11,10,12:21:55,71.59034,-161.52782,30.195,-1.378,2,32.5838,2,263.52,2,2203.7,2,2236.38,2,34.2,2,1.99,2,10.91,2,0.29,2,5.12,2
45,E1134.SKQ2021,1.0,1.0,False,SKQ2021,SKQ21 EcoFOCI DBO,2021-11-15,11/15/21,21:20,12:20,,29,6,Niskin; Sterivex 0.22µm filter,95% EtOH,Bering Sea,DBO2.1,30.1,64˚ 40.21' N,169˚ 55.122' W,1000.0,Matt Galaska,,64.67016666666666,-169.9187,Etc/GMT+11,2021-11-15T12:20:00,2021-11-15T23:20:00Z,6,6.694,82.288,291.431,32.1747,32.1693,25.8182,25.8139,0.3187,0.1657,0.1643,,30.201,64.67016666666666,-169.92033333333333,2021-11-15T21:21:25Z,29,30.0,30.0,64.670166,-169.92033,4.0,32.1791,32.1678,25.821615,25.812578,0.2812,,0.1673,82.368,,291.692,,0.1657,47.0,,,,,,29,31.6,1.863,0.19,12.9,3.49,,,,,,2021-11-15T21:21:25Z,30.0,33BI20211108,SKQ202115s,DBO2-1,DBO2,1,29,4,4,2,12904,2021-11-15T21:27,2021,11,15,21:27:54,64.6701,-169.92072,30.315,0.1658,2,32.1749,2,291.73,2,2104.35,2,2186.99,2,30.8,2,1.82,2,12.57,2,0.19,2,3.4,2
46,E1137.SKQ2021,1.0,1.0,False,SKQ2021,SKQ21 EcoFOCI DBO,2021-11-16,11/15/21,0:44,15:44,,30,6,Niskin; Sterivex 0.22µm filter,95% EtOH,Bering Sea,DBO2.2,30.2,64˚ 40.8' N,169˚ 6.04' W,1000.0,Matt Galaska,,64.68,-169.10066666666665,Etc/GMT+11,2021-11-15T15:44:00,2021-11-16T02:44:00Z,6,7.8383,93.486,341.245,32.1278,32.1219,25.8246,25.8199,0.6127,-0.9638,-0.9647,,30.198,64.68033333333334,-169.10066666666665,2021-11-16T00:44:10Z,30,30.0,30.0,64.680336,-169.10066,4.0,32.1382,32.1269,25.832155,25.823011,0.4926,,-0.9345,93.778,,342.014,,-0.9348,44.0,,,,,,30,29.5,1.819,0.17,12.4,3.29,,,,,,2021-11-16T00:44:10Z,30.0,33BI20211108,SKQ202115s,DBO2-2,DBO2,2,30,4,4,2,23004,2021-11-16T00:49,2021,11,16,0:49:07,64.68028,-169.10058,29.997,-0.9575,2,32.1298,2,341.84,2,2093.88,2,2190.94,2,28.75,2,1.77,2,12.09,2,0.17,2,3.21,2
47,E1095.SKQ2021,1.0,1.0,False,SKQ2021,SKQ21 EcoFOCI DBO,2021-11-12,11/12/21,12:56,3:56,,16,12,Niskin; Sterivex 0.22µm filter,95% EtOH,Chukchi Sea,DBO3.6,30.3,68˚ 53.00' N,167˚ 13' W,1000.0,Matt Galaska,,68.88333333333334,-167.21666666666667,Etc/GMT+11,2021-11-12T03:56:00,2021-11-12T14:56:00Z,12,1.6073,20.142,69.939,32.8549,32.8505,26.3369,26.3333,0.2236,0.723,0.7247,,30.267,67.90133333333333,-168.23633333333333,2021-11-12T12:57:06Z,16,30.0,30.0,67.90134,-168.23633,9.0,32.855,32.8383,26.331417,26.317972,0.1426,,0.8208,21.124,,73.164,,0.821,57.0,,,,,,16,97.8,2.57,1.14,15.4,13.23,,,,,,2021-11-12T12:57:06Z,30.0,33BI20211108,SKQ202115s,DBO3-6,DBO3,6,16,9,9,2,61609,2021-11-12T13:05,2021,11,12,13:05:03,67.90132,-168.23666,30.266,0.7182,2,32.8551,2,70.01,2,2353.07,2,2270.58,2,95.28,2,2.5,2,15,2,1.11,2,12.89,2
48,E1113.SKQ2021,1.0,1.0,False,SKQ2021,SKQ21 EcoFOCI DBO,2021-11-14,11/14/21,18:58,9:58,,22,12,Niskin; Sterivex 0.22µm filter,95% EtOH,Bering Sea,DBO1.4,30.3,62˚ 23.42' N,174˚ 34.296' W,1000.0,Matt Galaska,,62.39033333333333,-174.5716,Etc/GMT+12,2021-11-14T09:58:00,2021-11-14T21:58:00Z,12,7.3456,91.955,319.783,32.2788,32.1267,25.867,25.7448,0.7542,0.8372,0.8351,,30.456,62.39033333333333,-174.57166666666666,2021-11-14T19:01:37Z,22,30.0,30.0,62.390335,-174.57167,,32.2786,32.2728,25.867325,25.862831,0.6193,,0.8289,92.121,,320.431,,0.8259,70.0,,,,,,22,,,,,,,,,,,2021-11-14T19:01:37Z,30.0,33BI20211108,SKQ202115s,DBO1-4,DBO1,4,22,10,10,2,42210,2021-11-14T19:12,2021,11,14,19:12:55,62.39056,-174.57148,30.868,0.8363,2,32.2788,2,319.45,2,2088.99,2,2190.03,2,28.75,2,1.68,2,10.82,2,0.08,2,3.28,2
49,E1104.SKQ2021,1.0,1.0,False,SKQ2021,SKQ21 EcoFOCI DBO,2021-11-14,11/14/21,12:06,3:06,,19,12,Niskin; Sterivex 0.22µm filter,95% EtOH,Bering Sea,DBO1.1,30.3,62˚ 0.00' N,175˚ 04' W,1000.0,Matt Galaska,,62.0,-175.06666666666666,Etc/GMT+12,2021-11-14T03:06:00,2021-11-14T15:06:00Z,12,6.7777,87.778,294.995,32.6643,32.66,26.096,26.0929,0.2602,2.0633,2.0595,,30.066,62.0115,-175.06016666666667,2021-11-14T12:08:40Z,19,30.0,30.0,62.0115,-175.06017,,32.6597,32.6556,26.094376,26.091167,0.3034,,2.0351,88.998,,299.322,,2.0341,79.0,,,,,,19,,,,,,,,,,,2021-11-14T12:08:40Z,30.0,33BI20211108,SKQ202115s,DBO1-1,DBO1,1,19,10,10,2,11910,2021-11-14T12:23,2021,11,14,12:23:09,62.0132,-175.05886,30.682,2.0583,2,32.6625,2,296.59,2,2108.9,2,2211.14,2,33.81,2,1.67,2,17.05,2,0.09,2,0.15,2
50,E1125.SKQ2021,1.0,1.0,False,SKQ2021,SKQ21 EcoFOCI DBO,2021-11-15,11/14/21,5:50,20:50,,26,12,Niskin; Sterivex 0.22µm filter,95% EtOH,Bering Sea,DBO1.8,30.4,63˚ 1.81' N,173˚ 27.66' W,1000.0,Matt Galaska,,63.030166666666666,-173.461,Etc/GMT+12,2021-11-14T20:50:00,2021-11-15T08:50:00Z,12,7.64,94.414,332.742,31.702,31.6981,25.4212,25.4182,0.2385,0.4946,0.4922,,30.277,63.030166666666666,-173.46116666666666,2021-11-15T05:52:47Z,26,30.0,30.0,63.030167,-173.46117,,31.7134,31.7073,25.428856,25.42398,0.1918,,0.5248,94.109,,331.381,,0.5241,72.0,,,,,,26,,,,,,,,,,,2021-11-15T05:52:47Z,30.0,33BI20211108,SKQ202115s,DBO1-8,DBO1,8,26,10,10,2,82610,2021-11-15T06:03,2021,11,15,6:03:42,63.0303,-173.4611,31.045,0.4843,2,31.7001,2,332.26,2,2036.3,2,2164.3,2,11.9,2,1.13,2,4.49,2,0.1,2,1.8,2
51,E1143.SKQ2021,1.0,1.0,False,SKQ2021,SKQ21 EcoFOCI DBO,2021-11-16,11/16/21,10:31,1:31,,33,6,Niskin; Sterivex 0.22µm filter,95% EtOH,Bering Sea,DBO2.4,30.4,64˚ 57.53' N,169˚ 52.82' W,1000.0,Matt Galaska,,64.95883333333333,-169.88033333333334,Etc/GMT+11,2021-11-16T01:31:00,2021-11-16T12:31:00Z,6,7.1602,85.804,311.811,31.7915,31.7868,25.5437,25.5399,0.3932,-0.6973,-0.698,,30.422,64.9585,-169.88,2021-11-16T10:30:20Z,33,30.0,30.0,64.9585,-169.88,4.0,31.7778,31.7687,25.533325,25.526014,0.4567,,-0.7179,86.727,,315.37,,-0.7195,48.0,,,,,,33,23.9,1.719,0.17,8.1,3.43,,,,,,2021-11-16T10:30:20Z,30.0,33BI20211108,SKQ202115s,DBO2-4,DBO2,4,33,4,4,2,43304,2021-11-16T10:36,2021,11,16,10:36:35,64.95952,-169.88176,30.403,-0.7036,2,31.785,2,313.7,2,2086.02,2,2170.68,2,23.3,2,1.68,2,7.9,2,0.17,2,3.34,2
52,E1078.SKQ2021,1.0,1.0,False,SKQ2021,SKQ21 EcoFOCI DBO,2021-11-11,11/10/21,5:10,20:10,,9,5,Niskin; Sterivex 0.22µm filter,95% EtOH,Chukchi Sea,C2,30.4,71˚ 0.00' N,164˚ 0.00' W,1000.0,Matt Galaska,,71.0,-164.0,Etc/GMT+11,2021-11-10T20:10:00,2021-11-11T07:10:00Z,5,7.5822,91.506,330.343,31.2196,31.2154,25.0664,25.063,0.1192,-0.2795,-0.2798,,30.339,71.21833333333333,-164.24283333333332,2021-11-11T05:08:13Z,9,30.0,30.0,71.21833,-164.24283,4.0,31.2191,31.2075,25.066292,25.056889,0.175,,-0.2872,91.611,,330.79,,-0.2863,44.0,,,,,,9,18.5,1.172,0.53,3.0,3.63,,,,,,2021-11-11T05:08:13Z,30.0,,,,,,,,,,,,,,,,,,,,,,,,,,,,,,,,,,,,,,
53,E1110.SKQ2021,1.0,1.0,False,SKQ2021,SKQ21 EcoFOCI DBO,2021-11-14,11/14/21,17:01,8:01,,21,12,Niskin; Sterivex 0.22µm filter,95% EtOH,Bering Sea,DBO1.3,30.5,62˚ 13.2' N,174˚ 52.67' W,1000.0,Matt Galaska,,62.22,-174.87783333333334,Etc/GMT+12,2021-11-14T08:01:00,2021-11-14T20:01:00Z,12,7.1523,91.866,311.319,32.5588,32.5558,26.033,26.0307,0.4488,1.7651,1.764,,30.528,62.220166666666664,-174.878,2021-11-14T17:01:40Z,21,31.0,31.0,62.220165,-174.878,,32.5577,32.5511,26.032505,26.027607,0.4184,,1.759,91.841,,311.286,,1.7534,75.0,,,,,,21,,,,,,,,,,,2021-11-14T17:01:40Z,31.0,33BI20211108,SKQ202115s,DBO1-3,DBO1,3,21,10,10,2,32110,2021-11-14T17:13,2021,11,14,17:13:14,62.22082,-174.87678,29.814,1.7657,2,32.5592,2,311.11,2,2087.4,2,2204.29,2,24.17,2,1.39,2,10.04,2,0.06,2,0.52,2
54,E1140.SKQ2021,1.0,1.0,False,SKQ2021,SKQ21 EcoFOCI DBO,2021-11-16,11/15/21,7:03,22:03,,32,6,Niskin; Sterivex 0.22µm filter,95% EtOH,Bering Sea,DBO2.5,30.5,64˚ 59.39' N,169˚ 8.39' W,1000.0,Matt Galaska,,64.98983333333334,-169.13983333333334,Etc/GMT+11,2021-11-15T22:03:00,2021-11-16T09:03:00Z,6,7.6369,92.306,332.49,32.1072,32.1014,25.7904,25.7856,0.3577,-0.4577,-0.4554,,30.409,64.98983333333334,-169.14016666666666,2021-11-16T07:01:37Z,32,30.0,30.0,64.98983,-169.14017,4.0,32.0875,32.0698,25.778494,25.76425,0.3383,,-0.5658,92.612,,334.599,,-0.5677,48.0,,,,,,32,27.4,1.767,0.18,11.5,3.22,,,,,,2021-11-16T07:01:37Z,30.0,33BI20211108,SKQ202115s,DBO2-5,DBO2,5,32,4,4,2,53204,2021-11-16T07:07,2021,11,16,7:07:10,64.98996,-169.13896,30.267,-0.4587,2,32.1071,2,332.37,2,2096.47,2,2180.67,2,26.71,2,1.72,2,11.21,2,0.18,2,3.14,2
55,E1083.SKQ2021,1.0,1.0,False,SKQ2021,SKQ21 EcoFOCI DBO,2021-11-12,11/11/21,3:15,18:15,,11,5,Niskin; Sterivex 0.22µm filter,95% EtOH,Arctic Ocean,DBO3.2,30.6,68˚ 15.04' N,167˚ 7.305' W,1000.0,Matt Galaska,,68.25066666666666,-167.12175,America/Anchorage,2021-11-11T18:15:00,2021-11-12T03:15:00Z,5,7.4553,92.823,324.717,31.6457,31.6389,25.3601,25.3546,0.2562,0.7978,0.7971,,30.655,68.24933333333334,-167.12333333333333,2021-11-12T03:14:11Z,11,31.0,31.0,68.24934,-167.12334,4.0,31.6466,31.6319,25.360302,25.34858,0.2532,,0.8063,92.478,,323.439,,0.8045,43.0,,,,,,11,26.0,1.469,0.23,8.1,3.24,,,,,,2021-11-12T03:14:11Z,31.0,33BI20211108,SKQ202115s,DBO3-2,DBO3,2,11,4,4,2,21104,2021-11-12T03:19,2021,11,12,3:19:21,68.2506,-167.12192,30.653,0.8005,2,31.645,2,324.77,2,2064.35,2,2165.91,2,25.35,2,1.43,2,7.9,2,0.22,2,3.16,2
56,E1128.SKQ2021,1.0,1.0,False,SKQ2021,SKQ21 EcoFOCI DBO,2021-11-15,11/15/21,9:34,0:34,,27,12,Niskin; Sterivex 0.22µm filter,95% EtOH,Bering Sea,DBO1.9,30.6,63˚ 16.7' N,173˚ 16.86' W,1000.0,Matt Galaska,,63.278333333333336,-173.281,Etc/GMT+12,2021-11-15T00:34:00,2021-11-15T12:34:00Z,12,7.5877,93.93,330.465,31.7153,31.709,25.4287,25.4242,0.2447,0.5573,0.5467,,31.139,63.279666666666664,-173.281,2021-11-15T09:34:19Z,27,31.0,31.0,63.279667,-173.281,,31.7169,31.7112,25.430037,25.425465,0.2819,,0.5569,94.044,,330.867,,0.5566,70.0,,,,,,27,,,,,,,,,,,2021-11-15T09:34:19Z,31.0,33BI20211108,SKQ202115s,DBO1-9,DBO1,9,27,10,10,2,92710,2021-11-15T09:47,2021,11,15,9:47:17,63.27998,-173.28094,28.543,0.5448,2,31.7124,2,330.74,2,2037.48,2,2155.97,2,10.82,2,1.08,2,4.1,2,0.1,2,1.69,2
57,E1092.SKQ2021,1.0,1.0,False,SKQ2021,SKQ21 EcoFOCI DBO,2021-11-12,11/12/21,9:37,0:37,,15,12,Niskin; Sterivex 0.22µm filter,95% EtOH,Chukchi Sea,DBO3.5,30.6,68˚ 0.78' N,167˚ 53.12' W,1000.0,Matt Galaska,,68.013,-167.88533333333334,Etc/GMT+11,2021-11-12T00:37:00,2021-11-12T11:37:00Z,12,4.2315,50.942,184.096,32.9813,32.9774,26.5117,26.5089,0.3313,-0.8393,-0.8479,,30.584,68.01316666666666,-167.87933333333334,2021-11-12T09:39:57Z,15,31.0,31.0,68.01317,-167.87933,9.0,32.9729,32.9689,26.501741,26.498495,0.2638,,-0.7519,50.623,,182.529,,-0.7517,52.0,,,,,,15,58.4,2.599,0.51,15.5,8.32,,,,,,2021-11-12T09:39:57Z,31.0,33BI20211108,SKQ202115s,DBO3-5,DBO3,5,15,9,9,2,51509,2021-11-12T09:49,2021,11,12,9:49:12,68.0132,-167.88278,30.576,-0.8321,2,32.982,2,182.13,2,2276.8,2,2255.65,2,56.88,2,2.53,2,15.1,2,0.5,2,8.1,2
58,E1119.SKQ2021,1.0,1.0,False,SKQ2021,SKQ21 EcoFOCI DBO,2021-11-15,11/14/21,0:00,15:00,,24,12,Niskin; Sterivex 0.22µm filter,95% EtOH,Bering Sea,DBO1.6,30.6,62˚ 33.63' N,173˚ 33.027' W,1000.0,Matt Galaska,,62.5605,-173.55045,Etc/GMT+12,2021-11-14T15:00:00,2021-11-15T03:00:00Z,12,7.399,92.283,322.187,31.9637,31.9604,25.6168,25.6142,0.7308,0.7794,0.778,,30.635,62.56066666666667,-173.55016666666666,2021-11-15T00:37:00Z,24,31.0,31.0,62.560665,-173.55017,,31.9348,31.9264,25.59897,25.592335,0.8135,,0.6798,93.415,,327.056,,0.6775,66.0,,,,,,24,,,,,,,,,,,2021-11-15T00:37:00Z,31.0,33BI20211108,SKQ202115s,DBO1-6,DBO1,6,24,10,10,2,62410,2021-11-15T00:47,2021,11,15,0:47:11,62.56115,-173.54904,30.263,0.7787,2,31.9632,2,322.96,2,2071.52,2,2173.45,2,20.18,2,1.46,2,5.85,2,0.3,2,3.82,2
59,E1075.SKQ2021,1.0,1.0,False,SKQ2021,SKQ21 EcoFOCI DBO,2021-11-10,11/10/21,18:39,9:39,,8,5,Niskin; Sterivex 0.22µm filter,95% EtOH,Arctic Ocean,DBO4.6,30.6,71˚ 51.042' N,162˚ 10.215' W,1000.0,Matt Galaska,,71.8507,-162.17025,Etc/GMT+11,2021-11-10T09:39:00,2021-11-10T20:39:00Z,5,5.6206,66.16,244.624,32.4955,32.4906,26.1391,26.1351,0.1932,-1.5504,-1.5512,,30.592,71.85066666666667,-162.16983333333334,2021-11-10T18:39:00Z,8,31.0,31.0,71.85067,-162.16983,4.0,32.5137,32.5053,26.153942,26.147144,0.1972,,-1.5532,67.89,,250.999,,-1.5542,42.0,,,,,,8,45.3,2.128,0.2,13.9,5.06,,,,,,2021-11-10T18:39:00Z,31.0,33BI20211108,SKQ202115s,DBO4-6,DBO4,6,8,4,4,2,60804,2021-11-10T18:44,2021,11,10,18:44:31,71.85022,-162.17354,30.592,-1.5504,2,32.4954,2,245.79,2,2215.19,2,2230.87,2,44.14,2,2.07,2,13.54,2,0.19,2,4.93,2
60,E1107.SKQ2021,1.0,1.0,False,SKQ2021,SKQ21 EcoFOCI DBO,2021-11-14,11/14/21,14:06,5:06,,20,12,Niskin; Sterivex 0.22µm filter,95% EtOH,Bering Sea,DBO1.2,30.8,62˚ 2.957' N,175˚ 12.518' W,1000.0,Matt Galaska,,62.049283333333335,-175.20863333333332,Etc/GMT+12,2021-11-14T05:06:00,2021-11-14T17:06:00Z,12,6.6621,86.134,289.951,32.7125,32.7091,26.1406,26.138,0.2447,1.9826,1.9805,,30.462,62.048833333333334,-175.209,2021-11-14T14:08:01Z,20,30.0,30.0,62.048832,-175.209,10.0,32.713,32.7038,26.14146,26.134232,0.2361,,1.9752,87.136,,293.383,,1.9733,80.0,,,,,,20,38.8,1.902,0.04,20.2,0.1,,,,,,2021-11-14T14:08:01Z,30.0,33BI20211108,SKQ202115s,DBO1-2,DBO1,2,20,10,10,2,22010,2021-11-14T14:19,2021,11,14,14:19:00,62.05065,-175.20718,30.375,1.9809,2,32.7119,2,291.03,2,2104.17,2,2208.27,2,37.81,2,1.85,2,19.68,2,0.04,2,0.1,2
61,E1101.SKQ2021,1.0,1.0,False,SKQ2021,SKQ21 EcoFOCI DBO,2021-11-14,11/14/21,9:51,0:51,,18,11,Niskin; Sterivex 0.22µm filter,95% EtOH,Bering Sea,M8,31.1,62˚ 12.08' N,174˚ 40.80' W,1000.0,Matt Galaska,,62.20133333333333,-174.68,Etc/GMT+12,2021-11-14T00:51:00,2021-11-14T12:51:00Z,11,7.0219,90.168,305.657,32.4839,32.4807,25.9722,25.969,0.4006,1.7756,1.7844,,30.806,62.20133333333333,-174.68,2021-11-14T09:53:49Z,18,31.0,31.0,62.201332,-174.68,,32.4883,32.4818,25.973248,25.968088,0.3864,,1.8109,89.971,,304.713,,1.8102,73.0,,,,,,18,,,,,,,,,,,2021-11-14T09:53:49Z,31.0,33BI20211108,SKQ202115s,M8,M8,,18,10,10,2,1810,2021-11-14T10:06,2021,11,14,10:06:51,62.20158,-174.67962,30.405,1.7931,2,32.4835,2,305.9,2,2088.37,2,2206.01,2,28.85,2,1.5,2,11.69,2,0.09,2,1.19,2
62,E1122.SKQ2021,1.0,1.0,False,SKQ2021,SKQ21 EcoFOCI DBO,2021-11-15,11/14/21,3:51,18:51,,25,12,Niskin; Sterivex 0.22µm filter,95% EtOH,Bering Sea,DBO1.7,31.2,62˚ 47.25' N,173˚ 30.025' W,1000.0,Matt Galaska,,62.7875,-173.50041666666667,Etc/GMT+12,2021-11-14T18:51:00,2021-11-15T06:51:00Z,12,7.6494,94.193,333.139,31.7393,31.7358,25.4585,25.4557,0.6855,0.3477,0.3466,,30.73,62.7875,-173.5005,2021-11-15T03:53:15Z,25,31.0,31.0,62.7875,-173.5005,10.0,31.743,31.7348,25.461432,25.455032,0.7216,,0.3487,94.292,,333.472,,0.3444,69.0,,,,,,25,14.1,1.336,0.21,5.3,2.66,,,,,,2021-11-15T03:53:15Z,31.0,33BI20211108,SKQ202115s,DBO1-7,DBO1,7,25,10,10,2,72510,2021-11-15T04:02,2021,11,15,4:02:51,62.78838,-173.5002,31.339,0.3437,2,31.7392,2,333.05,2,2054.39,2,2156.07,2,13.75,2,1.3,2,5.17,2,0.2,2,2.59,2
63,E1145.SKQ2021,1.0,1.0,False,SKQ2021,SKQ21 EcoFOCI DBO,2021-11-16,11/16/21,16:31,7:31,,34,3,Niskin; Sterivex 0.22µm filter,95% EtOH,Bering Sea,DBO2.3,33.7,64˚ 40.19' N,168˚ 14.14' W,1000.0,Matt Galaska,,64.66983333333333,-168.23566666666667,Etc/GMT+11,2021-11-16T07:31:00,2021-11-16T18:31:00Z,3,7.5911,93.548,330.515,32.0655,32.0595,25.7241,25.7193,0.4482,0.2905,0.2891,,33.741,64.66983333333333,-168.23583333333335,2021-11-16T16:33:52Z,34,34.0,34.0,64.66983,-168.23584,1.0,32.0658,32.0594,25.724411,25.71932,0.4371,,0.2896,93.815,,331.464,,0.2882,38.0,,,,,,34,18.4,1.294,0.12,6.3,2.18,,,,,,2021-11-16T16:33:52Z,34.0,33BI20211108,SKQ202115s,DBO2-3,DBO2,3,34,1,1,2,33401,2021-11-16T16:36,2021,11,16,16:36:18,64.66988,-168.23572,33.644,0.2899,2,32.0655,2,329.48,2,2061.94,2,2177.23,2,17.94,2,1.26,2,6.14,2,0.12,2,2.12,2
64,E1074.SKQ2021,1.0,1.0,False,SKQ2021,SKQ21 EcoFOCI DBO,2021-11-10,11/10/21,18:39,9:39,,8,2,Niskin; Sterivex 0.22µm filter,95% EtOH,Arctic Ocean,DBO4.6,37.0,71˚ 51.042' N,162˚ 10.215' W,1000.0,Matt Galaska,,71.8507,-162.17025,Etc/GMT+11,2021-11-10T09:39:00,2021-11-10T20:39:00Z,2,5.3422,62.932,232.452,32.781,32.7751,26.3721,26.3673,0.2499,-1.5963,-1.5971,,37.154,71.85066666666667,-162.16983333333334,2021-11-10T18:39:00Z,8,37.0,37.0,71.85067,-162.16983,1.0,32.781,32.7742,26.372078,26.366581,0.2583,,-1.596,63.042,,232.853,,-1.5971,42.0,,,,,,8,49.4,2.12,0.17,12.8,5.05,,,,,,2021-11-10T18:39:00Z,37.0,33BI20211108,SKQ202115s,DBO4-6,DBO4,6,8,1,1,2,60801,2021-11-10T18:42,2021,11,10,18:42:38,71.85032,-162.17276,37.163,-1.596,2,32.7803,2,231.62,2,2217.48,2,2241.73,2,48.12,2,2.07,2,12.47,2,0.17,2,4.92,2
65,E1082.SKQ2021,1.0,1.0,False,SKQ2021,SKQ21 EcoFOCI DBO,2021-11-12,11/11/21,3:15,18:15,,11,2,Niskin; Sterivex 0.22µm filter,95% EtOH,Arctic Ocean,DBO3.2,38.4,68˚ 15.04' N,167˚ 7.305' W,1000.0,Matt Galaska,,68.25066666666666,-167.12175,America/Anchorage,2021-11-11T18:15:00,2021-11-12T03:15:00Z,2,7.4672,92.966,325.237,31.6493,31.6409,25.3632,25.3565,0.2831,0.7942,0.7933,,38.407,68.24933333333334,-167.12333333333333,2021-11-12T03:14:11Z,11,38.0,38.0,68.24934,-167.12334,1.0,31.6501,31.6397,25.363726,25.355438,0.2577,,0.7951,92.687,,324.256,,0.7937,43.0,,,,,,11,26.4,1.533,0.23,8.4,3.35,,,,,,2021-11-12T03:14:11Z,38.0,33BI20211108,SKQ202115s,DBO3-2,DBO3,2,11,1,1,2,21101,2021-11-12T03:17,2021,11,12,3:17:25,68.25034,-167.12238,38.402,0.7943,2,31.6496,2,324.52,2,2056.25,2,2169.1,2,25.74,2,1.49,2,8.19,2,0.22,2,3.27,2
66,E1071.SKQ2021,1.0,1.0,False,SKQ2021,SKQ21 EcoFOCI DBO,2021-11-10,11/10/21,14:34,5:34,,7,2,Niskin; Sterivex 0.22µm filter,95% EtOH,Arctic Ocean,DBO4.5,39.0,71˚ 43.12' N,161˚ 46.483' W,1000.0,Matt Galaska,,71.71866666666666,-161.77471666666668,Etc/GMT+11,2021-11-10T05:34:00,2021-11-10T16:34:00Z,2,5.2381,61.704,227.912,32.8329,32.8259,26.4146,26.4089,0.2247,-1.6106,-1.6116,,39.34,71.71916666666667,-161.77433333333335,2021-11-10T14:33:01Z,7,39.0,39.0,71.71917,-161.77434,1.0,32.8335,32.8252,26.41508,26.408365,0.2124,,-1.6106,61.793,,228.235,,-1.6118,44.0,,,,,,7,50.9,2.236,0.07,15.2,5.43,,,,,,2021-11-10T14:33:01Z,39.0,,,,,,,,,,,,,,,,,,,,,,,,,,,,,,,,,,,,,,
67,E1077.SKQ2021,1.0,1.0,False,SKQ2021,SKQ21 EcoFOCI DBO,2021-11-11,11/10/21,5:10,20:10,,9,2,Niskin; Sterivex 0.22µm filter,95% EtOH,Chukchi Sea,C2,40.3,71˚ 0.00' N,164˚ 0.00' W,1000.0,Matt Galaska,,71.0,-164.0,Etc/GMT+11,2021-11-10T20:10:00,2021-11-11T07:10:00Z,2,6.502,79.736,283.195,31.6242,31.6138,25.3717,25.3636,0.1393,0.2211,0.2159,,40.265,71.21833333333333,-164.24283333333332,2021-11-11T05:08:13Z,9,40.0,40.0,71.21833,-164.24283,1.0,31.6179,31.612,25.366898,25.362173,0.128,,0.216,79.757,,283.321,,0.2153,44.0,,,,,,9,22.4,1.4,0.54,4.6,4.38,,,,,,2021-11-11T05:08:13Z,40.0,33BI20211108,SKQ202115s,CK2,CK,,9,1,1,2,901,2021-11-11T05:12,2021,11,11,5:12:39,71.2183,-164.24284,40.276,0.2205,2,31.6232,2,283.84,2,2092.79,2,2094.27,3,21.84,2,1.37,2,4.49,2,0.53,2,4.27,2
68,E1136.SKQ2021,1.0,1.0,False,SKQ2021,SKQ21 EcoFOCI DBO,2021-11-16,11/15/21,0:44,15:44,,30,3,Niskin; Sterivex 0.22µm filter,95% EtOH,Bering Sea,DBO2.2,40.8,64˚ 40.8' N,169˚ 6.04' W,1000.0,Matt Galaska,,64.68,-169.10066666666665,Etc/GMT+11,2021-11-15T15:44:00,2021-11-16T02:44:00Z,3,7.7829,93.435,338.818,32.1936,32.1859,25.8704,25.8642,0.5285,-0.736,-0.7367,,40.943,64.68033333333334,-169.10066666666665,2021-11-16T00:44:10Z,30,41.0,41.0,64.680336,-169.10066,1.0,32.1849,32.1758,25.863901,25.856585,0.4894,,-0.7513,93.65,,339.76,,-0.7527,44.0,,,,,,30,29.8,1.835,0.16,12.5,3.34,,,,,,2021-11-16T00:44:10Z,41.0,33BI20211108,SKQ202115s,DBO2-2,DBO2,2,30,1,1,2,23001,2021-11-16T00:46,2021,11,16,0:46:55,64.68026,-169.10056,41.307,-0.7329,2,32.1946,2,339.64,2,2088.44,2,2192.93,2,29.04,2,1.79,2,12.18,2,0.16,2,3.26,2
69,E1068.SKQ2021,1.0,1.0,False,SKQ2021,SKQ21 EcoFOCI DBO,2021-11-10,11/10/21,12:18,3:18,,6,2,Niskin; Sterivex 0.22µm filter,95% EtOH,Chukchi Sea,CEO,42.0,71˚ 35.45' N,161˚ 31.49' W,1000.0,Matt Galaska,,71.59083333333334,-161.52483333333333,Etc/GMT+11,2021-11-10T03:18:00,2021-11-10T14:18:00Z,2,5.4109,63.873,235.443,32.7704,32.7643,26.3615,26.3566,0.1376,-1.5172,-1.5181,,42.303,71.59116666666667,-161.523,2021-11-10T12:13:45Z,6,42.0,42.0,71.59116,-161.523,1.0,32.7707,32.7638,26.361738,26.356165,0.1402,,-1.5167,63.749,,234.983,,-1.5179,46.0,,,,,,6,47.3,2.18,0.19,13.2,5.89,,,,,,2021-11-10T12:13:45Z,42.0,33BI20211108,SKQ202115s,CEO,CEO,,6,1,1,2,601,2021-11-10T12:17,2021,11,10,12:17:40,71.59064,-161.52592,42.314,-1.5164,2,32.7697,2,234.96,2,2235.48,2,2256.2,2,46.08,2,2.12,2,12.86,2,0.19,2,5.74,2
70,E1133.SKQ2021,1.0,1.0,False,SKQ2021,SKQ21 EcoFOCI DBO,2021-11-15,11/15/21,21:20,12:20,,29,3,Niskin; Sterivex 0.22µm filter,95% EtOH,Bering Sea,DBO2.1,42.6,64˚ 40.21' N,169˚ 55.122' W,1000.0,Matt Galaska,,64.67016666666666,-169.9187,Etc/GMT+11,2021-11-15T12:20:00,2021-11-15T23:20:00Z,3,6.6892,82.229,291.218,32.1774,32.1703,25.8203,25.8147,0.2676,0.1656,0.1641,,42.7,64.67016666666666,-169.92033333333333,2021-11-15T21:21:25Z,29,43.0,43.0,64.670166,-169.92033,1.0,32.1782,32.1698,25.820946,25.814249,0.2353,,0.1661,81.986,,290.353,,0.1645,47.0,,,,,,29,28.6,1.818,0.17,10.8,3.15,,,,,,2021-11-15T21:21:25Z,43.0,33BI20211108,SKQ202115s,DBO2-1,DBO2,1,29,1,1,2,12901,2021-11-15T21:25,2021,11,15,21:25:20,64.67006,-169.92066,42.63,0.1658,2,32.1773,2,290.84,2,2105.91,2,2185.24,2,27.87,2,1.77,2,10.53,2,0.17,2,3.07,2
71,E1062.SKQ2021,1.0,1.0,False,SKQ2021,SKQ21 EcoFOCI DBO,2021-11-10,11/9/21,7:19,22:19,,4,2,Niskin; Sterivex 0.22µm filter,95% EtOH,Chukchi Sea,DBO4.3,43.0,71˚ 27.26' N,161˚ 2.363' W,1000.0,Matt Galaska,,71.45433333333334,-161.03938333333335,Etc/GMT+11,2021-11-09T22:19:00,2021-11-10T09:19:00Z,2,6.5923,80.094,287.008,32.1225,32.1166,25.7951,25.7904,0.1112,-0.2657,-0.2677,,43.344,71.45433333333334,-161.03933333333333,2021-11-10T07:21:59Z,4,43.0,43.0,71.45433,-161.03934,1.0,32.1225,32.1157,25.795477,25.79013,0.1133,,-0.2751,80.197,,287.448,,-0.2787,47.0,,,,,,4,25.1,1.685,0.6,6.0,5.22,,,,,,2021-11-10T07:21:59Z,43.0,33BI20211108,SKQ202115s,DBO4-3,DBO4,3,4,1,1,2,30401,2021-11-10T07:26,2021,11,10,7:26:07,71.4544,-161.03939,43.35,-0.2743,2,32.1222,2,287.41,2,2116.67,2,2194.13,2,24.46,2,1.64,2,5.85,2,0.58,2,5.09,2
72,E1065.SKQ2021,1.0,1.0,False,SKQ2021,SKQ21 EcoFOCI DBO,2021-11-10,11/10/21,10:26,1:26,,5,3,Niskin; Sterivex 0.22µm filter,95% EtOH,Chukchi Sea,DBO4.4,43.0,71˚ 35.34' N,161˚ 24.35' W,1000.0,Matt Galaska,,71.589,-161.40583333333333,Etc/GMT+11,2021-11-10T01:26:00,2021-11-10T12:26:00Z,3,5.3715,63.395,233.729,32.7823,32.7781,26.3714,26.3681,0.1192,-1.5283,-1.5293,,43.311,71.589,-161.4065,2021-11-10T10:27:49Z,5,43.0,43.0,71.589,-161.4065,1.0,32.7827,32.7779,26.371777,26.367907,0.1233,,-1.5283,63.569,,234.368,,-1.5294,48.0,,,,,,5,45.1,2.171,0.17,13.5,5.85,,,,,,2021-11-10T10:27:49Z,43.0,33BI20211108,SKQ202115s,DBO4-4,DBO4,4,5,1,1,2,40501,2021-11-10T10:31,2021,11,10,10:31:52,71.5889,-161.40919,43.282,-1.527,2,32.7809,2,233.81,2,2243.93,2,2254.52,2,43.93,2,2.11,2,13.15,2,0.17,2,5.7,2
73,E1059.SKQ2021,1.0,1.0,False,SKQ2021,SKQ21 EcoFOCI DBO,2021-11-10,11/9/21,4:55,19:55,,3,2,Niskin; Sterivex 0.22µm filter,95% EtOH,Chukchi Sea,DBO4.2,43.0,71˚ 19.308' N,160˚ 39.4' W,1000.0,Matt Galaska,,71.3218,-160.65666666666667,Etc/GMT+11,2021-11-09T19:55:00,2021-11-10T06:55:00Z,2,6.48,77.396,282.047,32.4094,32.4049,26.0534,26.05,0.0923,-0.985,-0.9894,,43.305,71.32183333333333,-160.65683333333334,2021-11-10T04:54:19Z,3,43.0,43.0,71.32183,-160.65683,1.0,32.3957,32.3882,26.04159,26.035536,0.0919,,-0.9614,77.943,,283.888,,-0.9621,48.0,,,,,,3,29.1,1.834,0.37,8.7,4.64,,,,,,2021-11-10T04:54:19Z,43.0,33BI20211108,SKQ202115s,DBO4-2,DBO4,2,3,1,1,2,20301,2021-11-10T04:59,2021,11,10,4:59:35,71.32166,-160.65658,43.273,-0.9991,2,32.4186,2,282.92,2,2164.38,2,2219.2,2,28.36,2,1.79,2,8.48,2,0.36,2,4.52,2
74,E1085.SKQ2021,1.0,1.0,False,SKQ2021,SKQ21 EcoFOCI DBO,2021-11-12,11/11/21,5:26,20:26,,13,4,Niskin; Sterivex 0.22µm filter,95% EtOH,Chukchi Sea,DBO3.3,43.0,68˚ 11.431' N,167˚ 17.47' W,1000.0,Matt Galaska,,68.19051666666667,-167.29116666666667,Etc/GMT+11,2021-11-11T20:26:00,2021-11-12T07:26:00Z,4,7.1307,88.956,310.541,31.82,31.8181,25.4986,25.4972,0.2562,0.8264,0.8245,,43.143,68.1905,-167.29133333333334,2021-11-12T05:25:50Z,13,43.0,43.0,68.1905,-167.29134,1.0,31.819,31.8172,25.497843,25.496456,0.2335,,0.8264,88.903,,310.359,,0.8253,46.0,,,,,,13,29.6,1.733,0.24,10.8,3.98,,,,,,2021-11-12T05:25:50Z,43.0,33BI20211108,SKQ202115s,DBO3-3,DBO3,3,13,1,1,2,31301,2021-11-12T05:29,2021,11,12,5:29:33,68.191,-167.29048,43.134,0.8262,2,31.8201,2,310.38,2,2084.49,2,2176.74,2,28.86,2,1.69,2,10.53,2,0.23,2,3.88,2
75,E1142.SKQ2021,1.0,1.0,False,SKQ2021,SKQ21 EcoFOCI DBO,2021-11-16,11/16/21,10:31,1:31,,33,3,Niskin; Sterivex 0.22µm filter,95% EtOH,Bering Sea,DBO2.4,44.0,64˚ 57.53' N,169˚ 52.82' W,1000.0,Matt Galaska,,64.95883333333333,-169.88033333333334,Etc/GMT+11,2021-11-16T01:31:00,2021-11-16T12:31:00Z,3,7.1146,85.311,309.818,31.8136,31.8071,25.561,25.5558,0.3674,-0.6798,-0.681,,44.181,64.9585,-169.88,2021-11-16T10:30:20Z,33,44.0,44.0,64.9585,-169.88,1.0,31.8136,31.8061,25.560852,25.554827,0.3747,,-0.6756,85.385,,310.051,,-0.6768,48.0,,,,,,33,24.4,1.749,0.16,8.3,3.36,,,,,,2021-11-16T10:30:20Z,44.0,33BI20211108,SKQ202115s,DBO2-4,DBO2,4,33,1,1,2,43301,2021-11-16T10:34,2021,11,16,10:34:11,64.95925,-169.88123,44.061,-0.6793,2,31.8135,2,310.47,2,2096.07,2,2171.65,2,23.79,2,1.71,2,8.09,2,0.16,2,3.28,2
76,E1139.SKQ2021,1.0,1.0,False,SKQ2021,SKQ21 EcoFOCI DBO,2021-11-16,11/15/21,7:03,22:03,,32,3,Niskin; Sterivex 0.22µm filter,95% EtOH,Bering Sea,DBO2.5,44.4,64˚ 59.39' N,169˚ 8.39' W,1000.0,Matt Galaska,,64.98983333333334,-169.13983333333334,Etc/GMT+11,2021-11-15T22:03:00,2021-11-16T09:03:00Z,3,7.5705,91.607,329.589,32.1385,32.1288,25.8143,25.8066,0.3783,-0.4231,-0.4245,,44.387,64.98983333333334,-169.14016666666666,2021-11-16T07:01:37Z,32,44.0,44.0,64.98983,-169.14017,1.0,32.1382,32.1266,25.81408,25.804762,0.3039,,-0.4231,91.718,,329.988,,-0.4246,48.0,,,,,,32,28.5,1.788,0.18,11.9,3.34,,,,,,2021-11-16T07:01:37Z,44.0,33BI20211108,SKQ202115s,DBO2-5,DBO2,5,32,1,1,2,53201,2021-11-16T07:05,2021,11,16,7:05:10,64.98992,-169.1392,44.315,-0.4232,2,32.1366,2,329.92,2,2100.92,2,2182.71,2,27.78,2,1.74,2,11.6,2,0.18,2,3.26,2
77,E1097.SKQ2021,1.0,1.0,False,SKQ2021,SKQ21 EcoFOCI DBO,2021-11-12,11/12/21,15:39,6:39,,17,4,Niskin; Sterivex 0.22µm filter,95% EtOH,Chukchi Sea,DBO3.7,45.0,67˚ 46.97' N,168˚ 35.698' W,1000.0,Matt Galaska,,67.78283333333333,-168.59496666666666,Etc/GMT+11,2021-11-12T06:39:00,2021-11-12T17:39:00Z,4,2.615,31.756,113.756,33.1592,33.1541,26.6451,26.641,0.3066,-0.5604,-0.5615,,45.086,67.783,-168.59516666666667,2021-11-12T15:38:01Z,17,45.0,45.0,67.783,-168.59517,1.0,33.1601,33.1544,26.645817,26.641254,0.3127,,-0.5607,31.843,,114.066,,-0.5619,50.0,,,,,,17,60.8,2.417,1.19,12.7,12.33,,,,,,2021-11-12T15:38:01Z,45.0,33BI20211108,SKQ202115s,DBO3-7,DBO3,7,17,1,1,2,71701,2021-11-12T15:41,2021,11,12,15:41:03,67.78302,-168.5954,45.082,-0.5597,2,33.1593,2,113.7,2,2345.52,2,2285.25,2,59.21,2,2.35,2,12.37,2,1.16,2,12.01,2
78,E1088.SKQ2021,1.0,1.0,False,SKQ2021,SKQ21 EcoFOCI DBO,2021-11-12,11/11/21,,,,14,4,Niskin; Sterivex 0.22µm filter,95% EtOH,Chukchi Sea,DBO3.4,45.0,68˚ 7.00' N,167˚ 29' W,1000.0,Matt Galaska,,68.11666666666666,-167.48333333333332,Etc/GMT+11,,,4,6.6151,83.355,288.07,31.9174,31.9112,25.556,25.5511,0.2613,1.1886,1.1873,,45.233,68.1325,-167.48783333333333,2021-11-12T07:05:36Z,14,45.0,45.0,68.1325,-167.48784,1.0,31.9181,31.9104,25.556532,25.550365,0.2403,,1.1888,83.634,,289.035,,1.1885,49.0,,,,,,14,33.4,1.798,0.24,11.2,4.47,,,,,,2021-11-12T07:05:36Z,45.0,33BI20211108,SKQ202115s,DBO3-4,DBO3,4,14,1,1,2,41401,2021-11-12T07:09,2021,11,12,7:09:51,68.1326,-167.48806,45.234,1.1884,2,31.9176,2,288.5,2,2101.91,2,2184.28,2,32.56,2,1.75,2,10.92,2,0.23,2,4.36,2
79,E1130.SKQ2021,1.0,1.0,False,SKQ2021,SKQ21 EcoFOCI DBO,2021-11-15,11/15/21,12:54,3:54,,28,3,Niskin; Sterivex 0.22µm filter,95% EtOH,Bering Sea,DBO1.10,45.5,63˚ 36.29' N,172˚ 35.59' W,1000.0,Matt Galaska,,63.60483333333333,-172.59316666666666,Etc/GMT+12,2021-11-15T03:54:00,2021-11-15T15:54:00Z,3,5.4503,68.281,237.189,32.7157,32.7113,26.2235,26.22,0.133,0.7493,0.7481,,45.053,63.60466666666667,-172.593,2021-11-15T12:53:28Z,28,45.0,45.0,63.604668,-172.593,,32.712,32.7065,26.219843,26.215538,0.1081,,0.7607,68.783,,238.873,,0.7586,53.0,,,,,,28,,,,,,,,,,,2021-11-15T12:53:28Z,45.0,33BI20211108,SKQ202115s,DBO1-10,DBO1,10,28,1,1,2,102801,2021-11-15T12:56,2021,11,15,12:56:40,63.60554,-172.59342,45.638,0.7489,2,32.7157,2,237.81,2,2160.01,2,2201.35,2,50.17,2,2.36,2,20.46,2,0.25,2,4.36,2
80,E1053.SKQ2021,1.0,1.0,False,SKQ2021,SKQ21 EcoFOCI DBO,2021-11-08,11/8/21,22:04,13:04,,1,4,Niskin; Sterivex 0.22µm filter,95% EtOH,Chukchi Sea,DBO3.8,46.0,67˚ 40.598' N,168˚ 56.97' W,1000.0,Matt Galaska,,67.67663333333333,-168.9495,Etc/GMT+11,2021-11-08T13:04:00,2021-11-09T00:04:00Z,,,,,,,,,,,,,,,,,,,,,,,,,,,,,,,,,,,,,,,,,,,,,,,,,,,,,,33BI20211108,SKQ202115s,DBO3-8,DBO3,8,1,3,3,2,80103,2021-11-08T22:04,2021,11,8,22:04:14,67.67658,-168.949,46.149,0.3042,2,32.9604,2,87.07,2,2340.32,2,2286.14,2,85.81,2,2.57,2,15.39,2,0.81,2,12.06,2
81,E1091.SKQ2021,1.0,1.0,False,SKQ2021,SKQ21 EcoFOCI DBO,2021-11-12,11/12/21,9:37,0:37,,15,4,Niskin; Sterivex 0.22µm filter,95% EtOH,Chukchi Sea,DBO3.5,48.5,68˚ 0.78' N,167˚ 53.12' W,1000.0,Matt Galaska,,68.013,-167.88533333333334,Etc/GMT+11,2021-11-12T00:37:00,2021-11-12T11:37:00Z,4,4.2544,51.116,185.091,32.9919,32.988,26.5231,26.5199,0.3542,-0.9169,-0.9181,,48.429,68.01316666666666,-167.87933333333334,2021-11-12T09:39:57Z,15,48.0,48.0,68.01317,-167.87933,1.0,32.9926,32.9882,26.52363,26.520107,0.3399,,-0.9171,51.192,,185.365,,-0.9183,52.0,,,,,,15,55.3,2.361,0.45,12.2,7.29,,,,,,2021-11-12T09:39:57Z,48.0,33BI20211108,SKQ202115s,DBO3-5,DBO3,5,15,1,1,2,51501,2021-11-12T09:44,2021,11,12,9:44:21,68.01308,-167.88177,48.443,-0.9169,2,32.9921,2,184.8,2,2275.26,2,2257.85,2,53.86,2,2.3,2,11.88,2,0.44,2,7.1,2
82,E1056.SKQ2021,1.0,1.0,False,SKQ2021,SKQ21 EcoFOCI DBO,2021-11-10,11/9/21,2:39,17:39,,2,3,Niskin; Sterivex 0.22µm filter,95% EtOH,Chukchi Sea,DBO4.1,49.0,71˚ 11.589' N,160˚ 15.884' W,1000.0,Matt Galaska,,71.19315,-160.26473333333334,Etc/GMT+11,2021-11-09T17:39:00,2021-11-10T04:39:00Z,3,6.2981,74.99,274.119,32.46,32.4604,26.0985,26.0991,0.1966,-1.1147,-1.1261,,49.348,71.1935,-160.26483333333334,2021-11-10T02:43:21Z,2,49.0,49.0,71.1935,-160.26483,1.0,32.4796,32.4677,26.1149,26.105236,0.1792,,-1.1325,74.611,,272.82,,-1.1319,53.0,,,,,,2,36.7,1.955,0.15,11.7,4.35,,,,,,2021-11-10T02:43:21Z,49.0,33BI20211108,SKQ202115s,DBO4-1,DBO4,1,2,1,1,2,10201,2021-11-10T02:47,2021,11,10,2:47:13,71.19399,-160.2651,49.331,-1.1167,2,32.4607,2,274.96,2,2174.18,2,2231.94,2,35.76,2,1.9,2,11.4,2,0.15,2,4.24,2
83,E1094.SKQ2021,1.0,1.0,False,SKQ2021,SKQ21 EcoFOCI DBO,2021-11-12,11/12/21,12:56,3:56,,16,4,Niskin; Sterivex 0.22µm filter,95% EtOH,Chukchi Sea,DBO3.6,52.7,68˚ 53.00' N,167˚ 13' W,1000.0,Matt Galaska,,68.88333333333334,-167.21666666666667,Etc/GMT+11,2021-11-12T03:56:00,2021-11-12T14:56:00Z,4,1.7926,22.212,77.994,32.9598,32.9519,26.4465,26.4402,0.3376,0.2608,0.2597,,52.693,67.90133333333333,-168.23633333333333,2021-11-12T12:57:06Z,16,53.0,53.0,67.90134,-168.23633,1.0,32.9502,32.9424,26.437235,26.431393,0.3184,,0.29,22.208,,77.929,,0.2813,57.0,,,,,,16,93.0,2.619,1.04,15.1,13.33,,,,,,2021-11-12T12:57:06Z,53.0,33BI20211108,SKQ202115s,DBO3-6,DBO3,6,16,1,1,2,61601,2021-11-12T13:00,2021,11,12,13:00:27,67.90132,-168.2358,52.708,0.2612,2,32.96,2,78.01,2,2356.7,2,2295.47,2,90.58,2,2.55,2,14.71,2,1.01,2,12.98,2
84,E1118.SKQ2021,1.0,1.0,False,SKQ2021,SKQ21 EcoFOCI DBO,2021-11-15,11/14/21,0:00,15:00,,24,3,Niskin; Sterivex 0.22µm filter,95% EtOH,Bering Sea,DBO1.6,60.2,62˚ 33.63' N,173˚ 33.027' W,1000.0,Matt Galaska,,62.5605,-173.55045,Etc/GMT+12,2021-11-14T15:00:00,2021-11-15T03:00:00Z,3,5.203,64.165,226.48,32.3856,32.3811,25.985,25.9814,0.2236,0.2321,0.2305,,60.405,62.56066666666667,-173.55016666666666,2021-11-15T00:37:00Z,24,60.0,60.0,62.560665,-173.55017,,32.3847,32.3795,25.98429,25.980179,0.2324,,0.2316,64.241,,226.754,,0.2299,66.0,,,,,,24,,,,,,,,,,,2021-11-15T00:37:00Z,60.0,33BI20211108,SKQ202115s,DBO1-6,DBO1,6,24,1,1,2,62401,2021-11-15T00:41,2021,11,15,0:41:04,62.5608,-173.54959,60.941,0.2323,2,32.3857,2,226.33,2,2180.38,2,2212.77,2,53.49,2,2.54,2,15.01,2,0.19,2,6.32,2
85,E1127.SKQ2021,1.0,1.0,False,SKQ2021,SKQ21 EcoFOCI DBO,2021-11-15,11/15/21,9:34,0:34,,27,3,Niskin; Sterivex 0.22µm filter,95% EtOH,Bering Sea,DBO1.9,60.9,63˚ 16.7' N,173˚ 16.86' W,1000.0,Matt Galaska,,63.278333333333336,-173.281,Etc/GMT+12,2021-11-15T00:34:00,2021-11-15T12:34:00Z,3,5.3672,66.745,233.587,32.6294,32.6256,26.1684,26.1655,0.1852,0.487,0.4858,,59.981,63.279666666666664,-173.281,2021-11-15T09:34:19Z,27,60.0,60.0,63.279667,-173.281,1.0,32.6287,32.6255,26.167896,26.165379,0.114,,0.4866,67.03,,234.59,,0.4855,70.0,,,,,,27,50.1,2.388,0.23,18.2,4.52,,,,,,2021-11-15T09:34:19Z,60.0,33BI20211108,SKQ202115s,DBO1-9,DBO1,9,27,1,1,2,92701,2021-11-15T09:39,2021,11,15,9:39:17,63.2797,-173.281,59.9,0.4885,2,32.628,2,234.37,2,2159.49,2,2210.66,2,48.81,2,2.33,2,17.73,2,0.22,2,4.4,2
86,E1115.SKQ2021,1.0,1.0,False,SKQ2021,SKQ21 EcoFOCI DBO,2021-11-14,11/14/21,22:19,13:19,,23,3,Niskin; Sterivex 0.22µm filter,95% EtOH,Bering Sea,DBO1.5,62.6,62˚ 28.1' N,174˚ 5.07' W,1000.0,Matt Galaska,,62.468333333333334,-174.0845,Etc/GMT+12,2021-11-14T13:19:00,2021-11-15T01:19:00Z,3,5.0012,62.723,217.667,32.5893,32.5853,26.1174,26.1142,0.1926,0.8258,0.8245,,62.576,62.468333333333334,-174.08483333333334,2021-11-14T22:16:55Z,23,63.0,63.0,62.468334,-174.08484,1.0,32.5894,32.5853,26.117498,26.114283,0.2021,,0.8255,62.822,,218.012,,0.8241,67.0,,,,,,23,58.1,2.645,0.14,21.4,4.12,,,,,,2021-11-14T22:16:55Z,63.0,33BI20211108,SKQ202115s,DBO1-5,DBO1,5,23,1,1,2,52301,2021-11-14T22:21,2021,11,14,22:21:28,62.4685,-174.08446,62.851,0.8257,2,32.5892,2,217.18,2,2182.59,2,2215.59,2,56.6,2,2.58,2,20.85,2,0.14,2,4.01,2
87,E1124.SKQ2021,1.0,1.0,False,SKQ2021,SKQ21 EcoFOCI DBO,2021-11-15,11/14/21,5:50,20:50,,26,3,Niskin; Sterivex 0.22µm filter,95% EtOH,Bering Sea,DBO1.8,64.9,63˚ 1.81' N,173˚ 27.66' W,1000.0,Matt Galaska,,63.030166666666666,-173.461,Etc/GMT+12,2021-11-14T20:50:00,2021-11-15T08:50:00Z,3,4.9929,61.291,217.303,32.5501,32.5462,26.1281,26.1251,0.1903,0.0124,0.0112,,64.517,63.030166666666666,-173.46116666666666,2021-11-15T05:52:47Z,26,65.0,65.0,63.030167,-173.46117,1.0,32.5505,32.5464,26.128445,26.12519,0.1729,,0.0126,61.466,,217.922,,0.0114,72.0,,,,,,26,56.6,2.618,0.24,19.9,4.85,,,,,,2021-11-15T05:52:47Z,65.0,33BI20211108,SKQ202115s,DBO1-8,DBO1,8,26,1,1,2,82601,2021-11-15T05:56,2021,11,15,5:56:47,63.03046,-173.4611,64.684,0.0124,2,32.5503,2,217.82,2,2191.47,2,2218.3,2,55.14,2,2.55,2,19.39,2,0.23,2,4.73,2
88,E1112.SKQ2021,1.0,1.0,False,SKQ2021,SKQ21 EcoFOCI DBO,2021-11-14,11/14/21,18:58,9:58,,22,3,Niskin; Sterivex 0.22µm filter,95% EtOH,Bering Sea,DBO1.4,65.4,62˚ 23.42' N,174˚ 34.296' W,1000.0,Matt Galaska,,62.39033333333333,-174.5716,Etc/GMT+12,2021-11-14T09:58:00,2021-11-14T21:58:00Z,3,5.0773,64.615,220.973,32.6708,32.6677,26.1493,26.1469,0.1915,1.3724,1.3711,,65.783,62.39033333333333,-174.57166666666666,2021-11-14T19:01:37Z,22,66.0,66.0,62.390335,-174.57167,,32.6708,32.6675,26.149343,26.146786,0.1747,,1.3722,64.876,,221.871,,1.3708,70.0,,,,,,22,,,,,,,,,,,2021-11-14T19:01:37Z,66.0,33BI20211108,SKQ202115s,DBO1-4,DBO1,4,22,1,1,2,42201,2021-11-14T19:05,2021,11,14,19:05:50,62.39063,-174.57142,65.499,1.3725,2,32.6707,2,221.99,2,2177.79,2,2218.53,2,60.11,2,2.52,2,25.33,2,0.07,2,0.56,2
89,E1121.SKQ2021,1.0,1.0,False,SKQ2021,SKQ21 EcoFOCI DBO,2021-11-15,11/14/21,3:51,18:51,,25,3,Niskin; Sterivex 0.22µm filter,95% EtOH,Bering Sea,DBO1.7,65.6,62˚ 47.25' N,173˚ 30.025' W,1000.0,Matt Galaska,,62.7875,-173.50041666666667,Etc/GMT+12,2021-11-14T18:51:00,2021-11-15T06:51:00Z,3,5.2338,63.803,227.833,32.2983,32.2937,25.9337,25.93,0.2018,-0.1853,-0.1861,,65.577,62.7875,-173.5005,2021-11-15T03:53:15Z,25,66.0,66.0,62.7875,-173.5005,,32.2995,32.2946,25.934607,25.930689,0.1975,,-0.184,63.675,,227.367,,-0.1849,69.0,,,,,,25,,,,,,,,,,,2021-11-15T03:53:15Z,66.0,33BI20211108,SKQ202115s,DBO1-7,DBO1,7,25,1,1,2,72501,2021-11-15T03:56,2021,11,15,3:56:19,62.78803,-173.50028,64.503,-0.2009,2,32.2868,2,227.68,2,2173.63,2,2199.48,2,48.14,2,2.51,2,14.13,2,0.19,2,6.29,2
90,E1100.SKQ2021,1.0,1.0,False,SKQ2021,SKQ21 EcoFOCI DBO,2021-11-14,11/14/21,9:51,0:51,,18,2,Niskin; Sterivex 0.22µm filter,95% EtOH,Bering Sea,M8,68.4,62˚ 12.08' N,174˚ 40.80' W,1000.0,Matt Galaska,,62.20133333333333,-174.68,Etc/GMT+12,2021-11-14T00:51:00,2021-11-14T12:51:00Z,2,6.937,89.08,301.959,32.5031,32.4988,25.9879,25.9845,0.4356,1.7712,1.7707,,68.443,62.20133333333333,-174.68,2021-11-14T09:53:49Z,18,68.0,68.0,62.201332,-174.68,,32.503,32.4978,25.988071,25.983912,0.3405,,1.7675,89.143,,302.204,,1.7674,73.0,,,,,,18,,,,,,,,,,,2021-11-14T09:53:49Z,68.0,33BI20211108,SKQ202115s,M8,M8,,18,1,1,2,1801,2021-11-14T09:58,2021,11,14,9:58:43,62.20148,-174.6798,67.191,1.7712,2,32.503,2,301.42,2,2098.43,6,2204.61,6,27.87,2,1.51,2,10.43,2,0.08,2,1.18,2
91,E1109.SKQ2021,1.0,1.0,False,SKQ2021,SKQ21 EcoFOCI DBO,2021-11-14,11/14/21,17:01,8:01,,21,3,Niskin; Sterivex 0.22µm filter,95% EtOH,Bering Sea,DBO1.3,69.7,62˚ 13.2' N,174˚ 52.67' W,1000.0,Matt Galaska,,62.22,-174.87783333333334,Etc/GMT+12,2021-11-14T08:01:00,2021-11-14T20:01:00Z,3,6.6336,85.707,288.724,32.6526,32.6491,26.0933,26.0906,0.2379,1.9721,1.9709,,70.053,62.220166666666664,-174.878,2021-11-14T17:01:40Z,21,70.0,70.0,62.220165,-174.878,1.0,32.6534,32.6501,26.094181,26.09162,0.2274,,1.969,85.586,,288.34,,1.9679,75.0,,,,,,21,36.8,1.779,0.1,17.5,0.42,,,,,,2021-11-14T17:01:40Z,70.0,33BI20211108,SKQ202115s,DBO1-3,DBO1,3,21,1,1,2,32101,2021-11-14T17:06,2021,11,14,17:06:14,62.2206,-174.87712,69.929,1.9712,2,32.6533,2,288.19,2,2113.05,2,2219.42,2,35.85,2,1.73,2,17.05,2,0.1,2,0.41,2
92,E1103.SKQ2021,1.0,1.0,False,SKQ2021,SKQ21 EcoFOCI DBO,2021-11-14,11/14/21,12:06,3:06,,19,3,Niskin; Sterivex 0.22µm filter,95% EtOH,Bering Sea,DBO1.1,73.9,62˚ 0.00' N,175˚ 04' W,1000.0,Matt Galaska,,62.0,-175.06666666666666,Etc/GMT+12,2021-11-14T03:06:00,2021-11-14T15:06:00Z,3,6.6439,85.994,289.161,32.6984,32.6952,26.1257,26.1232,0.1938,2.031,2.0295,,73.516,62.0115,-175.06016666666667,2021-11-14T12:08:40Z,19,74.0,74.0,62.0115,-175.06017,1.0,32.6989,32.6954,26.12603,26.123331,0.2092,,2.0315,86.574,,291.111,,2.0301,79.0,,,,,,19,38.1,1.834,0.09,19.1,0.15,,,,,,2021-11-14T12:08:40Z,74.0,33BI20211108,SKQ202115s,DBO1-1,DBO1,1,19,1,1,2,11901,2021-11-14T12:13,2021,11,14,12:13:59,62.01248,-175.05975,73.573,2.0304,2,32.6982,2,291.18,2,2105.63,2,2214.04,2,37.12,2,1.79,2,18.61,2,0.09,2,0.15,2
93,E1106.SKQ2021,1.0,1.0,False,SKQ2021,SKQ21 EcoFOCI DBO,2021-11-14,11/14/21,14:06,5:06,,20,3,Niskin; Sterivex 0.22µm filter,95% EtOH,Bering Sea,DBO1.2,75.9,62˚ 2.957' N,175˚ 12.518' W,1000.0,Matt Galaska,,62.049283333333335,-175.20863333333332,Etc/GMT+12,2021-11-14T05:06:00,2021-11-14T17:06:00Z,3,6.6699,86.147,290.284,32.7244,32.719,26.1532,26.149,0.2459,1.9396,1.9381,,75.439,62.048833333333334,-175.209,2021-11-14T14:08:01Z,20,75.0,75.0,62.048832,-175.209,,32.7254,32.7189,26.15399,26.148907,0.2242,,1.9396,86.428,,291.232,,1.9379,80.0,,,,,,20,,,,,,,,,,,2021-11-14T14:08:01Z,75.0,33BI20211108,SKQ202115s,DBO1-2,DBO1,2,20,1,1,2,22001,2021-11-14T14:12,2021,11,14,14:12:26,62.04978,-175.20808,75.859,1.9396,2,32.7245,2,290.82,2,2124.82,2,2212.47,2,38.38,2,1.86,2,19.97,2,0.05,2,0.11,2
94,START.NC.SKQ2021,,,True,SKQ2021,SKQ21 EcoFOCI DBO,2021-11-08,11/8/21,,,,,,Sterivex 0.22µm filter,95% EtOH,,,,,,1000.0,Matt Galaska,,,,,,,,,,,,,,,,,,,,,,,,,,,,,,,,,,,,,,,,,,,,,,,,,,,,,,,,,,,,,,,,,,,,,,,,,,,,,,,,,,,,,,,,,,,,,,,,,
95,MID.NC.SKQ2021,1.0,1.0,True,SKQ2021,SKQ21 EcoFOCI DBO,2021-11-14,11/14/21,,,,,,Sterivex 0.22µm filter,95% EtOH,,,,,,,,,,,,,,,,,,,,,,,,,,,,,,,,,,,,,,,,,,,,,,,,,,,,,,,,,,,,,,,,,,,,,,,,,,,,,,,,,,,,,,,,,,,,,,,,,,,,,,,,
96,END.NC.SKQ2021,1.0,1.0,True,SKQ2021,SKQ21 EcoFOCI DBO,2021-11-16,11/16/21,,,,,,Sterivex 0.22µm filter,95% EtOH,,,,,,1000.0,Matt Galaska,,,,,,,,,,,,,,,,,,,,,,,,,,,,,,,,,,,,,,,,,,,,,,,,,,,,,,,,,,,,,,,,,,,,,,,,,,,,,,,,,,,,,,,,,,,,,,,,,
